{"type": "FeatureCollection", "features": [{"id": "0", "type": "Feature", "properties": {"location_uid": "MBH36/01_GE/95/08.8-Z6pxY6JKR+2j", "HOLE_ID": "MBH36/01", "HOLE_TYPE": "CP+RO+RC", "HOLE_STAR": "17/1/1996", "HOLE_ENDD": "22/1/1996", "HOLE_REM": "."}, "geometry": {"type": "LineString", "coordinates": [[114.20145117150865, 22.32125672341831, -6.66869698404255], [114.20145119963064, 22.321256709020414, -77.31869682724309]]}}, {"id": "1", "type": "Feature", "properties": {"location_uid": "MBH36/02_GE/95/08.8-Z6pxY6JKR+2j", "HOLE_ID": "MBH36/02", "HOLE_TYPE": "CP+RO+RC", "HOLE_STAR": "22/1/1996", "HOLE_ENDD": "24/1/1996", "HOLE_REM": "."}, "geometry": {"type": "LineString", "coordinates": [[114.20096085859217, 22.32035825347318, -5.2690430344478845], [114.20096087435455, 22.32035824540302, -44.86904294650311]]}}, {"id": "2", "type": "Feature", "properties": {"location_uid": "MBH36/03_GE/95/08.8-Z6pxY6JKR+2j", "HOLE_ID": "MBH36/03", "HOLE_TYPE": "CP+RO+RC", "HOLE_STAR": "24/1/1996", "HOLE_ENDD": "27/1/1996", "HOLE_REM": "In situ vane shear test carried at 1.50m."}, "geometry": {"type": "LineString", "coordinates": [[114.2026573074221, 22.31944951381884, -8.259485592808415], [114.2026573341112, 22.319449500154086, -75.30948544362705]]}}, {"id": "3", "type": "Feature", "properties": {"location_uid": "MBH45/01_GE/95/08.8-Z6pxY6JKR+2j", "HOLE_ID": "MBH45/01", "HOLE_TYPE": "CP+RO+RC", "HOLE_STAR": "10/1/1996", "HOLE_ENDD": "17/1/1996", "HOLE_REM": "In situ vane shear test carried at 1.00m."}, "geometry": {"type": "LineString", "coordinates": [[114.20484449314671, 22.31674448762939, -7.14391899822104], [114.20484450895322, 22.316744479536037, -46.853918909522115]]}}, {"id": "4", "type": "Feature", "properties": {"location_uid": "MBH55/01_GE/95/08.8-Z6pxY6JKR+2j", "HOLE_ID": "MBH55/01", "HOLE_TYPE": "CP+RO+RC", "HOLE_STAR": "6/1/1996", "HOLE_ENDD": "9/1/1996", "HOLE_REM": "In situ vane shear test carried at 1.50m and 2.50m."}, "geometry": {"type": "LineString", "coordinates": [[114.20824198222671, 22.314479893892496, -8.72370789811879], [114.20824200146097, 22.31447988404363, -57.043707789743]]}}, {"id": "5", "type": "Feature", "properties": {"location_uid": "MVC35/01_GE/95/08.8-Z6pxY6JKR+2j", "HOLE_ID": "MVC35/01", "HOLE_TYPE": "VC", "HOLE_STAR": "31/1/1996", "HOLE_ENDD": "31/1/1996", "HOLE_REM": "."}, "geometry": {"type": "LineString", "coordinates": [[114.2029104641862, 22.318543705092218, -6.2564498394469314], [114.20291046641525, 22.318543703950944, -11.856449826974362]]}}, {"id": "6", "type": "Feature", "properties": {"location_uid": "MVC36/01_GE/95/08.8-Z6pxY6JKR+2j", "HOLE_ID": "MVC36/01", "HOLE_TYPE": "VC", "HOLE_STAR": "30/1/1996", "HOLE_ENDD": "30/1/1996", "HOLE_REM": "Vibrocore terminated due to refusal."}, "geometry": {"type": "LineString", "coordinates": [[114.20077652057668, 22.32080981064039, -4.270812779490925], [114.20077652276588, 22.320809809519556, -9.77081276728337]]}}, {"id": "7", "type": "Feature", "properties": {"location_uid": "MVC36/02_GE/95/08.8-Z6pxY6JKR+2j", "HOLE_ID": "MVC36/02", "HOLE_TYPE": "VC", "HOLE_STAR": "30/1/1996", "HOLE_ENDD": "30/1/1996", "HOLE_REM": "."}, "geometry": {"type": "LineString", "coordinates": [[114.20101542985847, 22.321618915893445, -5.871414891595128], [114.20101543212728, 22.32161891473185, -11.57141487895253]]}}, {"id": "8", "type": "Feature", "properties": {"location_uid": "MVC36/03_GE/95/08.8-Z6pxY6JKR+2j", "HOLE_ID": "MVC36/03", "HOLE_TYPE": "VC", "HOLE_STAR": "30/1/1996", "HOLE_ENDD": "30/1/1996", "HOLE_REM": "Vibrocore terminated due to refusal."}, "geometry": {"type": "LineString", "coordinates": [[114.20135112057982, 22.32080791800812, -7.36821531871828], [114.20135112284864, 22.320807916846515, -13.068215306062749]]}}, {"id": "9", "type": "Feature", "properties": {"location_uid": "MVC36/04_GE/95/08.8-Z6pxY6JKR+2j", "HOLE_ID": "MVC36/04", "HOLE_TYPE": "VC", "HOLE_STAR": "30/1/1996", "HOLE_ENDD": "30/1/1996", "HOLE_REM": "."}, "geometry": {"type": "LineString", "coordinates": [[114.2019363971295, 22.320810537451415, -8.165579050452678], [114.20193639911973, 22.320810536432457, -13.165579039347824]]}}, {"id": "10", "type": "Feature", "properties": {"location_uid": "MVC36/05_GE/95/08.8-Z6pxY6JKR+2j", "HOLE_ID": "MVC36/05", "HOLE_TYPE": "VC", "HOLE_STAR": "31/1/1996", "HOLE_ENDD": "31/1/1996", "HOLE_REM": "."}, "geometry": {"type": "LineString", "coordinates": [[114.20145287417759, 22.31989852216736, -5.965865008917108], [114.20145287863562, 22.319898519884866, -17.165864984025834]]}}, {"id": "11", "type": "Feature", "properties": {"location_uid": "MVC36/06_GE/95/08.8-Z6pxY6JKR+2j", "HOLE_ID": "MVC36/06", "HOLE_TYPE": "VC", "HOLE_STAR": "30/1/1996", "HOLE_ENDD": "30/1/1996", "HOLE_REM": "Vibrocore terminated due to refusal."}, "geometry": {"type": "LineString", "coordinates": [[114.20242541705261, 22.319902886551926, -7.461479346969022], [114.20242541936126, 22.31990288536991, -13.261479334072032]]}}, {"id": "12", "type": "Feature", "properties": {"location_uid": "MVC36/07_GE/95/08.8-Z6pxY6JKR+2j", "HOLE_ID": "MVC36/07", "HOLE_TYPE": "VC", "HOLE_STAR": "31/1/1996", "HOLE_ENDD": "31/1/1996", "HOLE_REM": "Vibrocore terminated due to refusal."}, "geometry": {"type": "LineString", "coordinates": [[114.20193906591209, 22.31945775471803, -5.562750213480495], [114.2019390681013, 22.319457753597153, -11.062750201248292]]}}, {"id": "13", "type": "Feature", "properties": {"location_uid": "MVC36/08_GE/95/08.8-Z6pxY6JKR+2j", "HOLE_ID": "MVC36/08", "HOLE_TYPE": "VC", "HOLE_STAR": "31/1/1996", "HOLE_ENDD": "31/1/1996", "HOLE_REM": "Vibrocore terminated due to refusal."}, "geometry": {"type": "LineString", "coordinates": [[114.20241651697012, 22.3190025380343, -6.059642380869385], [114.20241652035347, 22.31900253630202, -14.559642361951504]]}}, {"id": "14", "type": "Feature", "properties": {"location_uid": "MVC45/01_GE/95/08.8-Z6pxY6JKR+2j", "HOLE_ID": "MVC45/01", "HOLE_TYPE": "VC", "HOLE_STAR": "29/1/1996", "HOLE_ENDD": "29/1/1996", "HOLE_REM": "Vibrocore terminated due to refusal."}, "geometry": {"type": "LineString", "coordinates": [[114.20387134970997, 22.318543547409206, -7.652099974559477], [114.20387135201865, 22.31854354622714, -13.452099961634625]]}}, {"id": "15", "type": "Feature", "properties": {"location_uid": "MVC45/02_GE/95/08.8-Z6pxY6JKR+2j", "HOLE_ID": "MVC45/02", "HOLE_TYPE": "VC", "HOLE_STAR": "31/1/1996", "HOLE_ENDD": "31/1/1996", "HOLE_REM": "Vibrocore terminated due to refusal."}, "geometry": {"type": "LineString", "coordinates": [[114.20339179305641, 22.31809841860281, -6.353340174302238], [114.20339179588252, 22.31809841715581, -13.45334015847741]]}}, {"id": "16", "type": "Feature", "properties": {"location_uid": "MVC45/03_GE/95/08.8-Z6pxY6JKR+2j", "HOLE_ID": "MVC45/03", "HOLE_TYPE": "VC", "HOLE_STAR": "29/1/1996", "HOLE_ENDD": "29/1/1996", "HOLE_REM": "Vibrocore terminated due to refusal."}, "geometry": {"type": "LineString", "coordinates": [[114.20436723513352, 22.318101867795747, -7.948929491918481], [114.2043672374422, 22.31810186661368, -13.748929478984477]]}}, {"id": "17", "type": "Feature", "properties": {"location_uid": "MVC45/04_GE/95/08.8-Z6pxY6JKR+2j", "HOLE_ID": "MVC45/04", "HOLE_TYPE": "VC", "HOLE_STAR": "31/1/1996", "HOLE_ENDD": "31/1/1996", "HOLE_REM": "Vibrocore terminated due to refusal."}, "geometry": {"type": "LineString", "coordinates": [[114.20387991147936, 22.317645001953117, -6.650180268584389], [114.20387991418606, 22.317645000567246, -13.450180253417098]]}}, {"id": "18", "type": "Feature", "properties": {"location_uid": "MVC45/05_GE/95/08.8-Z6pxY6JKR+2j", "HOLE_ID": "MVC45/05", "HOLE_TYPE": "VC", "HOLE_STAR": "29/1/1996", "HOLE_ENDD": "29/1/1996", "HOLE_REM": "."}, "geometry": {"type": "LineString", "coordinates": [[114.20484564264828, 22.317641225658345, -7.045795906318311], [114.20484564502065, 22.317641224443648, -13.005795893017776]]}}, {"id": "19", "type": "Feature", "properties": {"location_uid": "MVC45/06_GE/95/08.8-Z6pxY6JKR+2j", "HOLE_ID": "MVC45/06", "HOLE_TYPE": "VC", "HOLE_STAR": "1/2/1996", "HOLE_ENDD": "1/2/1996", "HOLE_REM": "."}, "geometry": {"type": "LineString", "coordinates": [[114.20436123262071, 22.31719068184473, -7.247046756865383], [114.20436123596431, 22.317190680132736, -15.647046738115884]]}}, {"id": "20", "type": "Feature", "properties": {"location_uid": "MVC45/07_GE/95/08.8-Z6pxY6JKR+2j", "HOLE_ID": "MVC45/07", "HOLE_TYPE": "VC", "HOLE_STAR": "29/1/1996", "HOLE_ENDD": "29/1/1996", "HOLE_REM": "Vibrocore terminated due to refusal."}, "geometry": {"type": "LineString", "coordinates": [[114.2053366684246, 22.317197737817608, -7.042638634619252], [114.20533667069348, 22.317197736655896, -12.742638621889935]]}}, {"id": "21", "type": "Feature", "properties": {"location_uid": "MVC45/08_GE/95/08.8-Z6pxY6JKR+2j", "HOLE_ID": "MVC45/08", "HOLE_TYPE": "VC", "HOLE_STAR": "1/2/1996", "HOLE_ENDD": "1/2/1996", "HOLE_REM": "Vibrocore terminated due to refusal."}, "geometry": {"type": "LineString", "coordinates": [[114.20532774798708, 22.316288358601508, -5.540767918021192], [114.20532775264425, 22.31628835621689, -17.240767891868163]]}}, {"id": "22", "type": "Feature", "properties": {"location_uid": "MVC45/09_GE/95/08.8-Z6pxY6JKR+2j", "HOLE_ID": "MVC45/09", "HOLE_TYPE": "VC", "HOLE_STAR": "29/1/1996", "HOLE_ENDD": "29/1/1996", "HOLE_REM": "Vibrocore terminated due to refusal."}, "geometry": {"type": "LineString", "coordinates": [[114.20630327382435, 22.316747841003384, -8.537307740590395], [114.20630327613306, 22.31674783982126, -14.337307727625108]]}}, {"id": "23", "type": "Feature", "properties": {"location_uid": "MVC45/10_GE/95/08.8-Z6pxY6JKR+2j", "HOLE_ID": "MVC45/10", "HOLE_TYPE": "VC", "HOLE_STAR": "1/2/1996", "HOLE_ENDD": "1/2/1996", "HOLE_REM": "Vibrocore terminated due to refusal."}, "geometry": {"type": "LineString", "coordinates": [[114.20581197269348, 22.315840355087982, -5.837627008654302], [114.20581197743027, 22.31584035266258, -17.737626982035497]]}}, {"id": "24", "type": "Feature", "properties": {"location_uid": "MVC45/11_GE/95/08.8-Z6pxY6JKR+2j", "HOLE_ID": "MVC45/11", "HOLE_TYPE": "VC", "HOLE_STAR": "2/2/1996", "HOLE_ENDD": "2/2/1996", "HOLE_REM": "Vibrocore terminated due to refusal."}, "geometry": {"type": "LineString", "coordinates": [[114.20727530191577, 22.31448459396084, -6.72811607723434], [114.2072753066924, 22.31448459151497, -18.72811605033398]]}}, {"id": "25", "type": "Feature", "properties": {"location_uid": "MVC45/12_GE/95/08.8-Z6pxY6JKR+2j", "HOLE_ID": "MVC45/12", "HOLE_TYPE": "VC", "HOLE_STAR": "2/2/1996", "HOLE_ENDD": "2/2/1996", "HOLE_REM": "."}, "geometry": {"type": "LineString", "coordinates": [[114.2071716285304, 22.31530007614543, -8.230310207660557], [114.20717163087893, 22.315300074942897, -14.13031019444627]]}}, {"id": "26", "type": "Feature", "properties": {"location_uid": "MVC46/01_GE/95/08.8-Z6pxY6JKR+2j", "HOLE_ID": "MVC46/01", "HOLE_TYPE": "VC", "HOLE_STAR": "30/1/1996", "HOLE_ENDD": "30/1/1996", "HOLE_REM": "."}, "geometry": {"type": "LineString", "coordinates": [[114.20339099288998, 22.31899696271422, -7.355222231556481], [114.2033909948404, 22.3189969617156, -12.255222220645003]]}}, {"id": "27", "type": "Feature", "properties": {"location_uid": "MVC54/01_GE/95/08.8-Z6pxY6JKR+2j", "HOLE_ID": "MVC54/01", "HOLE_TYPE": "VC", "HOLE_STAR": "2/2/1996", "HOLE_ENDD": "2/2/1996", "HOLE_REM": "Vibrocore terminated due to refusal."}, "geometry": {"type": "LineString", "coordinates": [[114.20921146940094, 22.314029980017303, -5.5188608192693565], [114.20921147254562, 22.31402997840706, -13.418860803398763]]}}, {"id": "28", "type": "Feature", "properties": {"location_uid": "MVC54/02_GE/95/08.8-Z6pxY6JKR+2j", "HOLE_ID": "MVC54/02", "HOLE_TYPE": "VC", "HOLE_STAR": "2/2/1996", "HOLE_ENDD": "2/2/1996", "HOLE_REM": "Vibrocore terminated due to refusal."}, "geometry": {"type": "LineString", "coordinates": [[114.20824275232607, 22.31358676777236, -7.121812487053038], [114.20824275578914, 22.313586765999062, -15.821812467522447]]}}, {"id": "29", "type": "Feature", "properties": {"location_uid": "MVC54/03_GE/95/08.8-Z6pxY6JKR+2j", "HOLE_ID": "MVC54/03", "HOLE_TYPE": "VC", "HOLE_STAR": "2/2/1996", "HOLE_ENDD": "2/2/1996", "HOLE_REM": "."}, "geometry": {"type": "LineString", "coordinates": [[114.20970246918121, 22.31358286589676, -8.715967262446684], [114.20970247133076, 22.313582864796086, -14.115967251594778]]}}, {"id": "30", "type": "Feature", "properties": {"location_uid": "MVC54/04_GE/95/08.8-Z6pxY6JKR+2j", "HOLE_ID": "MVC54/04", "HOLE_TYPE": "VC", "HOLE_STAR": "3/2/1996", "HOLE_ENDD": "3/2/1996", "HOLE_REM": "Vibrocore terminated due to refusal."}, "geometry": {"type": "LineString", "coordinates": [[114.20920921694669, 22.3126771962218, -7.116000671773282], [114.20920921993212, 22.312677194693055, -14.616000656696663]]}}, {"id": "31", "type": "Feature", "properties": {"location_uid": "MVC54/05_GE/95/08.8-Z6pxY6JKR+2j", "HOLE_ID": "MVC54/05", "HOLE_TYPE": "VC", "HOLE_STAR": "3/2/1996", "HOLE_ENDD": "3/2/1996", "HOLE_REM": "Vibrocore terminated due to refusal."}, "geometry": {"type": "LineString", "coordinates": [[114.21018666939922, 22.313130333958494, -8.713088123070913], [114.21018667162838, 22.313130332817032, -14.313088111813501]]}}, {"id": "32", "type": "Feature", "properties": {"location_uid": "MVC54/06_GE/95/08.8-Z6pxY6JKR+2j", "HOLE_ID": "MVC54/06", "HOLE_TYPE": "VC", "HOLE_STAR": "3/2/1996", "HOLE_ENDD": "3/2/1996", "HOLE_REM": "Vibrocore terminated due to refusal."}, "geometry": {"type": "LineString", "coordinates": [[114.21115419998162, 22.31267498973867, -9.00828605900189], [114.21115420229042, 22.312674988556417, -14.80828604733706]]}}, {"id": "33", "type": "Feature", "properties": {"location_uid": "MVC54/07_GE/95/08.8-Z6pxY6JKR+2j", "HOLE_ID": "MVC54/07", "HOLE_TYPE": "VC", "HOLE_STAR": "3/2/1996", "HOLE_ENDD": "3/2/1996", "HOLE_REM": "."}, "geometry": {"type": "LineString", "coordinates": [[114.21018634665981, 22.311772131644634, -8.510205739950358], [114.21018635012294, 22.311772129871247, -17.210205722450134]]}}, {"id": "34", "type": "Feature", "properties": {"location_uid": "MVC55/01_GE/95/08.8-Z6pxY6JKR+2j", "HOLE_ID": "MVC55/01", "HOLE_TYPE": "VC", "HOLE_STAR": "2/2/1996", "HOLE_ENDD": "2/2/1996", "HOLE_REM": "Vibrocore terminated due to refusal."}, "geometry": {"type": "LineString", "coordinates": [[114.208245055265, 22.315205954000508, -5.925231937468885], [114.20824505813103, 22.31520595253299, -13.125231921332258]]}}, {"id": "35", "type": "Feature", "properties": {"location_uid": "SEK/MCP82/2_GE/95/08.14-kC/cBt0wyhl+", "HOLE_ID": "SEK/MCP82/2", "HOLE_TYPE": "SCP", "HOLE_STAR": "07/12/96", "HOLE_ENDD": "07/12/96", "HOLE_REM": null}, "geometry": {"type": "LineString", "coordinates": [[114.22425138216919, 22.30230798455706, -12.844017310698018], [114.22425138410796, 22.302307983564088, -17.714017300824846]]}}, {"id": "36", "type": "Feature", "properties": {"location_uid": "SEK/MCP61/1_GE/95/08.14-kC/cBt0wyhl+", "HOLE_ID": "SEK/MCP61/1", "HOLE_TYPE": "SCP", "HOLE_STAR": "02/12/96", "HOLE_ENDD": "02/12/96", "HOLE_REM": null}, "geometry": {"type": "LineString", "coordinates": [[114.21356368567561, 22.300041543703824, -13.981812480128374], [114.21356369393901, 22.300041539471344, -34.74181243810864]]}}, {"id": "37", "type": "Feature", "properties": {"location_uid": "SEK/MCP82/2a_GE/95/08.14-kC/cBt0wyhl+", "HOLE_ID": "SEK/MCP82/2a", "HOLE_TYPE": "SCP", "HOLE_STAR": "11/12/96", "HOLE_ENDD": "11/12/96", "HOLE_REM": null}, "geometry": {"type": "LineString", "coordinates": [[114.22416867737796, 22.30224858728899, -12.83421910710076], [114.22416868088524, 22.302248585492656, -21.644219089240064]]}}, {"id": "38", "type": "Feature", "properties": {"location_uid": "SEK/MCP71/4_GE/95/08.14-kC/cBt0wyhl+", "HOLE_ID": "SEK/MCP71/4", "HOLE_TYPE": "SCP", "HOLE_STAR": "22/11/96", "HOLE_ENDD": "22/11/96", "HOLE_REM": null}, "geometry": {"type": "LineString", "coordinates": [[114.221413612297, 22.29957630631215, -12.679463586776], [114.22141362551733, 22.29957629954071, -45.889463519411564]]}}, {"id": "39", "type": "Feature", "properties": {"location_uid": "SEK/MCP63/2a_GE/95/08.14-kC/cBt0wyhl+", "HOLE_ID": "SEK/MCP63/2a", "HOLE_TYPE": "SCP", "HOLE_STAR": "13/12/96", "HOLE_ENDD": "13/12/96", "HOLE_REM": null}, "geometry": {"type": "LineString", "coordinates": [[114.21707987339347, 22.306846269354388, -7.712327514020009], [114.21707987388311, 22.30684626910364, -8.942327511536087]]}}, {"id": "40", "type": "Feature", "properties": {"location_uid": "SEK/MCP63/2c_GE/95/08.14-kC/cBt0wyhl+", "HOLE_ID": "SEK/MCP63/2c", "HOLE_TYPE": "SCP", "HOLE_STAR": "13/12/96", "HOLE_ENDD": "13/12/96", "HOLE_REM": null}, "geometry": {"type": "LineString", "coordinates": [[114.21767651617208, 22.306754820851467, -7.339758530626436], [114.2176765303757, 22.30675481357742, -43.0197584585555]]}}, {"id": "41", "type": "Feature", "properties": {"location_uid": "SEK/MCP63/2b_GE/95/08.14-kC/cBt0wyhl+", "HOLE_ID": "SEK/MCP63/2b", "HOLE_TYPE": "SCP", "HOLE_STAR": "13/12/96", "HOLE_ENDD": "13/12/96", "HOLE_REM": null}, "geometry": {"type": "LineString", "coordinates": [[114.21715897896581, 22.30687821813871, -7.302081213778802], [114.2171589798615, 22.306878217680012, -9.552081209234768]]}}, {"id": "42", "type": "Feature", "properties": {"location_uid": "MBH23/1_GE/95/08.14-xPsnEu2oPh39", "HOLE_ID": "MBH23/1", "HOLE_TYPE": "CP+RO", "HOLE_STAR": "16/11/1996", "HOLE_ENDD": "19/11/1996", "HOLE_REM": "In situ vane shear test carried out at 2.00m."}, "geometry": {"type": "LineString", "coordinates": [[114.19842222329326, 22.306946633265895, -11.452852038589786], [114.1984222369045, 22.30694662629522, -45.65285196169951]]}}, {"id": "43", "type": "Feature", "properties": {"location_uid": "MBH24/4_GE/95/08.14-xPsnEu2oPh39", "HOLE_ID": "MBH24/4", "HOLE_TYPE": "CP+RO+RC", "HOLE_STAR": "10/12/1996", "HOLE_ENDD": "13/12/1996", "HOLE_REM": "Insitu vane shear test was carried out at 2.00m."}, "geometry": {"type": "LineString", "coordinates": [[114.19727449237519, 22.313586353684006, -8.871771623278779], [114.19727451454399, 22.31358634233227, -64.57177149896687]]}}, {"id": "44", "type": "Feature", "properties": {"location_uid": "MBH24/5_GE/95/08.14-xPsnEu2oPh39", "HOLE_ID": "MBH24/5", "HOLE_TYPE": "CP+RO+RC", "HOLE_STAR": "04/12/1996", "HOLE_ENDD": "12/12/1996", "HOLE_REM": "."}, "geometry": {"type": "LineString", "coordinates": [[114.19657392468214, 22.309993886172606, -8.817592687552523], [114.19657394447019, 22.309993876039233, -58.537592576223204]]}}, {"id": "45", "type": "Feature", "properties": {"location_uid": "MBH33/2_GE/95/08.14-xPsnEu2oPh39", "HOLE_ID": "MBH33/2", "HOLE_TYPE": "CP+RO", "HOLE_STAR": "30/10/1996", "HOLE_ENDD": "02/11/1996", "HOLE_REM": "In situ vane shear tests carried out at 1.00m and 3.00m."}, "geometry": {"type": "LineString", "coordinates": [[114.20098490544234, 22.30779442668018, -10.742842394646203], [114.2009849247058, 22.30779441681502, -59.14284228577567]]}}, {"id": "46", "type": "Feature", "properties": {"location_uid": "MBH33/3_GE/95/08.14-xPsnEu2oPh39", "HOLE_ID": "MBH33/3", "HOLE_TYPE": "CP+RO+RC", "HOLE_STAR": "26/11/1996", "HOLE_ENDD": "30/11/1996", "HOLE_REM": "Insitu vane shear test was carried out at 1.00m."}, "geometry": {"type": "LineString", "coordinates": [[114.20095995247729, 22.305454146660985, -18.738097018466455], [114.20095997304992, 22.305454136124894, -70.42809690192199]]}}, {"id": "47", "type": "Feature", "properties": {"location_uid": "MBH34/2_GE/95/08.14-xPsnEu2oPh39", "HOLE_ID": "MBH34/2", "HOLE_TYPE": "CP+RO+RC", "HOLE_STAR": "04/11/1996", "HOLE_ENDD": "09/11/1996", "HOLE_REM": "In situ vane shear tests carried out at 1.00m and 3.00m. Samples No. 100 to 103 weretaken after completion of drilling for 254mm diameter piston sampling at the co-ordinates of N819028.63 E838825.37"}, "geometry": {"type": "LineString", "coordinates": [[114.20168168019349, 22.31022147747178, -9.694695592423873], [114.2016817104866, 22.3102214619589, -85.80469542157827]]}}, {"id": "48", "type": "Feature", "properties": {"location_uid": "MBH34/3_GE/95/08.14-xPsnEu2oPh39", "HOLE_ID": "MBH34/3", "HOLE_TYPE": "CP+RO", "HOLE_STAR": "20/11/1996", "HOLE_ENDD": "22/11/1996", "HOLE_REM": "Insitu vane shear tests were carried out at 1.50m and 3.50m."}, "geometry": {"type": "LineString", "coordinates": [[114.2003826305101, 22.312592204659243, -9.255552989451225], [114.20038264403863, 22.31259219773171, -43.24555291338945]]}}, {"id": "49", "type": "Feature", "properties": {"location_uid": "MBH35/2_GE/95/08.14-xPsnEu2oPh39", "HOLE_ID": "MBH35/2", "HOLE_TYPE": "CP+RO+RC", "HOLE_STAR": "30/11/1996", "HOLE_ENDD": "03/12/1996", "HOLE_REM": "Insitu vane shear tests were carried out at 2.00m and 4.00m. Samples No. 33 to 40were taken after completion of drilling for 254mm diameter piston sampling at the co-ordinates of N819790.30 E838496.86"}, "geometry": {"type": "LineString", "coordinates": [[114.19852270086673, 22.317205836721534, -5.463551868236047], [114.19852271217442, 22.31720583093175, -33.87355180502204]]}}, {"id": "50", "type": "Feature", "properties": {"location_uid": "MBH42/1_GE/95/08.14-xPsnEu2oPh39", "HOLE_ID": "MBH42/1", "HOLE_TYPE": "CP+RO+RC", "HOLE_STAR": "02/12/1996", "HOLE_ENDD": "05/12/1996", "HOLE_REM": "Insitu vane shear test was carried out at 2.00m."}, "geometry": {"type": "LineString", "coordinates": [[114.20473759407942, 22.302865278559675, -13.115282120291994], [114.20473761392424, 22.30286526839582, -62.97528200735567]]}}, {"id": "51", "type": "Feature", "properties": {"location_uid": "MBH43/2_GE/95/08.14-xPsnEu2oPh39", "HOLE_ID": "MBH43/2", "HOLE_TYPE": "CP+RO", "HOLE_STAR": "04/12/1996", "HOLE_ENDD": "07/12/1996", "HOLE_REM": "Insitu vane shear tests were carried out at 2.00m and 4.00m. Samples No. 65 to 68 weretaken after completion of drilling for 254mm diameter piston sampling at the co-ordinates of N818703.52 E839065.98"}, "geometry": {"type": "LineString", "coordinates": [[114.20402766723663, 22.30728227070464, -11.37780932025911], [114.20402768472957, 22.30728226174612, -55.32780922118785]]}}, {"id": "52", "type": "Feature", "properties": {"location_uid": "MBH43/3_GE/95/08.14-xPsnEu2oPh39", "HOLE_ID": "MBH43/3", "HOLE_TYPE": "CP+RO+RC", "HOLE_STAR": "06/12/1996", "HOLE_ENDD": "10/12/1996", "HOLE_REM": "Insitu vane shear tests were carried out at 1.50m and 3.50m."}, "geometry": {"type": "LineString", "coordinates": [[114.20580963805281, 22.305455972941225, -12.41578500513305], [114.20580965645341, 22.30545596351753, -58.645784900631845]]}}, {"id": "53", "type": "Feature", "properties": {"location_uid": "MBH43/4_GE/95/08.14-xPsnEu2oPh39", "HOLE_ID": "MBH43/4", "HOLE_TYPE": "CP+RO+RC", "HOLE_STAR": "02/12/1996", "HOLE_ENDD": "06/12/1996", "HOLE_REM": "Insitu vane shear tests were carried out at 1.50m, 3.50m and 5.50m. Self BoringPressuremeter Tests were carried out at 2.60m, 3.46m and 7.70m. Co-ordinates: N818609.60 E839460.70"}, "geometry": {"type": "LineString", "coordinates": [[114.20786557021265, 22.306444805665897, -11.558417150483479], [114.2078655896766, 22.30644479569782, -60.45841703993639]]}}, {"id": "54", "type": "Feature", "properties": {"location_uid": "MBH44/3_GE/95/08.14-xPsnEu2oPh39", "HOLE_ID": "MBH44/3", "HOLE_TYPE": "CP+RO+RC", "HOLE_STAR": "11/12/1996", "HOLE_ENDD": "16/12/1996", "HOLE_REM": "Insitu vane shear tests were carried out at 1.00m, 3.00m and 5.00m."}, "geometry": {"type": "LineString", "coordinates": [[114.20581823564883, 22.309972720492073, -8.32525058465755], [114.2058182588623, 22.309972708604587, -66.64525045342475]]}}, {"id": "55", "type": "Feature", "properties": {"location_uid": "MBH51/1_GE/95/08.14-xPsnEu2oPh39", "HOLE_ID": "MBH51/1", "HOLE_TYPE": "CP+RO", "HOLE_STAR": "30/10/1996", "HOLE_ENDD": "02/11/1996", "HOLE_REM": "In situ vane shear test carried out at 2.00m.Self Boring Pressuremeter Tests werecarried at 8.80m.Co-ordinates: N817973.03 E839824.94"}, "geometry": {"type": "LineString", "coordinates": [[114.21140505488937, 22.300709741866072, -13.181853623193255], [114.21140507150743, 22.30070973335451, -54.93185353875894]]}}, {"id": "56", "type": "Feature", "properties": {"location_uid": "MBH51/2_GE/95/08.14-xPsnEu2oPh39", "HOLE_ID": "MBH51/2", "HOLE_TYPE": "CP+RO+RC", "HOLE_STAR": "04/11/1996", "HOLE_ENDD": "08/11/1996", "HOLE_REM": "In situ vane shear test carried out at 1.50m."}, "geometry": {"type": "LineString", "coordinates": [[114.21210357487614, 22.29945713515227, -15.076400074199189], [114.21210360123825, 22.299457121649567, -81.30639994015627]]}}, {"id": "57", "type": "Feature", "properties": {"location_uid": "MBH52/2_GE/95/08.14-xPsnEu2oPh39", "HOLE_ID": "MBH52/2", "HOLE_TYPE": "CP+RO+RC", "HOLE_STAR": "28/11/1996", "HOLE_ENDD": "30/11/1996", "HOLE_REM": "Insitu vane shear tests were carried out at 1.50m, 3.50m and 5.50m. Samples No. 51to 56 were taken after completion of drilling for 254mm diameter piston sampling at the co-ordinates of N818362.85 E839848.95"}, "geometry": {"type": "LineString", "coordinates": [[114.21162980675963, 22.30420065746057, -13.738379919339202], [114.21162982112915, 22.30420065010118, -49.83837984644385]]}}, {"id": "58", "type": "Feature", "properties": {"location_uid": "MBH54/2_GE/95/08.14-xPsnEu2oPh39", "HOLE_ID": "MBH54/2", "HOLE_TYPE": "CP+RO+RC", "HOLE_STAR": "26/11/1996", "HOLE_ENDD": "29/11/1996", "HOLE_REM": "Insitu vane shear tests were carried out at 2.00m and 4.00m."}, "geometry": {"type": "LineString", "coordinates": [[114.21249871529233, 22.313487724740163, -8.124686332855529], [114.21249873285551, 22.313487715746792, -52.24468624412544]]}}, {"id": "59", "type": "Feature", "properties": {"location_uid": "MBH61/1_GE/95/08.14-xPsnEu2oPh39", "HOLE_ID": "MBH61/1", "HOLE_TYPE": "CP+RO+RC", "HOLE_STAR": "16/11/1996", "HOLE_ENDD": "21/11/1996", "HOLE_REM": "Insitu vane shear tests were carried out at 3.00m and 5.00m.Samples No. 69 to 73were taken after completion of drilling for 254mm diameter piston sampling at the co-ordinates of N817944.18 E840074.26"}, "geometry": {"type": "LineString", "coordinates": [[114.21380815411135, 22.300444434284437, -13.521694993224832], [114.21380817943924, 22.300444421311727, -77.15169486444815]]}}, {"id": "60", "type": "Feature", "properties": {"location_uid": "MBH61/2_GE/95/08.14-xPsnEu2oPh39", "HOLE_ID": "MBH61/2", "HOLE_TYPE": "CP+RO", "HOLE_STAR": "12/11/1996", "HOLE_ENDD": "15/11/1996", "HOLE_REM": "Insitu vane shear tests were carried out at 6.50m and 8.50m."}, "geometry": {"type": "LineString", "coordinates": [[114.21502436914481, 22.298399259460624, -16.1624738209087], [114.2150243807678, 22.298399253507185, -45.36247376174011]]}}, {"id": "61", "type": "Feature", "properties": {"location_uid": "MBH62/1_GE/95/08.14-xPsnEu2oPh39", "HOLE_ID": "MBH62/1", "HOLE_TYPE": "CP+RO+RC", "HOLE_STAR": "23/11/1996", "HOLE_ENDD": "27/11/1996", "HOLE_REM": "Insitu vane shear tests were carried out at 2.00m, 4.00m and 5.80m. Self BoringPressuremeter Tests were carried out at 5.46m, 6.40m and 7.40m. Co-ordinates: N818086.34 E840074.54"}, "geometry": {"type": "LineString", "coordinates": [[114.21379829764575, 22.30171387019723, -11.974440258000758], [114.21379831363944, 22.301713862005602, -52.154440176730645]]}}, {"id": "62", "type": "Feature", "properties": {"location_uid": "MBH63/2_GE/95/08.14-xPsnEu2oPh39", "HOLE_ID": "MBH63/2", "HOLE_TYPE": "CP+RO", "HOLE_STAR": "07/11/1996", "HOLE_ENDD": "11/11/1996", "HOLE_REM": "Insitu vane shear tests were carried out at 1.00m, 3.00m and 5.00m."}, "geometry": {"type": "LineString", "coordinates": [[114.21552176320168, 22.309469949062706, -7.944128265303364], [114.21552178197123, 22.309469939450842, -55.09412817023286]]}}, {"id": "63", "type": "Feature", "properties": {"location_uid": "MBH64/2_GE/95/08.14-xPsnEu2oPh39", "HOLE_ID": "MBH64/2", "HOLE_TYPE": "CP+RO+RC", "HOLE_STAR": "18/11/1996", "HOLE_ENDD": "25/11/1996", "HOLE_REM": "Insitu vane shear tests were carried out at 4.00m and 6.00m.Self BoringPressuremeter Tests were carried out at: 3.10m,5.40m and 9.15m. Co-ordinates: N819195.08 E840025.27Samples No. 51 to 58 were taken aftercompletion of drilling for 254mm diameter piston sampling at the co-ordinates of N819195.38 E840025.36"}, "geometry": {"type": "LineString", "coordinates": [[114.21333613891477, 22.311728919188802, -8.137621221040117], [114.21333616270789, 22.311728907004923, -67.90762110071326]]}}, {"id": "64", "type": "Feature", "properties": {"location_uid": "MBH71/1_GE/95/08.14-xPsnEu2oPh39", "HOLE_ID": "MBH71/1", "HOLE_TYPE": "CP+RO+RC", "HOLE_STAR": "09/12/1996", "HOLE_ENDD": "17/12/1996", "HOLE_REM": "Insitu vane shear test was carried out at 2.00m."}, "geometry": {"type": "LineString", "coordinates": [[114.22223455011454, 22.296649797167763, -15.679888458770233], [114.22223457192933, 22.296649785993605, -70.47988834744031]]}}, {"id": "65", "type": "Feature", "properties": {"location_uid": "MBH73/2_GE/95/08.14-xPsnEu2oPh39", "HOLE_ID": "MBH73/2", "HOLE_TYPE": "CP+RO+RC", "HOLE_STAR": "14/11/1996", "HOLE_ENDD": "18/11/1996", "HOLE_REM": "."}, "geometry": {"type": "LineString", "coordinates": [[114.21838149755533, 22.308077264199124, -8.259787289143429], [114.21838150834358, 22.30807725867432, -35.359787234427046]]}}, {"id": "66", "type": "Feature", "properties": {"location_uid": "MBH82/3_GE/95/08.14-xPsnEu2oPh39", "HOLE_ID": "MBH82/3", "HOLE_TYPE": "CP+RO+RC", "HOLE_STAR": "02/11/1996", "HOLE_ENDD": "06/11/1996", "HOLE_REM": "In situ vane shear test carried out at 2.50m."}, "geometry": {"type": "LineString", "coordinates": [[114.22328879403977, 22.302691702975775, -12.058682776163323], [114.22328880611815, 22.30269169678964, -42.398682714679225]]}}, {"id": "67", "type": "Feature", "properties": {"location_uid": "MVC14/4_GE/95/08.14-xPsnEu2oPh39", "HOLE_ID": "MVC14/4", "HOLE_TYPE": "VC", "HOLE_STAR": "02/12/1996", "HOLE_ENDD": "02/12/1996", "HOLE_REM": "."}, "geometry": {"type": "LineString", "coordinates": [[114.19320031704602, 22.311321760367736, -9.68572722111757], [114.19320032142375, 22.31132175812598, -20.685727196564866]]}}, {"id": "68", "type": "Feature", "properties": {"location_uid": "MVC15/1_GE/95/08.14-xPsnEu2oPh39", "HOLE_ID": "MVC15/1", "HOLE_TYPE": "VC", "HOLE_STAR": "02/12/1996", "HOLE_ENDD": "02/12/1996", "HOLE_REM": "."}, "geometry": {"type": "LineString", "coordinates": [[114.19272006123758, 22.314486131919374, -4.6443429473695215], [114.19272006438165, 22.314486130309476, -12.54434292979751]]}}, {"id": "69", "type": "Feature", "properties": {"location_uid": "MVC22/2_GE/95/08.14-xPsnEu2oPh39", "HOLE_ID": "MVC22/2", "HOLE_TYPE": "VC", "HOLE_STAR": "29/11/1996", "HOLE_ENDD": "29/11/1996", "HOLE_REM": "."}, "geometry": {"type": "LineString", "coordinates": [[114.19762442629512, 22.30275436637861, -14.477890594115392], [114.19762442850387, 22.302754365247363, -20.027890581590146]]}}, {"id": "70", "type": "Feature", "properties": {"location_uid": "MVC22/3_GE/95/08.14-xPsnEu2oPh39", "HOLE_ID": "MVC22/3", "HOLE_TYPE": "VC", "HOLE_STAR": "25/11/1996", "HOLE_ENDD": "25/11/1996", "HOLE_REM": "."}, "geometry": {"type": "LineString", "coordinates": [[114.19644393535337, 22.304869754082468, -11.707679043193949], [114.19644393933311, 22.304869752044265, -21.70767902068788]]}}, {"id": "71", "type": "Feature", "properties": {"location_uid": "MVC23/4_GE/95/08.14-xPsnEu2oPh39", "HOLE_ID": "MVC23/4", "HOLE_TYPE": "VC", "HOLE_STAR": "03/12/1996", "HOLE_ENDD": "03/12/1996", "HOLE_REM": "."}, "geometry": {"type": "LineString", "coordinates": [[114.19610849127484, 22.309523717975956, -11.718758985089247], [114.1961084946179, 22.30952371626398, -20.118758966276534]]}}, {"id": "72", "type": "Feature", "properties": {"location_uid": "MVC23/5_GE/95/08.14-xPsnEu2oPh39", "HOLE_ID": "MVC23/5", "HOLE_TYPE": "VC", "HOLE_STAR": "15/11/1996", "HOLE_ENDD": "15/11/1996", "HOLE_REM": "."}, "geometry": {"type": "LineString", "coordinates": [[114.19631087395034, 22.306222735985244, -11.961065394655327], [114.19631087709435, 22.306222734375087, -19.8610653769013]]}}, {"id": "73", "type": "Feature", "properties": {"location_uid": "MVC24/4_GE/95/08.14-xPsnEu2oPh39", "HOLE_ID": "MVC24/4", "HOLE_TYPE": "VC", "HOLE_STAR": "25/11/1996", "HOLE_ENDD": "25/11/1996", "HOLE_REM": "."}, "geometry": {"type": "LineString", "coordinates": [[114.19610636552724, 22.313131986349575, -10.076161472529538], [114.19610636950718, 22.31313198431159, -20.07616145021516]]}}, {"id": "74", "type": "Feature", "properties": {"location_uid": "MVC24/5_GE/95/08.14-xPsnEu2oPh39", "HOLE_ID": "MVC24/5", "HOLE_TYPE": "VC", "HOLE_STAR": "02/12/1996", "HOLE_ENDD": "02/12/1996", "HOLE_REM": "."}, "geometry": {"type": "LineString", "coordinates": [[114.19513817701909, 22.31042707173691, -10.47504711102351], [114.19513818099891, 22.31042706969888, -20.475047088659256]]}}, {"id": "75", "type": "Feature", "properties": {"location_uid": "MVC25/6_GE/95/08.14-xPsnEu2oPh39", "HOLE_ID": "MVC25/6", "HOLE_TYPE": "VC", "HOLE_STAR": "25/11/1996", "HOLE_ENDD": "25/11/1996", "HOLE_REM": "."}, "geometry": {"type": "LineString", "coordinates": [[114.19562162102194, 22.314937441106686, -8.682064800498889], [114.19562162539991, 22.314937438864963, -19.68206477600458]]}}, {"id": "76", "type": "Feature", "properties": {"location_uid": "MVC32/3_GE/95/08.14-xPsnEu2oPh39", "HOLE_ID": "MVC32/3", "HOLE_TYPE": "VC", "HOLE_STAR": "26/11/1996", "HOLE_ENDD": "26/11/1996", "HOLE_REM": "."}, "geometry": {"type": "LineString", "coordinates": [[114.2014450425768, 22.3045501105906, -14.483985027777747], [114.20144504655677, 22.30455010855226, -24.483985005204698]]}}, {"id": "77", "type": "Feature", "properties": {"location_uid": "MVC33/5_GE/95/08.14-xPsnEu2oPh39", "HOLE_ID": "MVC33/5", "HOLE_TYPE": "VC", "HOLE_STAR": "15/11/1996", "HOLE_ENDD": "15/11/1996", "HOLE_REM": "."}, "geometry": {"type": "LineString", "coordinates": [[114.20047903705986, 22.30816195658783, -10.84592558218755], [114.20047904092048, 22.30816195461076, -20.545925560382734]]}}, {"id": "78", "type": "Feature", "properties": {"location_uid": "MVC33/6_GE/95/08.14-xPsnEu2oPh39", "HOLE_ID": "MVC33/6", "HOLE_TYPE": "VC", "HOLE_STAR": "15/11/1996", "HOLE_ENDD": "15/11/1996", "HOLE_REM": "."}, "geometry": {"type": "LineString", "coordinates": [[114.1985343659729, 22.307262057457773, -11.30298760741818], [114.1985343696742, 22.307262055562244, -20.602987586514924]]}}, {"id": "79", "type": "Feature", "properties": {"location_uid": "MVC34/3_GE/95/08.14-xPsnEu2oPh39", "HOLE_ID": "MVC34/3", "HOLE_TYPE": "VC", "HOLE_STAR": "14/11/1996", "HOLE_ENDD": "14/11/1996", "HOLE_REM": "."}, "geometry": {"type": "LineString", "coordinates": [[114.20048405526244, 22.310874749679048, -10.401528609605405], [114.20048405924251, 22.310874747640895, -20.40152858718772]]}}, {"id": "80", "type": "Feature", "properties": {"location_uid": "MVC34/4_GE/95/08.14-xPsnEu2oPh39", "HOLE_ID": "MVC34/4", "HOLE_TYPE": "VC", "HOLE_STAR": "14/11/1996", "HOLE_ENDD": "14/11/1996", "HOLE_REM": "."}, "geometry": {"type": "LineString", "coordinates": [[114.1995124494837, 22.312678029084687, -9.359699096003727], [114.1995124528668, 22.31267802735232, -17.859699076993316]]}}, {"id": "81", "type": "Feature", "properties": {"location_uid": "MVC34/5_GE/95/08.14-xPsnEu2oPh39", "HOLE_ID": "MVC34/5", "HOLE_TYPE": "VC", "HOLE_STAR": "23/11/1996", "HOLE_ENDD": "23/11/1996", "HOLE_REM": "."}, "geometry": {"type": "LineString", "coordinates": [[114.19848854486852, 22.310956213539136, -10.500817070734797], [114.19848854864954, 22.310956211602942, -20.0008170494624]]}}, {"id": "82", "type": "Feature", "properties": {"location_uid": "MVC34/6_GE/95/08.14-xPsnEu2oPh39", "HOLE_ID": "MVC34/6", "HOLE_TYPE": "VC", "HOLE_STAR": "13/11/1996", "HOLE_ENDD": "13/11/1996", "HOLE_REM": "."}, "geometry": {"type": "LineString", "coordinates": [[114.20144648383906, 22.312226306885343, -11.29994027613651], [114.20144648833666, 22.312226304582236, -22.599940250825973]]}}, {"id": "83", "type": "Feature", "properties": {"location_uid": "MVC35/3_GE/95/08.14-xPsnEu2oPh39", "HOLE_ID": "MVC35/3", "HOLE_TYPE": "VC", "HOLE_STAR": "30/11/1996", "HOLE_ENDD": "30/11/1996", "HOLE_REM": "."}, "geometry": {"type": "LineString", "coordinates": [[114.20143950286842, 22.31448766125619, -8.364674300000896], [114.20143950475904, 22.3144876602881, -13.114674289385952]]}}, {"id": "84", "type": "Feature", "properties": {"location_uid": "MVC42/2_GE/95/08.14-xPsnEu2oPh39", "HOLE_ID": "MVC42/2", "HOLE_TYPE": "VC", "HOLE_STAR": "27/11/1996", "HOLE_ENDD": "27/11/1996", "HOLE_REM": "."}, "geometry": {"type": "LineString", "coordinates": [[114.20780383849723, 22.302449133567904, -12.030246872622945], [114.20780384164159, 22.30244913195744, -19.930246854692534]]}}, {"id": "85", "type": "Feature", "properties": {"location_uid": "MVC42/3_GE/95/08.14-xPsnEu2oPh39", "HOLE_ID": "MVC42/3", "HOLE_TYPE": "VC", "HOLE_STAR": "28/11/1996", "HOLE_ENDD": "28/11/1996", "HOLE_REM": "."}, "geometry": {"type": "LineString", "coordinates": [[114.20484881115486, 22.303833701815122, -14.896801304099997], [114.20484881222949, 22.303833701264743, -17.596801297990055]]}}, {"id": "86", "type": "Feature", "properties": {"location_uid": "MVC42/4_GE/95/08.14-xPsnEu2oPh39", "HOLE_ID": "MVC42/4", "HOLE_TYPE": "VC", "HOLE_STAR": "26/11/1996", "HOLE_ENDD": "26/11/1996", "HOLE_REM": "."}, "geometry": {"type": "LineString", "coordinates": [[114.20727293704128, 22.30490709522408, -13.307892001625431], [114.20727293821547, 22.30490709462273, -16.257891994948018]]}}, {"id": "87", "type": "Feature", "properties": {"location_uid": "MVC43/3_GE/95/08.14-xPsnEu2oPh39", "HOLE_ID": "MVC43/3", "HOLE_TYPE": "VC", "HOLE_STAR": "04/12/1996", "HOLE_ENDD": "04/12/1996", "HOLE_REM": "."}, "geometry": {"type": "LineString", "coordinates": [[114.20547561849531, 22.30796807666466, -11.372603594033881], [114.20547562249548, 22.30796807461612, -21.42260357137762]]}}, {"id": "88", "type": "Feature", "properties": {"location_uid": "MVC52/2_GE/95/08.14-xPsnEu2oPh39", "HOLE_ID": "MVC52/2", "HOLE_TYPE": "VC", "HOLE_STAR": "23/11/1996", "HOLE_ENDD": "23/11/1996", "HOLE_REM": "."}, "geometry": {"type": "LineString", "coordinates": [[114.21138165383833, 22.302631371095046, -12.766032306464405], [114.21138165594795, 22.302631370014577, -18.066032295755534]]}}, {"id": "89", "type": "Feature", "properties": {"location_uid": "MVC53/1_GE/95/08.14-xPsnEu2oPh39", "HOLE_ID": "MVC53/1", "HOLE_TYPE": "VC", "HOLE_STAR": "24/11/1996", "HOLE_ENDD": "24/11/1996", "HOLE_REM": "."}, "geometry": {"type": "LineString", "coordinates": [[114.21018485532765, 22.305896187362954, -11.897736186291539], [114.21018485636256, 22.305896186832943, -14.497736181047692]]}}, {"id": "90", "type": "Feature", "properties": {"location_uid": "MVC61/1_GE/95/08.14-xPsnEu2oPh39", "HOLE_ID": "MVC61/1", "HOLE_TYPE": "VC", "HOLE_STAR": "29/11/1996", "HOLE_ENDD": "29/11/1996", "HOLE_REM": "."}, "geometry": {"type": "LineString", "coordinates": [[114.21698573097903, 22.300036578661913, -14.528135817528963], [114.21698573452177, 22.30003657684734, -23.428135799499415]]}}, {"id": "91", "type": "Feature", "properties": {"location_uid": "MVC61/2_GE/95/08.14-xPsnEu2oPh39", "HOLE_ID": "MVC61/2", "HOLE_TYPE": "VC", "HOLE_STAR": "22/11/1996", "HOLE_ENDD": "22/11/1996", "HOLE_REM": "."}, "geometry": {"type": "LineString", "coordinates": [[114.21599744978519, 22.299127346704108, -15.980139781614909], [114.21599745177546, 22.29912734568468, -20.980139771484183]]}}, {"id": "92", "type": "Feature", "properties": {"location_uid": "MVC61/3_GE/95/08.14-xPsnEu2oPh39", "HOLE_ID": "MVC61/3", "HOLE_TYPE": "VC", "HOLE_STAR": "30/11/1996", "HOLE_ENDD": "30/11/1996", "HOLE_REM": "."}, "geometry": {"type": "LineString", "coordinates": [[114.21677731424727, 22.299487839322744, -16.11779463362549], [114.21677731556086, 22.29948783864993, -19.41779462693902]]}}, {"id": "93", "type": "Feature", "properties": {"location_uid": "MVC62/2_GE/95/08.14-xPsnEu2oPh39", "HOLE_ID": "MVC62/2", "HOLE_TYPE": "VC", "HOLE_STAR": "24/11/1996", "HOLE_ENDD": "24/11/1996", "HOLE_REM": "."}, "geometry": {"type": "LineString", "coordinates": [[114.21454110762382, 22.3031897523764, -13.914625257985177], [114.21454110869855, 22.303189751825954, -16.61462525252656]]}}, {"id": "94", "type": "Feature", "properties": {"location_uid": "MVC62/3_GE/95/08.14-xPsnEu2oPh39", "HOLE_ID": "MVC62/3", "HOLE_TYPE": "VC", "HOLE_STAR": "27/11/1996", "HOLE_ENDD": "27/11/1996", "HOLE_REM": "."}, "geometry": {"type": "LineString", "coordinates": [[114.21746880125554, 22.30364184091176, -10.593922504239123], [114.21746880406195, 22.303641839474444, -17.64392248997919]]}}, {"id": "95", "type": "Feature", "properties": {"location_uid": "MVC62/4_GE/95/08.14-xPsnEu2oPh39", "HOLE_ID": "MVC62/4", "HOLE_TYPE": "VC", "HOLE_STAR": "23/11/1996", "HOLE_ENDD": "23/11/1996", "HOLE_REM": "."}, "geometry": {"type": "LineString", "coordinates": [[114.2160956763472, 22.303014732474903, -9.358054466720661], [114.21609567801907, 22.303014731618628, -13.558054458225879]]}}, {"id": "96", "type": "Feature", "properties": {"location_uid": "MVC62/5_GE/95/08.14-xPsnEu2oPh39", "HOLE_ID": "MVC62/5", "HOLE_TYPE": "VC", "HOLE_STAR": "26/11/1996", "HOLE_ENDD": "26/11/1996", "HOLE_REM": "."}, "geometry": {"type": "LineString", "coordinates": [[114.216497352713, 22.302296248562275, -14.46491710885141], [114.21649735408631, 22.302296247858898, -17.914917101870582]]}}, {"id": "97", "type": "Feature", "properties": {"location_uid": "MVC63/2_GE/95/08.14-xPsnEu2oPh39", "HOLE_ID": "MVC63/2", "HOLE_TYPE": "VC", "HOLE_STAR": "13/11/1996", "HOLE_ENDD": "13/11/1996", "HOLE_REM": "."}, "geometry": {"type": "LineString", "coordinates": [[114.21696689785625, 22.307836142071, -7.934894216802851], [114.21696689996608, 22.307836140990524, -13.23489420610459]]}}, {"id": "98", "type": "Feature", "properties": {"location_uid": "MVC63/2A_GE/95/08.14-xPsnEu2oPh39", "HOLE_ID": "MVC63/2A", "HOLE_TYPE": "VC", "HOLE_STAR": "13/11/1996", "HOLE_ENDD": "13/11/1996", "HOLE_REM": "."}, "geometry": {"type": "LineString", "coordinates": [[114.21746710207876, 22.308170601395936, -8.283621542439159], [114.21746710243703, 22.308170601212456, -9.183621540622523]]}}, {"id": "99", "type": "Feature", "properties": {"location_uid": "MVC64/7_GE/95/08.14-xPsnEu2oPh39", "HOLE_ID": "MVC64/7", "HOLE_TYPE": "VC", "HOLE_STAR": "12/11/1996", "HOLE_ENDD": "12/11/1996", "HOLE_REM": "."}, "geometry": {"type": "LineString", "coordinates": [[114.21459766262106, 22.311769629250715, -8.182704592122132], [114.214597665746, 22.31176962765051, -16.032704576314202]]}}, {"id": "100", "type": "Feature", "properties": {"location_uid": "MVC71/3_GE/95/08.14-xPsnEu2oPh39", "HOLE_ID": "MVC71/3", "HOLE_TYPE": "VC", "HOLE_STAR": "20/11/1996", "HOLE_ENDD": "20/11/1996", "HOLE_REM": "."}, "geometry": {"type": "LineString", "coordinates": [[114.22181466060485, 22.29731899281725, -14.443007611261462], [114.22181466259524, 22.297318991797727, -19.44300760110766]]}}, {"id": "101", "type": "Feature", "properties": {"location_uid": "MVC71/4_GE/95/08.14-xPsnEu2oPh39", "HOLE_ID": "MVC71/4", "HOLE_TYPE": "VC", "HOLE_STAR": "28/11/1996", "HOLE_ENDD": "28/11/1996", "HOLE_REM": "Sub-samples were taken at 0.00m to 2.50m and 3.00m to 3.60m."}, "geometry": {"type": "LineString", "coordinates": [[114.21862558600095, 22.29894318871849, -16.83924399956616], [114.218625587434, 22.29894318798448, -20.4392439922668]]}}, {"id": "102", "type": "Feature", "properties": {"location_uid": "MVC72/8_GE/95/08.14-xPsnEu2oPh39", "HOLE_ID": "MVC72/8", "HOLE_TYPE": "VC", "HOLE_STAR": "22/11/1996", "HOLE_ENDD": "22/11/1996", "HOLE_REM": "."}, "geometry": {"type": "LineString", "coordinates": [[114.21793944464594, 22.30183162590764, -13.868170789296816], [114.21793944639744, 22.301831625010568, -18.268170780388743]]}}, {"id": "103", "type": "Feature", "properties": {"location_uid": "MVC72/6_GE/95/08.14-xPsnEu2oPh39", "HOLE_ID": "MVC72/6", "HOLE_TYPE": "VC", "HOLE_STAR": "16/11/1996", "HOLE_ENDD": "16/11/1996", "HOLE_REM": "."}, "geometry": {"type": "LineString", "coordinates": [[114.21987709975139, 22.301846475621563, -12.79047267378509], [114.21987710058737, 22.3018464751934, -14.890472669531214]]}}, {"id": "104", "type": "Feature", "properties": {"location_uid": "MVC72/7_GE/95/08.14-xPsnEu2oPh39", "HOLE_ID": "MVC72/7", "HOLE_TYPE": "VC", "HOLE_STAR": "21/11/1996", "HOLE_ENDD": "21/11/1996", "HOLE_REM": "."}, "geometry": {"type": "LineString", "coordinates": [[114.2190011268963, 22.296601543846336, -12.202723416174326], [114.21900112856817, 22.296601542989965, -16.402723407648512]]}}, {"id": "105", "type": "Feature", "properties": {"location_uid": "MVC73/4_GE/95/08.14-xPsnEu2oPh39", "HOLE_ID": "MVC73/4", "HOLE_TYPE": "VC", "HOLE_STAR": "14/11/1996", "HOLE_ENDD": "14/11/1996", "HOLE_REM": "."}, "geometry": {"type": "LineString", "coordinates": [[114.21890750881404, 22.30771825193956, -10.186926972309239], [114.21890751185946, 22.307718250379963, -17.83692695685892]]}}, {"id": "106", "type": "Feature", "properties": {"location_uid": "MVC73/5_GE/95/08.14-xPsnEu2oPh39", "HOLE_ID": "MVC73/5", "HOLE_TYPE": "VC", "HOLE_STAR": "15/11/1996", "HOLE_ENDD": "15/11/1996", "HOLE_REM": "."}, "geometry": {"type": "LineString", "coordinates": [[114.21937786037321, 22.305930701890123, -7.011223424043158], [114.219377861249, 22.3059307014416, -9.21122341959572]]}}, {"id": "107", "type": "Feature", "properties": {"location_uid": "MVC73/5A_GE/95/08.14-xPsnEu2oPh39", "HOLE_ID": "MVC73/5A", "HOLE_TYPE": "VC", "HOLE_STAR": "15/11/1996", "HOLE_ENDD": "15/11/1996", "HOLE_REM": "."}, "geometry": {"type": "LineString", "coordinates": [[114.21925765657585, 22.30606808886601, -7.261996412220304], [114.21925765921917, 22.30606808751229, -13.901996398798635]]}}, {"id": "108", "type": "Feature", "properties": {"location_uid": "MVC81/3_GE/95/08.14-xPsnEu2oPh39", "HOLE_ID": "MVC81/3", "HOLE_TYPE": "VC", "HOLE_STAR": "19/11/1996", "HOLE_ENDD": "19/11/1996", "HOLE_REM": "."}, "geometry": {"type": "LineString", "coordinates": [[114.22295547116312, 22.298370017096417, -13.520707329761821], [114.22295547303413, 22.29837001613808, -18.220707320219436]]}}, {"id": "109", "type": "Feature", "properties": {"location_uid": "MVC81/4_GE/95/08.14-xPsnEu2oPh39", "HOLE_ID": "MVC81/4", "HOLE_TYPE": "VC", "HOLE_STAR": "19/11/1996", "HOLE_ENDD": "19/11/1996", "HOLE_REM": "."}, "geometry": {"type": "LineString", "coordinates": [[114.22473045566448, 22.297316352336644, -13.54133904966971], [114.22473045719714, 22.29731635155159, -17.391339041845818]]}}, {"id": "110", "type": "Feature", "properties": {"location_uid": "MVC81/5_GE/95/08.14-xPsnEu2oPh39", "HOLE_ID": "MVC81/5", "HOLE_TYPE": "VC", "HOLE_STAR": "17/11/1996", "HOLE_ENDD": "17/11/1996", "HOLE_REM": "."}, "geometry": {"type": "LineString", "coordinates": [[114.2257105550932, 22.2991316660072, -10.351338777981503], [114.22571055712352, 22.299131664967266, -15.45133876762338]]}}, {"id": "111", "type": "Feature", "properties": {"location_uid": "MVC81/6_GE/95/08.14-xPsnEu2oPh39", "HOLE_ID": "MVC81/6", "HOLE_TYPE": "VC", "HOLE_STAR": "15/11/1996", "HOLE_ENDD": "15/11/1996", "HOLE_REM": "."}, "geometry": {"type": "LineString", "coordinates": [[114.22667255995705, 22.30047341263322, -11.580395348790322], [114.22667256332109, 22.300473410910207, -20.030395331634907]]}}, {"id": "112", "type": "Feature", "properties": {"location_uid": "MVC81/7_GE/95/08.14-xPsnEu2oPh39", "HOLE_ID": "MVC81/7", "HOLE_TYPE": "VC", "HOLE_STAR": "16/11/1996", "HOLE_ENDD": "16/11/1996", "HOLE_REM": "."}, "geometry": {"type": "LineString", "coordinates": [[114.2270695511577, 22.298772645195015, -10.345132279329192], [114.22706955326767, 22.29877264411428, -15.645132268559603]]}}, {"id": "113", "type": "Feature", "properties": {"location_uid": "MVC81/8_GE/95/08.14-xPsnEu2oPh39", "HOLE_ID": "MVC81/8", "HOLE_TYPE": "VC", "HOLE_STAR": "18/11/1996", "HOLE_ENDD": "18/11/1996", "HOLE_REM": "."}, "geometry": {"type": "LineString", "coordinates": [[114.22590255146801, 22.298128576475477, -15.91840508385305], [114.2259025530206, 22.298128575680217, -19.818405075928318]]}}, {"id": "114", "type": "Feature", "properties": {"location_uid": "MVC81/9_GE/95/08.14-xPsnEu2oPh39", "HOLE_ID": "MVC81/9", "HOLE_TYPE": "VC", "HOLE_STAR": "21/11/1996", "HOLE_ENDD": "21/11/1996", "HOLE_REM": "."}, "geometry": {"type": "LineString", "coordinates": [[114.22289792698605, 22.296600483317658, -17.217127820266903], [114.22289792835942, 22.29660048261417, -20.667127813256734]]}}, {"id": "115", "type": "Feature", "properties": {"location_uid": "MVC82/4_GE/95/08.14-xPsnEu2oPh39", "HOLE_ID": "MVC82/4", "HOLE_TYPE": "VC", "HOLE_STAR": "13/11/1996", "HOLE_ENDD": "13/11/1996", "HOLE_REM": "."}, "geometry": {"type": "LineString", "coordinates": [[114.2242609807933, 22.302280438290605, -13.313919638452122], [114.22426098152981, 22.3022804379134, -15.163919634701491]]}}, {"id": "116", "type": "Feature", "properties": {"location_uid": "SEK/MCP52/3_GE/95/08.14-kC/cBt0wyhl+", "HOLE_ID": "SEK/MCP52/3", "HOLE_TYPE": "SCP", "HOLE_STAR": "06/11/96", "HOLE_ENDD": "06/11/96", "HOLE_REM": null}, "geometry": {"type": "LineString", "coordinates": [[114.211634705469, 22.303215326851475, -11.836265068167346], [114.21163471901446, 22.30321531991399, -45.8662649994206]]}}, {"id": "117", "type": "Feature", "properties": {"location_uid": "SEK/MCP52/2_GE/95/08.14-kC/cBt0wyhl+", "HOLE_ID": "SEK/MCP52/2", "HOLE_TYPE": "SCP", "HOLE_STAR": "02/11/96", "HOLE_ENDD": "02/11/96", "HOLE_REM": null}, "geometry": {"type": "LineString", "coordinates": [[114.20909754947661, 22.301872186467946, -12.133530196006541], [114.20909756378971, 22.30187217913711, -48.093530123362164]]}}, {"id": "118", "type": "Feature", "properties": {"location_uid": "SEK/MCP25/2_GE/95/08.14-kC/cBt0wyhl+", "HOLE_ID": "SEK/MCP25/2", "HOLE_TYPE": "SCP", "HOLE_STAR": "26/11/96", "HOLE_ENDD": "26/11/96", "HOLE_REM": null}, "geometry": {"type": "LineString", "coordinates": [[114.19465553210703, 22.318097627413618, -7.302906295935145], [114.19465554311176, 22.31809762177904, -34.95290623459574]]}}, {"id": "119", "type": "Feature", "properties": {"location_uid": "SEK/MCP64/2_GE/95/08.14-kC/cBt0wyhl+", "HOLE_ID": "SEK/MCP64/2", "HOLE_TYPE": "SCP", "HOLE_STAR": "23/11/96", "HOLE_ENDD": "23/11/96", "HOLE_REM": null}, "geometry": {"type": "LineString", "coordinates": [[114.21462522750844, 22.31177522183712, -8.01260719819145], [114.21462524152093, 22.31177521466166, -43.21260712730744]]}}, {"id": "120", "type": "Feature", "properties": {"location_uid": "SEK/MCP64/3_GE/95/08.14-kC/cBt0wyhl+", "HOLE_ID": "SEK/MCP64/3", "HOLE_TYPE": "SCP", "HOLE_STAR": "25/11/96", "HOLE_ENDD": "25/11/96", "HOLE_REM": null}, "geometry": {"type": "LineString", "coordinates": [[114.21696157918198, 22.311298296171852, -8.692320830312546], [114.21696158693284, 22.3112982922028, -28.162320791073533]]}}, {"id": "121", "type": "Feature", "properties": {"location_uid": "SEK/MCP44/1_GE/95/08.14-kC/cBt0wyhl+", "HOLE_ID": "SEK/MCP44/1", "HOLE_TYPE": "SCP", "HOLE_STAR": "04/11/96", "HOLE_ENDD": "04/11/96", "HOLE_REM": null}, "geometry": {"type": "LineString", "coordinates": [[114.20485360379821, 22.31132874478774, -8.572510557542957], [114.20485361755425, 22.31132873774354, -43.132510479921955]]}}, {"id": "122", "type": "Feature", "properties": {"location_uid": "SEK/MCP33/3_GE/95/08.14-kC/cBt0wyhl+", "HOLE_ID": "SEK/MCP33/3", "HOLE_TYPE": "SCP", "HOLE_STAR": "29/11/96", "HOLE_ENDD": "29/11/96", "HOLE_REM": null}, "geometry": {"type": "LineString", "coordinates": [[114.19998511506026, 22.306826039122186, -14.245423978291237], [114.1999851279713, 22.30682603251009, -46.6854239052885]]}}, {"id": "123", "type": "Feature", "properties": {"location_uid": "SEK/MCP25/3_GE/95/08.14-kC/cBt0wyhl+", "HOLE_ID": "SEK/MCP25/3", "HOLE_TYPE": "SCP", "HOLE_STAR": "10/12/96", "HOLE_ENDD": "10/12/96", "HOLE_REM": null}, "geometry": {"type": "LineString", "coordinates": [[114.19514926492057, 22.31582113917212, -8.986018425213032], [114.19514927894603, 22.31582113199057, -44.22601834683229]]}}, {"id": "124", "type": "Feature", "properties": {"location_uid": "SEK/MCP72/3_GE/95/08.14-kC/cBt0wyhl+", "HOLE_ID": "SEK/MCP72/3", "HOLE_TYPE": "SCP", "HOLE_STAR": "02/12/96", "HOLE_ENDD": "02/12/96", "HOLE_REM": null}, "geometry": {"type": "LineString", "coordinates": [[114.21845246549215, 22.304550432249677, -9.861949108130096], [114.21845247475947, 22.304550427503433, -33.14194906104988]]}}, {"id": "125", "type": "Feature", "properties": {"location_uid": "SEK/MCP72/7_GE/95/08.14-kC/cBt0wyhl+", "HOLE_ID": "SEK/MCP72/7", "HOLE_TYPE": "SCP", "HOLE_STAR": "11/12/96", "HOLE_ENDD": "11/12/96", "HOLE_REM": null}, "geometry": {"type": "LineString", "coordinates": [[114.21969763176772, 22.30526244285049, -7.778517144144107], [114.21969764443493, 22.305262436363098, -39.59851707979373]]}}, {"id": "126", "type": "Feature", "properties": {"location_uid": "SEK/MCP73/3_GE/95/08.14-kC/cBt0wyhl+", "HOLE_ID": "SEK/MCP73/3", "HOLE_TYPE": "SCP", "HOLE_STAR": "20/11/96", "HOLE_ENDD": "20/11/96", "HOLE_REM": null}, "geometry": {"type": "LineString", "coordinates": [[114.22086019682838, 22.306823071811205, -8.637240955082955], [114.22086021053495, 22.30682306479173, -43.067240885483905]]}}, {"id": "127", "type": "Feature", "properties": {"location_uid": "SEK/MCP24/3_GE/95/08.14-kC/cBt0wyhl+", "HOLE_ID": "SEK/MCP24/3", "HOLE_TYPE": "SCP", "HOLE_STAR": "16/12/96", "HOLE_ENDD": "16/12/96", "HOLE_REM": null}, "geometry": {"type": "LineString", "coordinates": [[114.19605968945174, 22.31318617543212, -10.396485211830935], [114.1960597057457, 22.313186167088595, -51.336485120483225]]}}, {"id": "128", "type": "Feature", "properties": {"location_uid": "SEK/MCP72/6_GE/95/08.14-kC/cBt0wyhl+", "HOLE_ID": "SEK/MCP72/6", "HOLE_TYPE": "SCP", "HOLE_STAR": "28/11/96", "HOLE_ENDD": "28/11/96", "HOLE_REM": null}, "geometry": {"type": "LineString", "coordinates": [[114.21937876433431, 22.303463628807425, -10.595928878066431], [114.21937877549655, 22.30346362309058, -38.63592882131851]]}}, {"id": "129", "type": "Feature", "properties": {"location_uid": "SEK/MCP72/4_GE/95/08.14-kC/cBt0wyhl+", "HOLE_ID": "SEK/MCP72/4", "HOLE_TYPE": "SCP", "HOLE_STAR": "10/12/96", "HOLE_ENDD": "10/12/96", "HOLE_REM": null}, "geometry": {"type": "LineString", "coordinates": [[114.21988733917223, 22.30454680709796, -8.086226234880218], [114.21988735120644, 22.30454680093466, -38.316226173722626]]}}, {"id": "130", "type": "Feature", "properties": {"location_uid": "SEK/MCP25/4_GE/95/08.14-kC/cBt0wyhl+", "HOLE_ID": "SEK/MCP25/4", "HOLE_TYPE": "SCP", "HOLE_STAR": "04/12/96", "HOLE_ENDD": "04/12/96", "HOLE_REM": null}, "geometry": {"type": "LineString", "coordinates": [[114.19755273660134, 22.318101979404865, -5.049793394857792], [114.19755274940552, 22.31810197284897, -37.21979332337998]]}}, {"id": "131", "type": "Feature", "properties": {"location_uid": "SEK/MCP33/4_GE/95/08.14-kC/cBt0wyhl+", "HOLE_ID": "SEK/MCP33/4", "HOLE_TYPE": "SCP", "HOLE_STAR": "05/11/96", "HOLE_ENDD": "05/11/96", "HOLE_REM": null}, "geometry": {"type": "LineString", "coordinates": [[114.20193536262336, 22.30905089132573, -10.121097800021571], [114.20193537994491, 22.30905088245528, -53.64109770220286]]}}, {"id": "132", "type": "Feature", "properties": {"location_uid": "SEK/MCP33/5_GE/95/08.14-kC/cBt0wyhl+", "HOLE_ID": "SEK/MCP33/5", "HOLE_TYPE": "SCP", "HOLE_STAR": "30/11/96", "HOLE_ENDD": "30/11/96", "HOLE_REM": null}, "geometry": {"type": "LineString", "coordinates": [[114.20242317376349, 22.305452297866463, -13.981360142450905], [114.20242318812355, 22.305452290512086, -50.061360061038904]]}}, {"id": "133", "type": "Feature", "properties": {"location_uid": "SEK/MCP25/5_GE/95/08.14-kC/cBt0wyhl+", "HOLE_ID": "SEK/MCP25/5", "HOLE_TYPE": "SCP", "HOLE_STAR": "05/12/96", "HOLE_ENDD": "05/12/96", "HOLE_REM": null}, "geometry": {"type": "LineString", "coordinates": [[114.19599966362577, 22.31712415628647, -7.984824642400366], [114.19599967768335, 22.317124149088674, -43.304824563910756]]}}, {"id": "134", "type": "Feature", "properties": {"location_uid": "SEK/MCP72/5_GE/95/08.14-kC/cBt0wyhl+", "HOLE_ID": "SEK/MCP72/5", "HOLE_TYPE": "SCP", "HOLE_STAR": "12/12/96", "HOLE_ENDD": "12/12/96", "HOLE_REM": null}, "geometry": {"type": "LineString", "coordinates": [[114.220853114009, 22.30094008201886, -12.90463204983316], [114.22085312159247, 22.300940078134722, -31.954632011220838]]}}, {"id": "135", "type": "Feature", "properties": {"location_uid": "SEK/MCP35/2_GE/95/08.14-kC/cBt0wyhl+", "HOLE_ID": "SEK/MCP35/2", "HOLE_TYPE": "SCP", "HOLE_STAR": "15/11/96", "HOLE_ENDD": "15/11/96", "HOLE_REM": null}, "geometry": {"type": "LineString", "coordinates": [[114.19840248940379, 22.314320756425044, -9.608147962007186], [114.19840250133215, 22.314320750317115, -39.57814789512949]]}}, {"id": "136", "type": "Feature", "properties": {"location_uid": "SEK/MCP62/2_GE/95/08.14-kC/cBt0wyhl+", "HOLE_ID": "SEK/MCP62/2", "HOLE_TYPE": "SCP", "HOLE_STAR": "08/11/96", "HOLE_ENDD": "08/11/96", "HOLE_REM": null}, "geometry": {"type": "LineString", "coordinates": [[114.21383372306843, 22.30172524063848, -12.244323161941463], [114.21383373533239, 22.301725234357153, -43.054323099623765]]}}, {"id": "137", "type": "Feature", "properties": {"location_uid": "SEK/MCP35/3_GE/95/08.14-kC/cBt0wyhl+", "HOLE_ID": "SEK/MCP35/3", "HOLE_TYPE": "SCP", "HOLE_STAR": "14/11/96", "HOLE_ENDD": "14/11/96", "HOLE_REM": null}, "geometry": {"type": "LineString", "coordinates": [[114.19950856669264, 22.31628340649819, -7.7671738379533615], [114.19950857608194, 22.316283401690587, -31.357173785386845]]}}, {"id": "138", "type": "Feature", "properties": {"location_uid": "SEK/MCP42/1_GE/95/08.14-kC/cBt0wyhl+", "HOLE_ID": "SEK/MCP42/1", "HOLE_TYPE": "SCP", "HOLE_STAR": "01/11/96", "HOLE_ENDD": "01/11/96", "HOLE_REM": null}, "geometry": {"type": "LineString", "coordinates": [[114.20485288138283, 22.30380660949485, -13.836725673194316], [114.20485289574316, 22.303806602140106, -49.91672559154316]]}}, {"id": "139", "type": "Feature", "properties": {"location_uid": "SEK/MCP23/3_GE/95/08.14-kC/cBt0wyhl+", "HOLE_ID": "SEK/MCP23/3", "HOLE_TYPE": "SCP", "HOLE_STAR": "11/11/96", "HOLE_ENDD": "11/11/96", "HOLE_REM": null}, "geometry": {"type": "LineString", "coordinates": [[114.19658826381637, 22.306357438929428, -12.880066559726995], [114.19658827273109, 22.30635743436391, -35.28006650938521]]}}, {"id": "140", "type": "Feature", "properties": {"location_uid": "SEK/MCP63/4_GE/95/08.14-kC/cBt0wyhl+", "HOLE_ID": "SEK/MCP63/4", "HOLE_TYPE": "SCP", "HOLE_STAR": "19/11/96", "HOLE_ENDD": "19/11/96", "HOLE_REM": null}, "geometry": {"type": "LineString", "coordinates": [[114.21649742156056, 22.307702423748825, -9.06647465852257], [114.21649743197435, 22.30770241841575, -35.22647460571962]]}}, {"id": "141", "type": "Feature", "properties": {"location_uid": "SEK/MCP23/4_GE/95/08.14-kC/cBt0wyhl+", "HOLE_ID": "SEK/MCP23/4", "HOLE_TYPE": "SCP", "HOLE_STAR": "09/11/96", "HOLE_ENDD": "09/11/96", "HOLE_REM": null}, "geometry": {"type": "LineString", "coordinates": [[114.19758294553327, 22.309054757561963, -10.421043830629655], [114.19758296074451, 22.3090547497722, -48.64104374492297]]}}, {"id": "142", "type": "Feature", "properties": {"location_uid": "SEK/MCP43/2_GE/95/08.14-kC/cBt0wyhl+", "HOLE_ID": "SEK/MCP43/2", "HOLE_TYPE": "SCP", "HOLE_STAR": "06/12/96", "HOLE_ENDD": "06/12/96", "HOLE_REM": null}, "geometry": {"type": "LineString", "coordinates": [[114.20436793047698, 22.306792844532875, -12.06522126061542], [114.20436794771918, 22.306792835702673, -55.38522116289812]]}}, {"id": "143", "type": "Feature", "properties": {"location_uid": "SEK/MCP14/2_GE/95/08.14-kC/cBt0wyhl+", "HOLE_ID": "SEK/MCP14/2", "HOLE_TYPE": "SCP", "HOLE_STAR": "16/11/96", "HOLE_ENDD": "16/11/96", "HOLE_REM": null}, "geometry": {"type": "LineString", "coordinates": [[114.1922285663324, 22.313569211336365, -8.804720886039803], [114.19222857326913, 22.313569207784347, -26.234720847243977]]}}, {"id": "144", "type": "Feature", "properties": {"location_uid": "SEK/MCP43/3_GE/95/08.14-kC/cBt0wyhl+", "HOLE_ID": "SEK/MCP43/3", "HOLE_TYPE": "SCP", "HOLE_STAR": "07/11/96", "HOLE_ENDD": "07/11/96", "HOLE_REM": null}, "geometry": {"type": "LineString", "coordinates": [[114.20761087373168, 22.308944255641514, -9.364873234364033], [114.2076108893707, 22.30894424763269, -48.65487314577729]]}}, {"id": "145", "type": "Feature", "properties": {"location_uid": "SEK/MCP34/3_GE/95/08.14-kC/cBt0wyhl+", "HOLE_ID": "SEK/MCP34/3", "HOLE_TYPE": "SCP", "HOLE_STAR": "21/11/96", "HOLE_ENDD": "21/11/96", "HOLE_REM": null}, "geometry": {"type": "LineString", "coordinates": [[114.19944999601324, 22.31178030541393, -10.578127424573022], [114.19945000604702, 22.31178030027586, -35.78812736814065]]}}, {"id": "146", "type": "Feature", "properties": {"location_uid": "SEK/MCP63/3_GE/95/08.14-kC/cBt0wyhl+", "HOLE_ID": "SEK/MCP63/3", "HOLE_TYPE": "SCP", "HOLE_STAR": "28/11/96", "HOLE_ENDD": "28/11/96", "HOLE_REM": null}, "geometry": {"type": "LineString", "coordinates": [[114.21760167076067, 22.30969610763421, -8.41635199975298], [114.21760167653697, 22.30969610467619, -22.926351970483996]]}}, {"id": "147", "type": "Feature", "properties": {"location_uid": "SEK/MCP63/2_GE/95/08.14-kC/cBt0wyhl+", "HOLE_ID": "SEK/MCP63/2", "HOLE_TYPE": "SCP", "HOLE_STAR": "12/12/96", "HOLE_ENDD": "12/12/96", "HOLE_REM": null}, "geometry": {"type": "LineString", "coordinates": [[114.21699513323676, 22.30679544809447, -7.452555869503442], [114.21699513410059, 22.306795447652082, -9.622555865121036]]}}, {"id": "148", "type": "Feature", "properties": {"location_uid": "SEK/MCP82/1_GE/95/08.10-ZUTM/Wwph0I0", "HOLE_ID": "SEK/MCP82/1", "HOLE_TYPE": "SCP", "HOLE_STAR": "16/04/96", "HOLE_ENDD": "16/04/96", "HOLE_REM": null}, "geometry": {"type": "LineString", "coordinates": [[114.22310187417105, 22.303854899094798, -11.681932828549263], [114.22310188514277, 22.30385489347558, -39.241932772731246]]}}, {"id": "149", "type": "Feature", "properties": {"location_uid": "MBH12/1_GE/95/08.10-A+cad5d35lC9", "HOLE_ID": "MBH12/1", "HOLE_TYPE": "CP+RO+RC", "HOLE_STAR": "23/4/1996", "HOLE_ENDD": "24/4/1996", "HOLE_REM": "In situ vane shear test carried out at 4.00m."}, "geometry": {"type": "LineString", "coordinates": [[114.19319276626365, 22.30228862212598, -20.46740491269234], [114.19319277756149, 22.302288616339506, -48.857404848741275]]}}, {"id": "150", "type": "Feature", "properties": {"location_uid": "MBH22/1_GE/95/08.10-A+cad5d35lC9", "HOLE_ID": "MBH22/1", "HOLE_TYPE": "CP+RO+RC", "HOLE_STAR": "16/4/1996", "HOLE_ENDD": "17/4/1996", "HOLE_REM": "In situ vane shear tests  carried out at 1.00m, 3.00m and 5.00m."}, "geometry": {"type": "LineString", "coordinates": [[114.19707953160577, 22.30364205420754, -14.302230022026244], [114.19707954598059, 22.303642046845315, -50.42222994060632]]}}, {"id": "151", "type": "Feature", "properties": {"location_uid": "MBH24/1_GE/95/08.10-A+cad5d35lC9", "HOLE_ID": "MBH24/1", "HOLE_TYPE": "CP+RC+RO", "HOLE_STAR": "1/4/1996", "HOLE_ENDD": "3/4/1996", "HOLE_REM": "In situ vane shear test carried out at 1.00m and 3.00m"}, "geometry": {"type": "LineString", "coordinates": [[114.19368193228384, 22.309974525359134, -10.580785668004609], [114.19368195143842, 22.30997451555016, -58.7107855603994]]}}, {"id": "152", "type": "Feature", "properties": {"location_uid": "MBH24/2_GE/95/08.10-A+cad5d35lC9", "HOLE_ID": "MBH24/2", "HOLE_TYPE": "CP+RO", "HOLE_STAR": "29/3/1996", "HOLE_ENDD": "31/3/1996", "HOLE_REM": "In situ vane shear test carried out at 1.50m."}, "geometry": {"type": "LineString", "coordinates": [[114.19417162270527, 22.313584367083035, -9.485901030219011], [114.19417163550055, 22.313584360531095, -41.635900958585424]]}}, {"id": "153", "type": "Feature", "properties": {"location_uid": "MBH24/3_GE/95/08.10-A+cad5d35lC9", "HOLE_ID": "MBH24/3", "HOLE_TYPE": "RO+CP", "HOLE_STAR": "26/3/1996", "HOLE_ENDD": "1/4/1996", "HOLE_REM": "In situ vane shear test carried out at 1.00m and 3.00m."}, "geometry": {"type": "LineString", "coordinates": [[114.1969311226158, 22.312317325819976, -10.770729637622532], [114.19693113857552, 22.31231731764746, -50.87072954802785]]}}, {"id": "154", "type": "Feature", "properties": {"location_uid": "MBH25/1_GE/95/08.10-A+cad5d35lC9", "HOLE_ID": "MBH25/1", "HOLE_TYPE": "CP+RO+RC", "HOLE_STAR": "17/4/1996", "HOLE_ENDD": "20/4/1996", "HOLE_REM": "In situ vane shear tests carried out at 1.00m, 3.00m and 4.00m."}, "geometry": {"type": "LineString", "coordinates": [[114.19601907286676, 22.317107898998238, -7.584703326614582], [114.19601909541387, 22.3171078874536, -64.23470320072033]]}}, {"id": "155", "type": "Feature", "properties": {"location_uid": "MBH32/1_GE/95/08.10-A+cad5d35lC9", "HOLE_ID": "MBH32/1", "HOLE_TYPE": "CP+RO", "HOLE_STAR": "12/4/1996", "HOLE_ENDD": "13/4/1996", "HOLE_REM": "In situ vane shear test carried out at 1.5m."}, "geometry": {"type": "LineString", "coordinates": [[114.19902605818135, 22.303150263572892, -13.242237063744351], [114.1990260703994, 22.303150257315227, -43.94223699443623]]}}, {"id": "156", "type": "Feature", "properties": {"location_uid": "MBH33/1_GE/95/08.10-A+cad5d35lC9", "HOLE_ID": "MBH33/1", "HOLE_TYPE": "CP+RO+RC", "HOLE_STAR": "13/4/1996", "HOLE_ENDD": "16/4/1996", "HOLE_REM": "In situ vane shear test carried out at 1.00m and 3.00m."}, "geometry": {"type": "LineString", "coordinates": [[114.19911570792934, 22.30545314744603, -12.746581256088673], [114.19911572239626, 22.305453140036924, -49.0965811742112]]}}, {"id": "157", "type": "Feature", "properties": {"location_uid": "MBH34/1_GE/95/08.10-A+cad5d35lC9", "HOLE_ID": "MBH34/1", "HOLE_TYPE": "CP+RO+RC", "HOLE_STAR": "3/4/1996", "HOLE_ENDD": "9/4/1996", "HOLE_REM": "In situ vane shear tests carried out at 2.00m and 4.00m."}, "geometry": {"type": "LineString", "coordinates": [[114.19853517250301, 22.30997087811205, -10.458571492597857], [114.19853518016447, 22.309970874188643, -29.708571449448648]]}}, {"id": "158", "type": "Feature", "properties": {"location_uid": "MBH35/1_GE/95/08.10-A+cad5d35lC9", "HOLE_ID": "MBH35/1", "HOLE_TYPE": "CP+RO+RC", "HOLE_STAR": "29/4/1996", "HOLE_ENDD": "4/5/1996", "HOLE_REM": "In situ vane shear test carried out at 1.00m and 3.00m."}, "geometry": {"type": "LineString", "coordinates": [[114.19768314084304, 22.315192393968097, -8.07321525381446], [114.19768316637146, 22.31519238089647, -72.21321511086855]]}}, {"id": "159", "type": "Feature", "properties": {"location_uid": "MBH43/1_GE/95/08.10-A+cad5d35lC9", "HOLE_ID": "MBH43/1", "HOLE_TYPE": "CP+RO+RC", "HOLE_STAR": "18/4/1996", "HOLE_ENDD": "19/4/1996", "HOLE_REM": "In situ vane shear tests at 1.00m and 3.00m."}, "geometry": {"type": "LineString", "coordinates": [[114.20339163553042, 22.30545268436489, -12.276904557712927], [114.20339165328967, 22.305452675269645, -56.89690445697956]]}}, {"id": "160", "type": "Feature", "properties": {"location_uid": "MBH44/1_GE/95/08.10-A+cad5d35lC9", "HOLE_ID": "MBH44/1", "HOLE_TYPE": "CP+RO", "HOLE_STAR": "10/4/1996", "HOLE_ENDD": "11/4/1996", "HOLE_REM": "In situ vane shear tests carried at 1.00m and 3.00m. Mazier from 30.05m to 30.85m no jarsample recovered."}, "geometry": {"type": "LineString", "coordinates": [[114.20338084225477, 22.309968351263723, -9.886394096741858], [114.20338085992701, 22.309968342213864, -54.286393996961415]]}}, {"id": "161", "type": "Feature", "properties": {"location_uid": "MBH44/2_GE/95/08.10-A+cad5d35lC9", "HOLE_ID": "MBH44/2", "HOLE_TYPE": "CP+RO+RC", "HOLE_STAR": "22/4/1996", "HOLE_ENDD": "27/4/1996", "HOLE_REM": "In situ vane shear test carried out at 1.00m and 3.00m."}, "geometry": {"type": "LineString", "coordinates": [[114.20339456685916, 22.312232140565197, -10.041063862657673], [114.20339459238488, 22.312232127494195, -74.17106371886567]]}}, {"id": "162", "type": "Feature", "properties": {"location_uid": "MBH52/1_GE/95/08.10-A+cad5d35lC9", "HOLE_ID": "MBH52/1", "HOLE_TYPE": "CP+RO+RC", "HOLE_STAR": "20/4/1996", "HOLE_ENDD": "22/4/1996", "HOLE_REM": "No in situ vane shear tests required as instructed by MGS."}, "geometry": {"type": "LineString", "coordinates": [[114.20823762440916, 22.304100748795047, -13.101741908350979], [114.20823763896115, 22.30410074134218, -49.66174182548987]]}}, {"id": "163", "type": "Feature", "properties": {"location_uid": "MBH53/1_GE/95/08.10-A+cad5d35lC9", "HOLE_ID": "MBH53/1", "HOLE_TYPE": "CP+RO+RC", "HOLE_STAR": "29/4/1996", "HOLE_ENDD": "4/5/1996", "HOLE_REM": "In situ vane shear test performed at 1.00m, 3.00m and 5.00m."}, "geometry": {"type": "LineString", "coordinates": [[114.20823852784609, 22.307712360540904, -10.009388126621566], [114.20823854992943, 22.307712349231636, -65.48938800133426]]}}, {"id": "164", "type": "Feature", "properties": {"location_uid": "MBH63/1_GE/95/08.10-A+cad5d35lC9", "HOLE_ID": "MBH63/1", "HOLE_TYPE": "CP+RO+RC", "HOLE_STAR": "11/4/1996", "HOLE_ENDD": "16/4/1996", "HOLE_REM": "In situ vane shear tests carried out at 2.00m and 4.00m."}, "geometry": {"type": "LineString", "coordinates": [[114.21649082220878, 22.30770423166509, -8.176504760204931], [114.21649084276972, 22.307704221135506, -59.82650465595131]]}}, {"id": "165", "type": "Feature", "properties": {"location_uid": "MBH64/1_GE/95/08.10-A+cad5d35lC9", "HOLE_ID": "MBH64/1", "HOLE_TYPE": "CP+RO+RC", "HOLE_STAR": "27/3/1996", "HOLE_ENDD": "29/3/1996", "HOLE_REM": "Sample No. 44 and 45 were recovered as rock core and placed into the core box. Insitu vane shear test carried out at 0.50m; 2.50m and 4.50m."}, "geometry": {"type": "LineString", "coordinates": [[114.21552640680008, 22.31223060280118, -9.790005541922234], [114.21552641838446, 22.31223059686917, -38.890005483321005]]}}, {"id": "166", "type": "Feature", "properties": {"location_uid": "MBH65/1_GE/95/08.10-A+cad5d35lC9", "HOLE_ID": "MBH65/1", "HOLE_TYPE": "CP+RO+RC", "HOLE_STAR": "30/3/1996", "HOLE_ENDD": "3/4/1996", "HOLE_REM": "In situ vane shear test carried out at 1.00m and 3.00m."}, "geometry": {"type": "LineString", "coordinates": [[114.21310062034419, 22.314482492127805, -9.304420328637582], [114.21310063575797, 22.314482484235207, -48.02442025079129]]}}, {"id": "167", "type": "Feature", "properties": {"location_uid": "MBH73/1_GE/95/08.10-A+cad5d35lC9", "HOLE_ID": "MBH73/1", "HOLE_TYPE": "CP+RC+RO", "HOLE_STAR": "3/4/1996", "HOLE_ENDD": "10/4/1996", "HOLE_REM": "In situ vane shear test carried out at 1.00m and 3.00m."}, "geometry": {"type": "LineString", "coordinates": [[114.21964907514561, 22.308340086189403, -9.165312801144456], [114.21964908515777, 22.30834008106208, -34.315312750355275]]}}, {"id": "168", "type": "Feature", "properties": {"location_uid": "MBH81/1_GE/95/08.10-A+cad5d35lC9", "HOLE_ID": "MBH81/1", "HOLE_TYPE": "CP+RO+RC", "HOLE_STAR": "6/5/1996", "HOLE_ENDD": "9/5/1996", "HOLE_REM": "."}, "geometry": {"type": "LineString", "coordinates": [[114.22377077714027, 22.296423955955984, -15.023254651608244], [114.22377079242678, 22.29642394812578, -53.42325457355863]]}}, {"id": "169", "type": "Feature", "properties": {"location_uid": "MBH81/2_GE/95/08.10-A+cad5d35lC9", "HOLE_ID": "MBH81/2", "HOLE_TYPE": "CP+RO+RC", "HOLE_STAR": "24/4/1996", "HOLE_ENDD": "25/4/1996", "HOLE_REM": "In situ vane shear test carried out at 1.00m and 3.00m. From 17.50m to 17.60m U76attempted."}, "geometry": {"type": "LineString", "coordinates": [[114.22571106335799, 22.300031927298207, -12.773280791284279], [114.22571107272141, 22.30003192250232, -36.29328074353467]]}}, {"id": "170", "type": "Feature", "properties": {"location_uid": "MBH82/1_GE/95/08.10-A+cad5d35lC9", "HOLE_ID": "MBH82/1", "HOLE_TYPE": "CP+RO+RC", "HOLE_STAR": "26/4/1996", "HOLE_ENDD": "28/4/1996", "HOLE_REM": "."}, "geometry": {"type": "LineString", "coordinates": [[114.22473278962653, 22.302743028892547, -9.833035794729852], [114.22473279933237, 22.30274302392154, -34.2130357453075]]}}, {"id": "171", "type": "Feature", "properties": {"location_uid": "MVC14/1_GE/95/08.10-A+cad5d35lC9", "HOLE_ID": "MVC14/1", "HOLE_TYPE": "VC", "HOLE_STAR": "11/4/1996", "HOLE_ENDD": "11/4/1996", "HOLE_REM": "Vibrocore terminated due to refusal."}, "geometry": {"type": "LineString", "coordinates": [[114.19224258891497, 22.31134271518325, -8.310144519640362], [114.1922425936508, 22.31134271275811, -20.210144493092812]]}}, {"id": "172", "type": "Feature", "properties": {"location_uid": "MVC14/2_GE/95/08.10-A+cad5d35lC9", "HOLE_ID": "MVC14/2", "HOLE_TYPE": "VC", "HOLE_STAR": "11/4/1996", "HOLE_ENDD": "11/4/1996", "HOLE_REM": "."}, "geometry": {"type": "LineString", "coordinates": [[114.19320477318632, 22.31041418402131, -10.773862461323251], [114.19320477553435, 22.310414182818903, -16.673862448141982]]}}, {"id": "173", "type": "Feature", "properties": {"location_uid": "MVC14/3_GE/95/08.10-A+cad5d35lC9", "HOLE_ID": "MVC14/3", "HOLE_TYPE": "VC", "HOLE_STAR": "11/4/1996", "HOLE_ENDD": "11/4/1996", "HOLE_REM": "Vibrocore terminated due to refusal."}, "geometry": {"type": "LineString", "coordinates": [[114.1927105464049, 22.313588580906288, -7.532564746213624], [114.19271054875296, 22.313588579703943, -13.432564733078319]]}}, {"id": "174", "type": "Feature", "properties": {"location_uid": "MVC22/1_GE/95/08.10-A+cad5d35lC9", "HOLE_ID": "MVC22/1", "HOLE_TYPE": "VC", "HOLE_STAR": "29/3/1996", "HOLE_ENDD": "29/3/1996", "HOLE_REM": "Hole terminated due to refusal."}, "geometry": {"type": "LineString", "coordinates": [[114.1975686555802, 22.30363142679459, -13.34995237961456], [114.19756865741088, 22.303631425856985, -17.949952369242666]]}}, {"id": "175", "type": "Feature", "properties": {"location_uid": "MVC23/1_GE/95/08.10-A+cad5d35lC9", "HOLE_ID": "MVC23/1", "HOLE_TYPE": "VC", "HOLE_STAR": "30/3/1996", "HOLE_ENDD": "30/3/1996", "HOLE_REM": "Hole terminated due to refusal."}, "geometry": {"type": "LineString", "coordinates": [[114.19660181890293, 22.30544408171717, -11.668130345594193], [114.19660182129078, 22.305444080494258, -17.668130332097554]]}}, {"id": "176", "type": "Feature", "properties": {"location_uid": "MVC23/2_GE/95/08.10-A+cad5d35lC9", "HOLE_ID": "MVC23/2", "HOLE_TYPE": "VC", "HOLE_STAR": "29/3/1996", "HOLE_ENDD": "29/3/1996", "HOLE_REM": "Hole terminated due to refusal."}, "geometry": {"type": "LineString", "coordinates": [[114.19464971227411, 22.308174170617274, -10.87268383594718], [114.19464971466195, 22.30817416939444, -16.872683822501497]]}}, {"id": "177", "type": "Feature", "properties": {"location_uid": "MVC23/3_GE/95/08.10-A+cad5d35lC9", "HOLE_ID": "MVC23/3", "HOLE_TYPE": "VC", "HOLE_STAR": "28/3/1996", "HOLE_ENDD": "28/3/1996", "HOLE_REM": "Hole terminated due to refusal."}, "geometry": {"type": "LineString", "coordinates": [[114.19368677296416, 22.30906523315663, -10.878913118908462], [114.19368677592108, 22.30906523164238, -18.308913102281807]]}}, {"id": "178", "type": "Feature", "properties": {"location_uid": "MVC24/1_GE/95/08.10-A+cad5d35lC9", "HOLE_ID": "MVC24/1", "HOLE_TYPE": "VC", "HOLE_STAR": "10/4/1996", "HOLE_ENDD": "10/4/1996", "HOLE_REM": "Vibrocore terminated fue to refusal."}, "geometry": {"type": "LineString", "coordinates": [[114.19466453423618, 22.311781985821128, -11.069977918231187], [114.19466453642508, 22.311781984700236, -16.569977905950996]]}}, {"id": "179", "type": "Feature", "properties": {"location_uid": "MVC24/2_GE/95/08.10-A+cad5d35lC9", "HOLE_ID": "MVC24/2", "HOLE_TYPE": "VC", "HOLE_STAR": "11/4/1996", "HOLE_ENDD": "11/4/1996", "HOLE_REM": "Hole terminated due to refusal."}, "geometry": {"type": "LineString", "coordinates": [[114.19464195886853, 22.31359849281168, -16.053787484188582], [114.1946419611888, 22.313598491623562, -21.883787471195678]]}}, {"id": "180", "type": "Feature", "properties": {"location_uid": "MVC24/3_GE/95/08.10-A+cad5d35lC9", "HOLE_ID": "MVC24/3", "HOLE_TYPE": "VC", "HOLE_STAR": "12/4/1996", "HOLE_ENDD": "12/4/1996", "HOLE_REM": "."}, "geometry": {"type": "LineString", "coordinates": [[114.19750047984148, 22.31188730723909, -10.977247632229172], [114.19750048211006, 22.311887306077395, -16.67724761948438]]}}, {"id": "181", "type": "Feature", "properties": {"location_uid": "MVC25/1_GE/95/08.10-A+cad5d35lC9", "HOLE_ID": "MVC25/1", "HOLE_TYPE": "VC", "HOLE_STAR": "10/4/1996", "HOLE_ENDD": "10/4/1996", "HOLE_REM": "."}, "geometry": {"type": "LineString", "coordinates": [[114.19368024078013, 22.314481247621785, -10.309964370855939], [114.19368024277007, 22.314481246602842, -15.309964359728518]]}}, {"id": "182", "type": "Feature", "properties": {"location_uid": "MVC25/2_GE/95/08.10-A+cad5d35lC9", "HOLE_ID": "MVC25/2", "HOLE_TYPE": "VC", "HOLE_STAR": "12/4/1996", "HOLE_ENDD": "12/4/1996", "HOLE_REM": "Vibrocore terminated due to refusal."}, "geometry": {"type": "LineString", "coordinates": [[114.19395103083798, 22.316102031400472, -8.992033048202224], [114.19395103461889, 22.31610202946451, -18.492033027092134]]}}, {"id": "183", "type": "Feature", "properties": {"location_uid": "MVC25/3_GE/95/08.10-A+cad5d35lC9", "HOLE_ID": "MVC25/3", "HOLE_TYPE": "VC", "HOLE_STAR": "12/4/1996", "HOLE_ENDD": "12/4/1996", "HOLE_REM": "."}, "geometry": {"type": "LineString", "coordinates": [[114.19467027019165, 22.31721109177921, -9.211030464301015], [114.19467027397262, 22.317211089843262, -18.71103044320661]]}}, {"id": "184", "type": "Feature", "properties": {"location_uid": "MVC25/4_GE/95/08.10-A+cad5d35lC9", "HOLE_ID": "MVC25/4", "HOLE_TYPE": "VC", "HOLE_STAR": "3/4/1996", "HOLE_ENDD": "3/4/1996", "HOLE_REM": "Hole terminated due to refusal."}, "geometry": {"type": "LineString", "coordinates": [[114.19660370217517, 22.315381900781116, -8.348510942510629], [114.19660370456316, 22.315381899558346, -14.348510929149413]]}}, {"id": "185", "type": "Feature", "properties": {"location_uid": "MVC26/1_GE/95/08.10-A+cad5d35lC9", "HOLE_ID": "MVC26/1", "HOLE_TYPE": "VC", "HOLE_STAR": "6/5/1996", "HOLE_ENDD": "6/5/1996", "HOLE_REM": "Vibrocore terminated due to refusal."}, "geometry": {"type": "LineString", "coordinates": [[114.1956281816503, 22.31900437040562, -4.990356314414496], [114.19562818594879, 22.319004368204777, -15.790356290465308]]}}, {"id": "186", "type": "Feature", "properties": {"location_uid": "MVC26/2_GE/95/08.10-A+cad5d35lC9", "HOLE_ID": "MVC26/2", "HOLE_TYPE": "VC", "HOLE_STAR": "6/5/1996", "HOLE_ENDD": "6/5/1996", "HOLE_REM": "Vibrocore terminated due to refusal."}, "geometry": {"type": "LineString", "coordinates": [[114.19562441963397, 22.319907430539356, -3.5922210660660747], [114.19562442389267, 22.319907428358917, -14.292221042360536]]}}, {"id": "187", "type": "Feature", "properties": {"location_uid": "MVC32/1_GE/95/08.10-A+cad5d35lC9", "HOLE_ID": "MVC32/1", "HOLE_TYPE": "VC", "HOLE_STAR": "29/3/1996", "HOLE_ENDD": "29/3/1996", "HOLE_REM": "Hole terminated due to refusal."}, "geometry": {"type": "LineString", "coordinates": [[114.2004728432346, 22.303650897159354, -11.97659882479604], [114.20047284690406, 22.30365089528, -21.196598803975796]]}}, {"id": "188", "type": "Feature", "properties": {"location_uid": "MVC32/2_GE/95/08.10-A+cad5d35lC9", "HOLE_ID": "MVC32/2", "HOLE_TYPE": "VC", "HOLE_STAR": "29/4/1996", "HOLE_ENDD": "29/4/1996", "HOLE_REM": "Hole terminated due to refusal."}, "geometry": {"type": "LineString", "coordinates": [[114.2024381483979, 22.30454950572828, -12.529408845932583], [114.20243815030831, 22.304549504749865, -17.32940883509191]]}}, {"id": "189", "type": "Feature", "properties": {"location_uid": "MVC33/1_GE/95/08.10-A+cad5d35lC9", "HOLE_ID": "MVC33/1", "HOLE_TYPE": "VC", "HOLE_STAR": "28/3/1996", "HOLE_ENDD": "28/3/1996", "HOLE_REM": "Hole terminated due to refusal."}, "geometry": {"type": "LineString", "coordinates": [[114.19854471041394, 22.306371728141404, -12.701103549474801], [114.19854471346649, 22.30637172657809, -20.371103532219777]]}}, {"id": "190", "type": "Feature", "properties": {"location_uid": "MVC33/2_GE/95/08.10-A+cad5d35lC9", "HOLE_ID": "MVC33/2", "HOLE_TYPE": "VC", "HOLE_STAR": "29/3/1996", "HOLE_ENDD": "29/3/1996", "HOLE_REM": "Hole terminated due to refusal."}, "geometry": {"type": "LineString", "coordinates": [[114.2004844614989, 22.30636983163387, -11.392184027203083], [114.20048446492167, 22.306369829880964, -19.9921840078358]]}}, {"id": "191", "type": "Feature", "properties": {"location_uid": "MVC33/3_GE/95/08.10-A+cad5d35lC9", "HOLE_ID": "MVC33/3", "HOLE_TYPE": "VC", "HOLE_STAR": "30/3/1996", "HOLE_ENDD": "30/3/1996", "HOLE_REM": "Hole terminated due to refusal."}, "geometry": {"type": "LineString", "coordinates": [[114.19854085436462, 22.309051651659953, -12.436649340865515], [114.19854085675259, 22.30905165043707, -18.43664932740382]]}}, {"id": "192", "type": "Feature", "properties": {"location_uid": "MVC33/4_GE/95/08.10-A+cad5d35lC9", "HOLE_ID": "MVC33/4", "HOLE_TYPE": "VC", "HOLE_STAR": "22/4/1996", "HOLE_ENDD": "22/4/1996", "HOLE_REM": "Vibrocore terminated due to refusal."}, "geometry": {"type": "LineString", "coordinates": [[114.20240435087688, 22.308149021463205, -11.537069109095414], [114.20240435324504, 22.308149020250433, -17.487069095706463]]}}, {"id": "193", "type": "Feature", "properties": {"location_uid": "MVC34/1_GE/95/08.10-A+cad5d35lC9", "HOLE_ID": "MVC34/1", "HOLE_TYPE": "VC", "HOLE_STAR": "22/4/1996", "HOLE_ENDD": "22/4/1996", "HOLE_REM": "Vibrocore terminated due to refusal."}, "geometry": {"type": "LineString", "coordinates": [[114.20243321423105, 22.30996218210259, -10.350717266456277], [114.20243321642016, 22.309962180981582, -15.850717254102344]]}}, {"id": "194", "type": "Feature", "properties": {"location_uid": "MVC34/2_GE/95/08.10-A+cad5d35lC9", "HOLE_ID": "MVC34/2", "HOLE_TYPE": "VC", "HOLE_STAR": "27/4/1996", "HOLE_ENDD": "27/4/1996", "HOLE_REM": "Vibrocore terminated due to refusal."}, "geometry": {"type": "LineString", "coordinates": [[114.20009396180635, 22.313597713284043, -10.028952578816185], [114.20009396391583, 22.31359771220387, -15.328952566969921]]}}, {"id": "195", "type": "Feature", "properties": {"location_uid": "MVC35/2_GE/95/08.10-A+cad5d35lC9", "HOLE_ID": "MVC35/2", "HOLE_TYPE": "VC", "HOLE_STAR": "12/4/1996", "HOLE_ENDD": "12/4/1996", "HOLE_REM": "."}, "geometry": {"type": "LineString", "coordinates": [[114.19950643220011, 22.316288734894037, -7.547194548244539], [114.19950643450863, 22.31628873371201, -13.347194535320227]]}}, {"id": "196", "type": "Feature", "properties": {"location_uid": "MVC42/1_GE/95/08.10-A+cad5d35lC9", "HOLE_ID": "MVC42/1", "HOLE_TYPE": "VC", "HOLE_STAR": "13/4/1996", "HOLE_ENDD": "13/4/1996", "HOLE_REM": "."}, "geometry": {"type": "LineString", "coordinates": [[114.20534351460063, 22.304536197366144, -13.725996773433675], [114.20534351868031, 22.30453619527674, -23.97599675024837]]}}, {"id": "197", "type": "Feature", "properties": {"location_uid": "MVC43/1_GE/95/08.10-A+cad5d35lC9", "HOLE_ID": "MVC43/1", "HOLE_TYPE": "VC", "HOLE_STAR": "1/5/1996", "HOLE_ENDD": "1/5/1996", "HOLE_REM": "Hole terminated due to refusal."}, "geometry": {"type": "LineString", "coordinates": [[114.20436104870363, 22.30634158608803, -12.694306999845391], [114.20436105073351, 22.306341585048465, -17.794306988336352]]}}, {"id": "198", "type": "Feature", "properties": {"location_uid": "MVC43/2_GE/95/08.10-A+cad5d35lC9", "HOLE_ID": "MVC43/2", "HOLE_TYPE": "VC", "HOLE_STAR": "13/4/1996", "HOLE_ENDD": "13/4/1996", "HOLE_REM": "Hole terminated due to refusal."}, "geometry": {"type": "LineString", "coordinates": [[114.20729139762423, 22.305453263145928, -12.678960969897794], [114.207291401302, 22.305453261262386, -21.918960948994716]]}}, {"id": "199", "type": "Feature", "properties": {"location_uid": "MVC44/1_GE/95/08.10-A+cad5d35lC9", "HOLE_ID": "MVC44/1", "HOLE_TYPE": "VC", "HOLE_STAR": "29/4/1996", "HOLE_ENDD": "29/4/1996", "HOLE_REM": "Vibrocore terminated due to refusal."}, "geometry": {"type": "LineString", "coordinates": [[114.2034008659994, 22.31269739633365, -9.022007778799379], [114.20340086834776, 22.312697395131135, -14.922007765576968]]}}, {"id": "200", "type": "Feature", "properties": {"location_uid": "MVC52/1_GE/95/08.10-A+cad5d35lC9", "HOLE_ID": "MVC52/1", "HOLE_TYPE": "VC", "HOLE_STAR": "10/4/1996", "HOLE_ENDD": "10/4/1996", "HOLE_REM": "."}, "geometry": {"type": "LineString", "coordinates": [[114.20823704170179, 22.304532412021096, -13.402658971414716], [114.20823704389096, 22.304532410899927, -18.90265895895481]]}}, {"id": "201", "type": "Feature", "properties": {"location_uid": "MVC54/8_GE/95/08.10-A+cad5d35lC9", "HOLE_ID": "MVC54/8", "HOLE_TYPE": "VC", "HOLE_STAR": "19/4/1996", "HOLE_ENDD": "19/4/1996", "HOLE_REM": "."}, "geometry": {"type": "LineString", "coordinates": [[114.21214894804666, 22.310869649205173, -8.770501586158618], [114.2121489525687, 22.310869646889504, -20.130501563286984]]}}, {"id": "202", "type": "Feature", "properties": {"location_uid": "MVC54/9_GE/95/08.10-A+cad5d35lC9", "HOLE_ID": "MVC54/9", "HOLE_TYPE": "VC", "HOLE_STAR": "19/4/1996", "HOLE_ENDD": "19/4/1996", "HOLE_REM": "End of hole at 9.97m. Vibrocore terminated due to refusal."}, "geometry": {"type": "LineString", "coordinates": [[114.21113779780151, 22.312676799494426, -8.198354923815376], [114.21113780177024, 22.312676797462167, -18.168354903764026]]}}, {"id": "203", "type": "Feature", "properties": {"location_uid": "MVC62/1_GE/95/08.10-A+cad5d35lC9", "HOLE_ID": "MVC62/1", "HOLE_TYPE": "VC", "HOLE_STAR": "13/4/1996", "HOLE_ENDD": "13/4/1996", "HOLE_REM": "Vibrocore terminated due to refusal."}, "geometry": {"type": "LineString", "coordinates": [[114.21684578461804, 22.30172154527622, -13.762298349161272], [114.21684578640934, 22.301721544358763, -18.262298340052578]]}}, {"id": "204", "type": "Feature", "properties": {"location_uid": "MVC64/1_GE/95/08.10-A+cad5d35lC9", "HOLE_ID": "MVC64/1", "HOLE_TYPE": "VC", "HOLE_STAR": "16/4/1996", "HOLE_ENDD": "16/4/1996", "HOLE_REM": "Vibrocore terminated due to refusal. End of hole at 9.10m"}, "geometry": {"type": "LineString", "coordinates": [[114.21406692840333, 22.310884572426687, -7.782922420515765], [114.21406693202582, 22.310884570571663, -16.882922402185745]]}}, {"id": "205", "type": "Feature", "properties": {"location_uid": "MVC64/2_GE/95/08.10-A+cad5d35lC9", "HOLE_ID": "MVC64/2", "HOLE_TYPE": "VC", "HOLE_STAR": "9/4/1996", "HOLE_ENDD": "9/4/1996", "HOLE_REM": "Vibrocore terminated due to refusal."}, "geometry": {"type": "LineString", "coordinates": [[114.21602294880017, 22.310878422243004, -7.935147410376987], [114.21602295321894, 22.310878419980227, -19.035147388007413]]}}, {"id": "206", "type": "Feature", "properties": {"location_uid": "MVC64/3_GE/95/08.10-A+cad5d35lC9", "HOLE_ID": "MVC64/3", "HOLE_TYPE": "VC", "HOLE_STAR": "16/4/1996", "HOLE_ENDD": "16/4/1996", "HOLE_REM": "Vibrocore terminated due to refusal."}, "geometry": {"type": "LineString", "coordinates": [[114.21308986280391, 22.312666802482045, -7.640595633009889], [114.21308986682449, 22.312666800423237, -17.74059561268709]]}}, {"id": "207", "type": "Feature", "properties": {"location_uid": "MVC64/4_GE/95/08.10-A+cad5d35lC9", "HOLE_ID": "MVC64/4", "HOLE_TYPE": "VC", "HOLE_STAR": "23/4/1996", "HOLE_ENDD": "23/4/1996", "HOLE_REM": "Vibrocore terminated due to refusal."}, "geometry": {"type": "LineString", "coordinates": [[114.21513080883771, 22.312577110760095, -8.802313797615035], [114.21513081243641, 22.31257710891732, -17.842313779415246]]}}, {"id": "208", "type": "Feature", "properties": {"location_uid": "MVC64/5_GE/95/08.10-A+cad5d35lC9", "HOLE_ID": "MVC64/5", "HOLE_TYPE": "VC", "HOLE_STAR": "26/4/1996", "HOLE_ENDD": "26/4/1996", "HOLE_REM": "Vibrocore trminated due to refusal."}, "geometry": {"type": "LineString", "coordinates": [[114.21400578903592, 22.313466796457593, -8.368670518222284], [114.21400579082729, 22.313466795540304, -12.868670509169014]]}}, {"id": "209", "type": "Feature", "properties": {"location_uid": "MVC64/6_GE/95/08.10-A+cad5d35lC9", "HOLE_ID": "MVC64/6", "HOLE_TYPE": "VC", "HOLE_STAR": "23/4/1996", "HOLE_ENDD": "23/4/1996", "HOLE_REM": "Vibrocore terminated due to refusal."}, "geometry": {"type": "LineString", "coordinates": [[114.21641976844147, 22.311791500113177, -9.065524644468653], [114.21641977286026, 22.311791497850415, -20.165524622106297]]}}, {"id": "210", "type": "Feature", "properties": {"location_uid": "MVC65/1_GE/95/08.10-A+cad5d35lC9", "HOLE_ID": "MVC65/1", "HOLE_TYPE": "VC", "HOLE_STAR": "27/4/1996", "HOLE_ENDD": "27/4/1996", "HOLE_REM": "Vibrocore terminated due to refusal."}, "geometry": {"type": "LineString", "coordinates": [[114.21369178580244, 22.314838435701155, -7.492838075150742], [114.21369178817105, 22.31483843448833, -13.442838063188503]]}}, {"id": "211", "type": "Feature", "properties": {"location_uid": "MVC71/1_GE/95/08.10-A+cad5d35lC9", "HOLE_ID": "MVC71/1", "HOLE_TYPE": "VC", "HOLE_STAR": "18/4/1996", "HOLE_ENDD": "18/4/1996", "HOLE_REM": "Vibrocore terminated due to refusal."}, "geometry": {"type": "LineString", "coordinates": [[114.22083217562619, 22.29822593626011, -13.828885579536886], [114.2208321778554, 22.29822593511828, -19.428885568172333]]}}, {"id": "212", "type": "Feature", "properties": {"location_uid": "MVC71/2_GE/95/08.10-A+cad5d35lC9", "HOLE_ID": "MVC71/2", "HOLE_TYPE": "VC", "HOLE_STAR": "20/4/1996", "HOLE_ENDD": "20/4/1996", "HOLE_REM": "Vibrocore terminated due to refusal."}, "geometry": {"type": "LineString", "coordinates": [[114.21792137904154, 22.299127864841026, -13.022453511117483], [114.21792138127068, 22.29912786369925, -18.622453499765818]]}}, {"id": "213", "type": "Feature", "properties": {"location_uid": "MVC72/1_GE/95/08.10-A+cad5d35lC9", "HOLE_ID": "MVC72/1", "HOLE_TYPE": "VC", "HOLE_STAR": "13/4/1996", "HOLE_ENDD": "13/4/1996", "HOLE_REM": "Vibrocore terminated due to refusal."}, "geometry": {"type": "LineString", "coordinates": [[114.21893886233217, 22.300934539444143, -13.782260772077391], [114.21893886562822, 22.30093453775596, -22.062260755302788]]}}, {"id": "214", "type": "Feature", "properties": {"location_uid": "MVC72/2_GE/95/08.10-A+cad5d35lC9", "HOLE_ID": "MVC72/2", "HOLE_TYPE": "VC", "HOLE_STAR": "18/4/1996", "HOLE_ENDD": "18/4/1996", "HOLE_REM": "."}, "geometry": {"type": "LineString", "coordinates": [[114.22181494406796, 22.301845769631246, -11.012740488210799], [114.22181494637688, 22.301845768448683, -16.8127404764568]]}}, {"id": "215", "type": "Feature", "properties": {"location_uid": "MVC72/3_GE/95/08.10-A+cad5d35lC9", "HOLE_ID": "MVC72/3", "HOLE_TYPE": "VC", "HOLE_STAR": "17/4/1996", "HOLE_ENDD": "17/4/1996", "HOLE_REM": "Hole terminated due to refusal."}, "geometry": {"type": "LineString", "coordinates": [[114.2223151323306, 22.30366114435022, -10.374650834989763], [114.22231513469927, 22.30366114313708, -16.32465082294027]]}}, {"id": "216", "type": "Feature", "properties": {"location_uid": "MVC72/4_GE/95/08.10-A+cad5d35lC9", "HOLE_ID": "MVC72/4", "HOLE_TYPE": "VC", "HOLE_STAR": "17/4/1996", "HOLE_ENDD": "17/4/1996", "HOLE_REM": "Hole terminated due to refusal."}, "geometry": {"type": "LineString", "coordinates": [[114.22132774785771, 22.304551204600248, -8.17049853345628], [114.22132775189837, 22.304551202530824, -18.320498512914806]]}}, {"id": "217", "type": "Feature", "properties": {"location_uid": "MVC72/5_GE/95/08.10-A+cad5d35lC9", "HOLE_ID": "MVC72/5", "HOLE_TYPE": "VC", "HOLE_STAR": "17/4/1996", "HOLE_ENDD": "17/4/1996", "HOLE_REM": "Hole terminated due to refusal."}, "geometry": {"type": "LineString", "coordinates": [[114.22038342163688, 22.303183503880888, -9.121323361254115], [114.22038342598397, 22.303183501654466, -20.041323339145606]]}}, {"id": "218", "type": "Feature", "properties": {"location_uid": "MVC73/1_GE/95/08.10-A+cad5d35lC9", "HOLE_ID": "MVC73/1", "HOLE_TYPE": "VC", "HOLE_STAR": "9/4/1996", "HOLE_ENDD": "9/4/1996", "HOLE_REM": "Vibrocore terminated due to refusal."}, "geometry": {"type": "LineString", "coordinates": [[114.22201066887801, 22.30601451677996, -5.420925719954051], [114.22201067305808, 22.306014514639216, -15.920925698715028]]}}, {"id": "219", "type": "Feature", "properties": {"location_uid": "MVC73/2_GE/95/08.10-A+cad5d35lC9", "HOLE_ID": "MVC73/2", "HOLE_TYPE": "VC", "HOLE_STAR": "9/4/1996", "HOLE_ENDD": "9/4/1996", "HOLE_REM": "Hole terminated due to refusal."}, "geometry": {"type": "LineString", "coordinates": [[114.220841984887, 22.30724065207899, -8.228210377549829], [114.22084198852961, 22.307240650213547, -17.378210359057345]]}}, {"id": "220", "type": "Feature", "properties": {"location_uid": "MVC73/3_GE/95/08.10-A+cad5d35lC9", "HOLE_ID": "MVC73/3", "HOLE_TYPE": "VC", "HOLE_STAR": "9/4/1996", "HOLE_ENDD": "9/4/1996", "HOLE_REM": "Hole terminated due to refusal."}, "geometry": {"type": "LineString", "coordinates": [[114.21889461776478, 22.309073568969392, -7.859883336401916], [114.21889462075845, 22.30907356743633, -15.379883321223481]]}}, {"id": "221", "type": "Feature", "properties": {"location_uid": "MVC74/1_GE/95/08.10-A+cad5d35lC9", "HOLE_ID": "MVC74/1", "HOLE_TYPE": "VC", "HOLE_STAR": "15/4/1996", "HOLE_ENDD": "15/4/1996", "HOLE_REM": "Hole terminated to due refusal."}, "geometry": {"type": "LineString", "coordinates": [[114.21778388928405, 22.310533469564476, -8.437421122634687], [114.21778389256434, 22.310533467884678, -16.677421106018922]]}}, {"id": "222", "type": "Feature", "properties": {"location_uid": "MVC81/1_GE/95/08.10-A+cad5d35lC9", "HOLE_ID": "MVC81/1", "HOLE_TYPE": "VC", "HOLE_STAR": "18/4/1996", "HOLE_ENDD": "18/4/1996", "HOLE_REM": "Vibrocore terminated due to refusal."}, "geometry": {"type": "LineString", "coordinates": [[114.22473465186596, 22.298239822139458, -12.5033143194887], [114.22473465385643, 22.29823982111991, -17.50331430933203]]}}, {"id": "223", "type": "Feature", "properties": {"location_uid": "MVC81/2_GE/95/08.10-A+cad5d35lC9", "HOLE_ID": "MVC81/2", "HOLE_TYPE": "VC", "HOLE_STAR": "15/4/1996", "HOLE_ENDD": "15/4/1996", "HOLE_REM": "Hole terminated due to refusal."}, "geometry": {"type": "LineString", "coordinates": [[114.22376265787099, 22.300011732461336, -11.401018334519472], [114.22376265970223, 22.300011731523394, -16.001018325185143]]}}, {"id": "224", "type": "Feature", "properties": {"location_uid": "MVC82/1_GE/95/08.10-A+cad5d35lC9", "HOLE_ID": "MVC82/1", "HOLE_TYPE": "VC", "HOLE_STAR": "15/4/1996", "HOLE_ENDD": "15/4/1996", "HOLE_REM": "Hole terminated due to refusal."}, "geometry": {"type": "LineString", "coordinates": [[114.22595452731537, 22.30190561611171, -10.266355656093205], [114.22595453173439, 22.3019056138484, -21.36635563357612]]}}, {"id": "225", "type": "Feature", "properties": {"location_uid": "MVC82/2_GE/95/08.10-A+cad5d35lC9", "HOLE_ID": "MVC82/2", "HOLE_TYPE": "VC", "HOLE_STAR": "24/4/1996", "HOLE_ENDD": "24/4/1996", "HOLE_REM": "Vibrocore terminated due to refusal."}, "geometry": {"type": "LineString", "coordinates": [[114.22312910358104, 22.304024576591903, -11.142189711350902], [114.22312910720377, 22.304024574736516, -20.242189692921706]]}}, {"id": "226", "type": "Feature", "properties": {"location_uid": "SEK/MCP71/2_GE/95/08.10-ZUTM/Wwph0I0", "HOLE_ID": "SEK/MCP71/2", "HOLE_TYPE": "SCP", "HOLE_STAR": "11/04/96", "HOLE_ENDD": "11/0/96", "HOLE_REM": null}, "geometry": {"type": "LineString", "coordinates": [[114.21842945405612, 22.29959263123456, -14.041419132365473], [114.21842946595437, 22.299592625140285, -43.931419071780596]]}}, {"id": "227", "type": "Feature", "properties": {"location_uid": "SEK/MCP71/3_GE/95/08.10-ZUTM/Wwph0I0", "HOLE_ID": "SEK/MCP71/3", "HOLE_TYPE": "SCP", "HOLE_STAR": "23/04/96", "HOLE_ENDD": "23/04/96", "HOLE_REM": null}, "geometry": {"type": "LineString", "coordinates": [[114.2203668841847, 22.2986672977716, -13.331693283375348], [114.22036689474962, 22.298667292360182, -39.87169322953229]]}}, {"id": "228", "type": "Feature", "properties": {"location_uid": "SEK/MCP71/1_GE/95/08.10-ZUTM/Wwph0I0", "HOLE_ID": "SEK/MCP71/1", "HOLE_TYPE": "SCP", "HOLE_STAR": "19/04/96", "HOLE_ENDD": "19/04/96", "HOLE_REM": null}, "geometry": {"type": "LineString", "coordinates": [[114.21988818128277, 22.29778594668199, -15.161715317857052], [114.21988819412452, 22.29778594010423, -47.42171525239071]]}}, {"id": "229", "type": "Feature", "properties": {"location_uid": "SEK/MCP26/1_GE/95/08.10-ZUTM/Wwph0I0", "HOLE_ID": "SEK/MCP26/1", "HOLE_TYPE": "SCP", "HOLE_STAR": "15/04/96", "HOLE_ENDD": "15/04/96", "HOLE_REM": null}, "geometry": {"type": "LineString", "coordinates": [[114.19562115592645, 22.319449489204658, -5.051298838419012], [114.19562116933143, 22.319449482341316, -38.73129876376692]]}}, {"id": "230", "type": "Feature", "properties": {"location_uid": "SEK/MCP72/1_GE/95/08.10-ZUTM/Wwph0I0", "HOLE_ID": "SEK/MCP72/1", "HOLE_TYPE": "SCP", "HOLE_STAR": "13/04/96", "HOLE_ENDD": "13/04/96", "HOLE_REM": null}, "geometry": {"type": "LineString", "coordinates": [[114.22172976377932, 22.30223627704674, -10.223919936676209], [114.22172977810267, 22.302236269710743, -46.20391986377573]]}}, {"id": "231", "type": "Feature", "properties": {"location_uid": "SEK/MCP25/1_GE/95/08.10-ZUTM/Wwph0I0", "HOLE_ID": "SEK/MCP25/1", "HOLE_TYPE": "SCP", "HOLE_STAR": "02/04/96", "HOLE_ENDD": "02/04/96", "HOLE_REM": null}, "geometry": {"type": "LineString", "coordinates": [[114.19706711683713, 22.31583247045162, -8.437330489911943], [114.19706712801317, 22.315832464729088, -36.5173304273934]]}}, {"id": "232", "type": "Feature", "properties": {"location_uid": "SEK/MCP33/1_GE/95/08.10-ZUTM/Wwph0I0", "HOLE_ID": "SEK/MCP33/1", "HOLE_TYPE": "SCP", "HOLE_STAR": "29/03/96", "HOLE_ENDD": "29/03/96", "HOLE_REM": null}, "geometry": {"type": "LineString", "coordinates": [[114.20192671394419, 22.30681392081343, -11.46647971258411], [114.2019267294187, 22.306813912888508, -50.34647962499775]]}}, {"id": "233", "type": "Feature", "properties": {"location_uid": "SEK/MCP64/1_GE/95/08.10-ZUTM/Wwph0I0", "HOLE_ID": "SEK/MCP64/1", "HOLE_TYPE": "SCP", "HOLE_STAR": "09/04/96", "HOLE_ENDD": "09/04/96", "HOLE_REM": null}, "geometry": {"type": "LineString", "coordinates": [[114.21407487158754, 22.312655742388596, -8.40666744634109], [114.21407488218449, 22.31265573696226, -35.026667392764]]}}, {"id": "234", "type": "Feature", "properties": {"location_uid": "SEK/MCP91/1_GE/95/08.10-ZUTM/Wwph0I0", "HOLE_ID": "SEK/MCP91/1", "HOLE_TYPE": "SCP", "HOLE_STAR": "03/04/96", "HOLE_ENDD": "03/04/96", "HOLE_REM": null}, "geometry": {"type": "LineString", "coordinates": [[114.22764117643888, 22.29911779788277, -10.463594668485765], [114.22764118860916, 22.29911779164912, -41.033594606367856]]}}, {"id": "235", "type": "Feature", "properties": {"location_uid": "SEK/MCP72/2_GE/95/08.10-ZUTM/Wwph0I0", "HOLE_ID": "SEK/MCP72/2", "HOLE_TYPE": "SCP", "HOLE_STAR": "16/04/96", "HOLE_ENDD": "16/04/96", "HOLE_REM": null}, "geometry": {"type": "LineString", "coordinates": [[114.2184461037721, 22.302729501232417, -11.668073199674271], [114.21844611386334, 22.30272949606402, -37.01807314836504]]}}, {"id": "236", "type": "Feature", "properties": {"location_uid": "SEK/MCP33/2_GE/95/08.10-ZUTM/Wwph0I0", "HOLE_ID": "SEK/MCP33/2", "HOLE_TYPE": "SCP", "HOLE_STAR": "11/04/96", "HOLE_ENDD": "11/04/96", "HOLE_REM": null}, "geometry": {"type": "LineString", "coordinates": [[114.20000394723759, 22.308622495585663, -11.759058190833226], [114.20000395968312, 22.308622489212187, -43.029058120590356]]}}, {"id": "237", "type": "Feature", "properties": {"location_uid": "SEK/MCP52/1_GE/95/08.10-ZUTM/Wwph0I0", "HOLE_ID": "SEK/MCP52/1", "HOLE_TYPE": "SCP", "HOLE_STAR": "30/03/96", "HOLE_ENDD": "30/03/96", "HOLE_REM": null}, "geometry": {"type": "LineString", "coordinates": [[114.20921773067798, 22.304554524975465, -12.538739688692246], [114.20921774281808, 22.30455451875792, -43.038739627151756]]}}, {"id": "238", "type": "Feature", "properties": {"location_uid": "SEK/MCP53/1_GE/95/08.10-ZUTM/Wwph0I0", "HOLE_ID": "SEK/MCP53/1", "HOLE_TYPE": "SCP", "HOLE_STAR": "24/04/96", "HOLE_ENDD": "24/04/96", "HOLE_REM": null}, "geometry": {"type": "LineString", "coordinates": [[114.21019972687202, 22.306810714146348, -11.049618702456078], [114.21019973705008, 22.306810708933885, -36.61961865090364]]}}, {"id": "239", "type": "Feature", "properties": {"location_uid": "SEK/MCP32/2_GE/95/08.10-ZUTM/Wwph0I0", "HOLE_ID": "SEK/MCP32/2", "HOLE_TYPE": "SCP", "HOLE_STAR": "30/03/96", "HOLE_ENDD": "30/03/96", "HOLE_REM": null}, "geometry": {"type": "LineString", "coordinates": [[114.19951463102578, 22.304547141539636, -11.832871674919998], [114.19951464117446, 22.30454713634197, -37.33287161741761]]}}, {"id": "240", "type": "Feature", "properties": {"location_uid": "SEK/MCP24/2_GE/95/08.10-ZUTM/Wwph0I0", "HOLE_ID": "SEK/MCP24/2", "HOLE_TYPE": "SCP", "HOLE_STAR": "27/03/96", "HOLE_ENDD": "27/03/96", "HOLE_REM": null}, "geometry": {"type": "LineString", "coordinates": [[114.19755769049456, 22.31088056828317, -11.124915476675785], [114.19755769835497, 22.310880564257957, -30.87491543246986]]}}, {"id": "241", "type": "Feature", "properties": {"location_uid": "SEK/MCP73/2_GE/95/08.10-ZUTM/Wwph0I0", "HOLE_ID": "SEK/MCP73/2", "HOLE_TYPE": "SCP", "HOLE_STAR": "21/04/96", "HOLE_ENDD": "21/04/96", "HOLE_REM": null}, "geometry": {"type": "LineString", "coordinates": [[114.22183987141858, 22.305443920140924, -5.480378423433101], [114.22183988383532, 22.305443913781833, -36.67037836032883]]}}, {"id": "242", "type": "Feature", "properties": {"location_uid": "SEK/MCP32/1_GE/95/08.10-ZUTM/Wwph0I0", "HOLE_ID": "SEK/MCP32/1", "HOLE_TYPE": "SCP", "HOLE_STAR": "28/03/96", "HOLE_ENDD": "28/03/96", "HOLE_REM": null}, "geometry": {"type": "LineString", "coordinates": [[114.20240857797813, 22.303647171820653, -12.197663785160383], [114.20240859294694, 22.303647164154242, -49.80766370014263]]}}, {"id": "243", "type": "Feature", "properties": {"location_uid": "SEK/MCP24/1_GE/95/08.10-ZUTM/Wwph0I0", "HOLE_ID": "SEK/MCP24/1", "HOLE_TYPE": "SCP", "HOLE_STAR": "11/04/96", "HOLE_ENDD": "11/04/96", "HOLE_REM": null}, "geometry": {"type": "LineString", "coordinates": [[114.19562453464103, 22.311321858669597, -10.24465378156925], [114.19562454773482, 22.311321851964497, -43.14465370803876]]}}, {"id": "244", "type": "Feature", "properties": {"location_uid": "SEK/MCP73/1_GE/95/08.10-ZUTM/Wwph0I0", "HOLE_ID": "SEK/MCP73/1", "HOLE_TYPE": "SCP", "HOLE_STAR": "13/04/96", "HOLE_ENDD": "13/04/96", "HOLE_REM": null}, "geometry": {"type": "LineString", "coordinates": [[114.21845676145693, 22.30562362926476, -7.074231291162578], [114.21845677610246, 22.305623621764227, -43.86423121679647]]}}, {"id": "245", "type": "Feature", "properties": {"location_uid": "SEK/MCP23/2_GE/95/08.10-ZUTM/Wwph0I0", "HOLE_ID": "SEK/MCP23/2", "HOLE_TYPE": "SCP", "HOLE_STAR": "28/03/96", "HOLE_ENDD": "28/03/96", "HOLE_REM": null}, "geometry": {"type": "LineString", "coordinates": [[114.19753531911302, 22.307255776278893, -11.547561469492747], [114.19753533084963, 22.307255770268302, -41.037561403243934]]}}, {"id": "246", "type": "Feature", "properties": {"location_uid": "SEK/MCP81/1_GE/95/08.10-ZUTM/Wwph0I0", "HOLE_ID": "SEK/MCP81/1", "HOLE_TYPE": "SCP", "HOLE_STAR": "17/04/96", "HOLE_ENDD": "17/04/96", "HOLE_REM": null}, "geometry": {"type": "LineString", "coordinates": [[114.22278325961362, 22.297317005891454, -12.939129042684755], [114.22278327380131, 22.29731699862422, -48.57912897029194]]}}, {"id": "247", "type": "Feature", "properties": {"location_uid": "SEK/MCP54/1_GE/95/08.10-ZUTM/Wwph0I0", "HOLE_ID": "SEK/MCP54/1", "HOLE_TYPE": "SCP", "HOLE_STAR": "18/04/96", "HOLE_ENDD": "18/04/96", "HOLE_REM": null}, "geometry": {"type": "LineString", "coordinates": [[114.21128928847945, 22.311835205531526, -8.715965417822789], [114.21128930236402, 22.31183519842158, -43.59596534764319]]}}, {"id": "248", "type": "Feature", "properties": {"location_uid": "SEK/MCP23/1_GE/95/08.10-ZUTM/Wwph0I0", "HOLE_ID": "SEK/MCP23/1", "HOLE_TYPE": "SCP", "HOLE_STAR": "27/03/96", "HOLE_ENDD": "27/03/96", "HOLE_REM": null}, "geometry": {"type": "LineString", "coordinates": [[114.19560749271257, 22.30726179067597, -10.65642480085766], [114.19560750091087, 22.307261786477422, -31.2564247546278]]}}, {"id": "249", "type": "Feature", "properties": {"location_uid": "SEK/MCP35/1_GE/95/08.10-ZUTM/Wwph0I0", "HOLE_ID": "SEK/MCP35/1", "HOLE_TYPE": "SCP", "HOLE_STAR": "11/04/96", "HOLE_ENDD": "11/04/96", "HOLE_REM": null}, "geometry": {"type": "LineString", "coordinates": [[114.19999222618085, 22.315827383256742, -7.764033793450068], [114.19999223600402, 22.315827378226924, -32.44403373841465]]}}, {"id": "250", "type": "Feature", "properties": {"location_uid": "SEK/MCP62/1_GE/95/08.10-ZUTM/Wwph0I0", "HOLE_ID": "SEK/MCP62/1", "HOLE_TYPE": "SCP", "HOLE_STAR": "22/04/96", "HOLE_ENDD": "22/04/96", "HOLE_REM": null}, "geometry": {"type": "LineString", "coordinates": [[114.21551902684003, 22.300937197158255, -13.525916529260808], [114.21551903737263, 22.30093719176362, -39.98591647569981]]}}, {"id": "251", "type": "Feature", "properties": {"location_uid": "SEK/MCP63/1_GE/95/08.10-ZUTM/Wwph0I0", "HOLE_ID": "SEK/MCP63/1", "HOLE_TYPE": "SCP", "HOLE_STAR": "18/04/96", "HOLE_ENDD": "18/04/96", "HOLE_REM": null}, "geometry": {"type": "LineString", "coordinates": [[114.21698006015815, 22.309065926679203, -7.677472427322312], [114.21698007186986, 22.309065920681604, -37.09747236796952]]}}, {"id": "252", "type": "Feature", "properties": {"location_uid": "SEK/MCP34/1_GE/95/08.10-ZUTM/Wwph0I0", "HOLE_ID": "SEK/MCP34/1", "HOLE_TYPE": "SCP", "HOLE_STAR": "09/04/96", "HOLE_ENDD": "09/04/96", "HOLE_REM": null}, "geometry": {"type": "LineString", "coordinates": [[114.201928196722, 22.31131342009571, -9.665841568101415], [114.20192821053725, 22.31131341302119, -44.375841490263426]]}}, {"id": "253", "type": "Feature", "properties": {"location_uid": "SEK/MCP22/1_GE/95/08.10-ZUTM/Wwph0I0", "HOLE_ID": "SEK/MCP22/1", "HOLE_TYPE": "SCP", "HOLE_STAR": "12/04/96", "HOLE_ENDD": "12/04/96", "HOLE_REM": null}, "geometry": {"type": "LineString", "coordinates": [[114.19659732750436, 22.30456025632942, -12.266337715018075], [114.19659733208104, 22.30456025398546, -23.766337689126193]]}}, {"id": "254", "type": "Feature", "properties": {"location_uid": "SEK/MCP43/1_GE/95/08.10-ZUTM/Wwph0I0", "HOLE_ID": "SEK/MCP43/1", "HOLE_TYPE": "SCP", "HOLE_STAR": "01/04/96", "HOLE_ENDD": "01/04/96", "HOLE_REM": null}, "geometry": {"type": "LineString", "coordinates": [[114.2063226361545, 22.30634115115597, -11.925289790306788], [114.2063226535483, 22.306341142248044, -55.625289691585564]]}}, {"id": "255", "type": "Feature", "properties": {"location_uid": "SEK/MCP14/1_GE/95/08.10-ZUTM/Wwph0I0", "HOLE_ID": "SEK/MCP14/1", "HOLE_TYPE": "SCP", "HOLE_STAR": "02/04/96", "HOLE_ENDD": "02/04/96", "HOLE_REM": null}, "geometry": {"type": "LineString", "coordinates": [[114.19273756377258, 22.311326411941852, -10.087850483334048], [114.19273757417957, 22.311326406612604, -36.23785042498009]]}}, {"id": "256", "type": "Feature", "properties": {"location_uid": "SEK/MCP34/2_GE/95/08.10-ZUTM/Wwph0I0", "HOLE_ID": "SEK/MCP34/2", "HOLE_TYPE": "SCP", "HOLE_STAR": "01/04/96", "HOLE_ENDD": "01/04/96", "HOLE_REM": null}, "geometry": {"type": "LineString", "coordinates": [[114.19847635233897, 22.313081748156133, -9.855256496874965], [114.1984763627946, 22.313081742802183, -36.125256438177786]]}}, {"id": "257", "type": "Feature", "properties": {"location_uid": "MA1_GE/2008/03.6-fRwYxcZEW84H", "HOLE_ID": "MA1", "HOLE_TYPE": "VC", "HOLE_STAR": "28/08/2008", "HOLE_ENDD": "28/08/2008", "HOLE_REM": "1. Vibrocore sub samples were sent to the analyticallaboratory from 0.40m - 0.90m, 0.90m - 1.90m and 1.90m - 2.90m."}, "geometry": {"type": "LineString", "coordinates": [[114.19445747789159, 22.31844487589087, -5.194511490462197], [114.1944574810358, 22.318444874281017, -13.094511472944594]]}}, {"id": "258", "type": "Feature", "properties": {"location_uid": "MA2_GE/2008/03.6-fRwYxcZEW84H", "HOLE_ID": "MA2", "HOLE_TYPE": "VC", "HOLE_STAR": "01/09/2008", "HOLE_ENDD": "01/09/2008", "HOLE_REM": "1. Vibrocore sub samples were sent to the analyticallaboratory  from 0.40m - 0.90m, 0.90m - 1.90m, 1.90m - 2.90m and 3.00m - 3.90m."}, "geometry": {"type": "LineString", "coordinates": [[114.19449114218803, 22.318321333499945, -6.09410711075928], [114.19449114449644, 22.318321332318025, -11.89410709789629]]}}, {"id": "259", "type": "Feature", "properties": {"location_uid": "MA3_GE/2008/03.6-fRwYxcZEW84H", "HOLE_ID": "MA3", "HOLE_TYPE": "VC", "HOLE_STAR": "01/09/2008", "HOLE_ENDD": "01/09/2008", "HOLE_REM": "1. Vibrocore sub samples were sent to the analyticallaboratory  from 0.35m - 0.90m, 0.90m - 1.90m, 1.90m - 2.90m and 3.00m - 3.90m."}, "geometry": {"type": "LineString", "coordinates": [[114.19454499447873, 22.318195982756432, -7.093607571848649], [114.19454499628964, 22.318195981829216, -11.643607561756344]]}}, {"id": "260", "type": "Feature", "properties": {"location_uid": "MA4_GE/2008/03.6-fRwYxcZEW84H", "HOLE_ID": "MA4", "HOLE_TYPE": "VC", "HOLE_STAR": "01/09/2008", "HOLE_ENDD": "01/09/2008", "HOLE_REM": "1. Vibrocore sub samples were sent to the analyticallaboratory  from 0.25m - 0.90m, 0.90m - 1.90m, 1.90m - 2.90m and 3.00m - 3.90m."}, "geometry": {"type": "LineString", "coordinates": [[114.19467650461615, 22.31816129095055, -6.592941223684193], [114.19467650692457, 22.31816128976862, -12.392941210817968]]}}, {"id": "261", "type": "Feature", "properties": {"location_uid": "MB1_GE/2008/03.6-fRwYxcZEW84H", "HOLE_ID": "MB1", "HOLE_TYPE": "VC", "HOLE_STAR": "29/08/2008", "HOLE_ENDD": "29/08/2008", "HOLE_REM": "1. Vibrocore sub samples were sent to the analyticallaboratory  from 0.00m - 0.90m, 0.90m - 1.90m, 1.90m - 2.90m and 3.00m - 3.90m."}, "geometry": {"type": "LineString", "coordinates": [[114.19454288281278, 22.3183854450223, -6.394003616709778], [114.19454288514108, 22.318385443830184, -12.244003603736799]]}}, {"id": "262", "type": "Feature", "properties": {"location_uid": "MB2_GE/2008/03.6-fRwYxcZEW84H", "HOLE_ID": "MB2", "HOLE_TYPE": "VC", "HOLE_STAR": "28/08/2008", "HOLE_ENDD": "28/08/2008", "HOLE_REM": "1. Vibrocore sub samples were sent to the analyticallaboratory from 0.00m - 0.90m, 0.90m - 1.90m, 1.90m - 2.90m and 3.00m - 3.90m."}, "geometry": {"type": "LineString", "coordinates": [[114.19469204648972, 22.318258277774202, -6.893068763142483], [114.19469204859912, 22.318258276694156, -12.193068751386459]]}}, {"id": "263", "type": "Feature", "properties": {"location_uid": "MB3_GE/2008/03.6-fRwYxcZEW84H", "HOLE_ID": "MB3", "HOLE_TYPE": "VC", "HOLE_STAR": "30/08/2008", "HOLE_ENDD": "30/08/2008", "HOLE_REM": "1. Vibrocore sub samples were sent to the analyticallaboratory from 0.00m - 0.90m, 0.90m - 1.90m, 1.90m - 2.90m and 3.00m - 3.90m."}, "geometry": {"type": "LineString", "coordinates": [[114.19485499234614, 22.318134360032992, -6.592077908063734], [114.19485499469434, 22.318134358830676, -12.49207789497398]]}}, {"id": "264", "type": "Feature", "properties": {"location_uid": "MB4_GE/2008/03.6-fRwYxcZEW84H", "HOLE_ID": "MB4", "HOLE_TYPE": "VC", "HOLE_STAR": "29/08/2008", "HOLE_ENDD": "29/08/2008", "HOLE_REM": "1. Vibrocore sub samples were sent to the analyticallaboratory from 0.00m - 0.90m, 0.90m - 1.90m, 1.90m - 2.90m and 3.00m - 3.90m."}, "geometry": {"type": "LineString", "coordinates": [[114.19497659239053, 22.318021373738674, -6.491296429657993], [114.19497659469894, 22.318021372556736, -12.29129641678789]]}}, {"id": "265", "type": "Feature", "properties": {"location_uid": "MBH1_GE/2008/03.6-fRwYxcZEW84H", "HOLE_ID": "MBH1", "HOLE_TYPE": "RC", "HOLE_STAR": "19/09/2008", "HOLE_ENDD": "23/09/2008", "HOLE_REM": "1. A vane shear test was performed at 1.50m below existing seabed level."}, "geometry": {"type": "LineString", "coordinates": [[114.1946638109194, 22.31832384288279, -7.493330411047751], [114.19466382763154, 22.318323834325994, -49.48333031791695]]}}, {"id": "266", "type": "Feature", "properties": {"location_uid": "MBH2_GE/2008/03.6-fRwYxcZEW84H", "HOLE_ID": "MBH2", "HOLE_TYPE": "RC", "HOLE_STAR": "05/09/2008", "HOLE_ENDD": "10/09/2008", "HOLE_REM": "1. Vane shear tests were performed at 1.50m and 4.50m below existing seabed level."}, "geometry": {"type": "LineString", "coordinates": [[114.196538783656, 22.318941951503252, -3.386108752646921], [114.19653880685628, 22.31894193962461, -61.67610862331512]]}}, {"id": "267", "type": "Feature", "properties": {"location_uid": "MBH3_GE/2008/03.6-fRwYxcZEW84H", "HOLE_ID": "MBH3", "HOLE_TYPE": "RC", "HOLE_STAR": "12/09/2008", "HOLE_ENDD": "18/09/2008", "HOLE_REM": "1. A vane shear test was performed at 4.50m below existing seabed level."}, "geometry": {"type": "LineString", "coordinates": [[114.1960635276965, 22.318548545237817, -4.93745302924764], [114.19606355142594, 22.318548533088148, -64.55745289694516]]}}, {"id": "268", "type": "Feature", "properties": {"location_uid": "MC1_GE/2008/03.6-fRwYxcZEW84H", "HOLE_ID": "MC1", "HOLE_TYPE": "VC", "HOLE_STAR": "25/08/2008", "HOLE_ENDD": "26/08/2008", "HOLE_REM": "1. Vibrocore sub samples were sent to the analyticallaboratory  from 0.00m - 0.90m, 0.90m - 1.90m, 1.90m - 2.90m, 3.10m - 3.90m and 6.00m - 6.40m."}, "geometry": {"type": "LineString", "coordinates": [[114.19588950634264, 22.31858676498947, -5.988319006370109], [114.1958895089297, 22.31858676366489, -12.488318991947985]]}}, {"id": "269", "type": "Feature", "properties": {"location_uid": "MC2_GE/2008/03.6-fRwYxcZEW84H", "HOLE_ID": "MC2", "HOLE_TYPE": "VC", "HOLE_STAR": "26/08/2008", "HOLE_ENDD": "26/08/2008", "HOLE_REM": "1. Vibrocore sub samples were sent to the analyticallaboratory  from 0.35m - 0.90m, 0.90m - 1.90m, 1.90m - 2.90m, 3.10m - 3.90m and 6.00m - 6.90m."}, "geometry": {"type": "LineString", "coordinates": [[114.19603323181998, 22.31845002501485, -5.037388354737109], [114.19603323532246, 22.318450023221565, -13.837388335207592]]}}, {"id": "270", "type": "Feature", "properties": {"location_uid": "MC3_GE/2008/03.6-fRwYxcZEW84H", "HOLE_ID": "MC3", "HOLE_TYPE": "VC", "HOLE_STAR": "27/08/2008", "HOLE_ENDD": "27/08/2008", "HOLE_REM": "1. Vibrocore sub samples were sent to the analyticallaboratory from 0.30m - 0.90m, 0.90m - 1.90m, 1.90m - 2.90m, 3.00m - 3.90m and 6.00m - 6.90m."}, "geometry": {"type": "LineString", "coordinates": [[114.19615376408233, 22.31833938581169, -5.486615978222776], [114.19615376865941, 22.318339383468167, -16.986615952696773]]}}, {"id": "271", "type": "Feature", "properties": {"location_uid": "MC4_GE/2008/03.6-fRwYxcZEW84H", "HOLE_ID": "MC4", "HOLE_TYPE": "VC", "HOLE_STAR": "27/08/2008", "HOLE_ENDD": "27/08/2008", "HOLE_REM": "1. Vibrocore sub samples were sent to the analyticallaboratory from 0.00m - 0.90m, 0.90m - 1.90m, 1.90m - 2.90m, 3.05m - 3.90m, 3.90m - 4.90m and 6.00m - 6.90m."}, "geometry": {"type": "LineString", "coordinates": [[114.19632350424197, 22.318223683506424, -5.785610236616217], [114.19632350722704, 22.318223681978036, -13.28561021996526]]}}, {"id": "272", "type": "Feature", "properties": {"location_uid": "MD1_GE/2008/03.6-fRwYxcZEW84H", "HOLE_ID": "MD1", "HOLE_TYPE": "VC", "HOLE_STAR": "02/09/2008", "HOLE_ENDD": "02/09/2008", "HOLE_REM": "1. Vibrocore sub samples were sent to the analyticallaboratory from 0.45m - 0.90m, 0.90m - 1.90m, 1.90m - 2.90m, 3.00m - 3.90m,  6.90m - 7.90m and 9.00m - 9.90m."}, "geometry": {"type": "LineString", "coordinates": [[114.20263332118135, 22.318862891116126, -3.9583702359611044], [114.2026333254205, 22.318862888945663, -14.608370212251911]]}}, {"id": "273", "type": "Feature", "properties": {"location_uid": "MD2_GE/2008/03.6-fRwYxcZEW84H", "HOLE_ID": "MD2", "HOLE_TYPE": "VC", "HOLE_STAR": "03/09/2008", "HOLE_ENDD": "03/09/2008", "HOLE_REM": "1. Vibrocore sub samples were sent to the analyticallaboratory from 0.40m - 0.90m, 0.90m - 1.90m, 1.90m - 2.90m, 3.90m - 4.90m, 6.00m - 6.90m and 9.00m - 9.90m."}, "geometry": {"type": "LineString", "coordinates": [[114.19649613792593, 22.318678534108276, -3.985761408130881], [114.19649614238365, 22.318678531825903, -15.185761383275008]]}}, {"id": "274", "type": "Feature", "properties": {"location_uid": "MD3_GE/2008/03.6-fRwYxcZEW84H", "HOLE_ID": "MD3", "HOLE_TYPE": "VC", "HOLE_STAR": "03/09/2008", "HOLE_ENDD": "03/09/2008", "HOLE_REM": "1. Vibrocore sub samples were sent to the analyticallaboratory from 0.00m - 0.90m, 0.90m - 1.90m, 1.90m - 2.90m, 3.00m - 3.90m and  6.90m - 7.90m."}, "geometry": {"type": "LineString", "coordinates": [[114.19649824807844, 22.31849819280794, -4.28538196347467], [114.19649825170033, 22.318498190953502, -13.385381943275554]]}}, {"id": "275", "type": "Feature", "properties": {"location_uid": "MD4_GE/2008/03.6-fRwYxcZEW84H", "HOLE_ID": "MD4", "HOLE_TYPE": "VC", "HOLE_STAR": "02/09/2008", "HOLE_ENDD": "02/09/2008", "HOLE_REM": "1. Vibrocore sub samples were sent to the analyticallaboratory from 0.20m - 0.90m, 0.90m - 1.90m, 1.90m - 2.90m, 3.00m - 3.90m,  6.90m - 7.90m and 9.00m - 9.90m."}, "geometry": {"type": "LineString", "coordinates": [[114.1964818246285, 22.318351989462297, -4.285156448917065], [114.19648182910613, 22.318351987169716, -15.535156423941716]]}}, {"id": "276", "type": "Feature", "properties": {"location_uid": "GB01_GE/2010/02.50A-5dOvP7M6/TZz", "HOLE_ID": "GB01", "HOLE_TYPE": "Grab", "HOLE_STAR": "18/01/2012", "HOLE_ENDD": "18/01/2012", "HOLE_REM": "1. Volume taken = 40L.  2. Composite water sample MW04 (80L) was taken at GB1 to GB11.  3. Grabsample and water sample were sent to lab on 18/1/2012."}, "geometry": {"type": "LineString", "coordinates": [[114.195992257912, 22.319761091500443, -5.390259154656121], [114.19599225793189, 22.319761091490264, -5.440259154545362]]}}, {"id": "277", "type": "Feature", "properties": {"location_uid": "GB02_GE/2010/02.50A-5dOvP7M6/TZz", "HOLE_ID": "GB02", "HOLE_TYPE": "Grab", "HOLE_STAR": "18/01/2012", "HOLE_ENDD": "18/01/2012", "HOLE_REM": "1. Volume taken = 40L.  2. Composite water sample MW04 (80L) was taken at GB1 to GB11.  3. Grabsample and water sample were sent to lab on 18/1/2012."}, "geometry": {"type": "LineString", "coordinates": [[114.19506233416435, 22.319070358196104, -5.7930509860695505], [114.19506233418426, 22.31907035818592, -5.843050985958425]]}}, {"id": "278", "type": "Feature", "properties": {"location_uid": "GB03_GE/2010/02.50A-5dOvP7M6/TZz", "HOLE_ID": "GB03", "HOLE_TYPE": "Grab", "HOLE_STAR": "18/01/2012", "HOLE_ENDD": "18/01/2012", "HOLE_REM": "1. Volume taken = 40L.  2. Composite water sample MW04 (80L) was taken at GB1 to GB11.  3. Grabsample and water sample were sent to lab on 18/1/2012."}, "geometry": {"type": "LineString", "coordinates": [[114.19557947120343, 22.317645271033168, -6.987796203025318], [114.19557947122333, 22.317645271022975, -7.037796202914302]]}}, {"id": "279", "type": "Feature", "properties": {"location_uid": "GB04_GE/2010/02.50A-5dOvP7M6/TZz", "HOLE_ID": "GB04", "HOLE_TYPE": "Grab", "HOLE_STAR": "18/01/2012", "HOLE_ENDD": "18/01/2012", "HOLE_REM": "1. Volume taken = 40L.  2. Composite water sample MW04 (80L) was taken at GB1 to GB11.  3. Grabsample and water sample were sent to lab on 18/1/2012."}, "geometry": {"type": "LineString", "coordinates": [[114.19597057070699, 22.317306577957787, -7.085330181053557], [114.19597057072689, 22.317306577947594, -7.13533018094248]]}}, {"id": "280", "type": "Feature", "properties": {"location_uid": "GB05_GE/2010/02.50A-5dOvP7M6/TZz", "HOLE_ID": "GB05", "HOLE_TYPE": "Grab", "HOLE_STAR": "18/01/2012", "HOLE_ENDD": "18/01/2012", "HOLE_REM": "1. Volume taken = 40L.  2. Duplicate grab sample (40 L) was taken for QA/QC.  3. Composite watersample MW04 (80L) was taken at GB1 to GB11.  4. Grab sample and water sample were sent to lab on 18/1/2012."}, "geometry": {"type": "LineString", "coordinates": [[114.19644624105598, 22.317916989575217, -6.284425469982924], [114.19644624107588, 22.317916989565028, -6.33442546987189]]}}, {"id": "281", "type": "Feature", "properties": {"location_uid": "GB06_GE/2010/02.50A-5dOvP7M6/TZz", "HOLE_ID": "GB06", "HOLE_TYPE": "Grab", "HOLE_STAR": "18/01/2012", "HOLE_ENDD": "18/01/2012", "HOLE_REM": "1. Volume taken = 40L.  2. Composite water sample MW04 (80L) was taken at GB1 to GB11.  3. Grabsample and water sample were sent to lab on 18/1/2012."}, "geometry": {"type": "LineString", "coordinates": [[114.19684811454924, 22.31827906785358, -3.783348288615093], [114.19684811456914, 22.3182790678434, -3.833348288503905]]}}, {"id": "282", "type": "Feature", "properties": {"location_uid": "GB07_GE/2010/02.50A-5dOvP7M6/TZz", "HOLE_ID": "GB07", "HOLE_TYPE": "Grab", "HOLE_STAR": "18/01/2012", "HOLE_ENDD": "18/01/2012", "HOLE_REM": "1. Volume taken = 40L.  2. Composite water sample MW04 (80L) was taken at GB1 to GB11.  3. Grabsample and water sample were sent to lab on 18/1/2012."}, "geometry": {"type": "LineString", "coordinates": [[114.19722471442249, 22.318358490284872, -3.1818062369981943], [114.19722471444238, 22.318358490274676, -3.2318062368871647]]}}, {"id": "283", "type": "Feature", "properties": {"location_uid": "GB08_GE/2010/02.50A-5dOvP7M6/TZz", "HOLE_ID": "GB08", "HOLE_TYPE": "Grab", "HOLE_STAR": "18/01/2012", "HOLE_ENDD": "18/01/2012", "HOLE_REM": "1. Volume taken = 40L.  2. Composite water sample MW04 (80L) was taken at GB1 to GB11.  3. Grabsample and water sample were sent to lab on 18/1/2012."}, "geometry": {"type": "LineString", "coordinates": [[114.19781296914665, 22.31887677142176, -2.9802097615438345], [114.19781296916656, 22.31887677141158, -3.030209761432869]]}}, {"id": "284", "type": "Feature", "properties": {"location_uid": "GB09_GE/2010/02.50A-5dOvP7M6/TZz", "HOLE_ID": "GB09", "HOLE_TYPE": "Grab", "HOLE_STAR": "18/01/2012", "HOLE_ENDD": "18/01/2012", "HOLE_REM": "1. Volume taken = 40L.  2. Composite water sample MW04 (80L) was taken at GB1 to GB11.  3. Grabsample and water sample were sent to lab on 18/1/2012."}, "geometry": {"type": "LineString", "coordinates": [[114.19710622988313, 22.317850082185537, -5.281298138592863], [114.19710622990304, 22.317850082175358, -5.3312981384816105]]}}, {"id": "285", "type": "Feature", "properties": {"location_uid": "GB10_GE/2010/02.50A-5dOvP7M6/TZz", "HOLE_ID": "GB10", "HOLE_TYPE": "Grab", "HOLE_STAR": "18/01/2012", "HOLE_ENDD": "18/01/2012", "HOLE_REM": "1. Volume taken = 40L.  2. Composite water sample MW04 (80L) was taken at GB1 to GB11.  3. Grabsample and water sample were sent to lab on 18/1/2012."}, "geometry": {"type": "LineString", "coordinates": [[114.1974721745679, 22.318083928788887, -3.5801211459467863], [114.19747217458782, 22.318083928778698, -3.63012114583554]]}}, {"id": "286", "type": "Feature", "properties": {"location_uid": "GB11_GE/2010/02.50A-5dOvP7M6/TZz", "HOLE_ID": "GB11", "HOLE_TYPE": "Grab", "HOLE_STAR": "18/01/2012", "HOLE_ENDD": "18/01/2012", "HOLE_REM": "1. Volume taken = 40L.  2. Composite water sample MW04 (80L) was taken at GB1 to GB11.  3. Grabsample and water sample were sent to lab on 18/1/2012."}, "geometry": {"type": "LineString", "coordinates": [[114.19516114537517, 22.317618227217555, -6.289636681505565], [114.19516114539508, 22.31761822720737, -6.339636681394611]]}}, {"id": "287", "type": "Feature", "properties": {"location_uid": "VR1_GE/2010/02.50A-5dOvP7M6/TZz", "HOLE_ID": "VR1", "HOLE_TYPE": "VC", "HOLE_STAR": "17/01/2012", "HOLE_ENDD": "17/01/2012", "HOLE_REM": "1. Vibrocore samples 0.90m-1.90m, 1.90m-2.90m, 2.90m-3.90m and 6.00m-6.90m depths were taken to laboratory on 17/1/2012.  2. Grab samples VRG1  (40L) were taken on 17/1/2012.  3. Duplicate grab sample (40L) was taken for QA/QC on 17/1/2012.  4.Composite water sample MW03 (80L) was taken at VR1 and VR3 on 17/1/2012.  5. Grab sample and water sample were sent to lab on 17/1/2012."}, "geometry": {"type": "LineString", "coordinates": [[114.19550008092236, 22.319134425563952, -5.991201846737317], [114.19550008370841, 22.31913442413749, -12.991201831217793]]}}, {"id": "288", "type": "Feature", "properties": {"location_uid": "VR2_GE/2010/02.50A-5dOvP7M6/TZz", "HOLE_ID": "VR2", "HOLE_TYPE": "VC", "HOLE_STAR": "16/01/2012", "HOLE_ENDD": "16/01/2012", "HOLE_REM": "1. Vibrocore samples 0.90m-1.90m, 1.90m-2.90m and 2.90m-3.90m depths were taken to laboratory on 16/1/2012.  2. Grab samples VRG2  (30 L) were taken on 16/1/2012.  3. Composite water sample MW03 (60L) was taken at VR2 and VR4 on 16/1/2012.  4.Grab sample and water sample were sent to lab on 17/1/2012."}, "geometry": {"type": "LineString", "coordinates": [[114.19592522469814, 22.319300538705587, -7.389618999140321], [114.19592522648918, 22.31930053778857, -11.889618989162987]]}}, {"id": "289", "type": "Feature", "properties": {"location_uid": "VR3_GE/2010/02.50A-5dOvP7M6/TZz", "HOLE_ID": "VR3", "HOLE_TYPE": "VC", "HOLE_STAR": "17/01/2012", "HOLE_ENDD": "17/01/2012", "HOLE_REM": "1. Vibrocore samples 0.90m-1.90m, 1.90m-2.90m, 2.90m-3.90m and 6.00m-6.90m depths were taken to laboratory on 17/1/2012.  2. Grab samples VRG3  (40L) were taken on 17/1/2012.  3. Composite water sample MW03 (80L) was taken at VR1 and VR3 on 17/1/2012.  4. Grab sample and water sample were sent to lab on 17/1/2012."}, "geometry": {"type": "LineString", "coordinates": [[114.19628534737531, 22.31953438875252, -5.0884697916164825], [114.1962853501614, 22.31953438732605, -12.088469776096584]]}}, {"id": "290", "type": "Feature", "properties": {"location_uid": "VR4_GE/2010/02.50A-5dOvP7M6/TZz", "HOLE_ID": "VR4", "HOLE_TYPE": "VC", "HOLE_STAR": "16/01/2012", "HOLE_ENDD": "16/01/2012", "HOLE_REM": "1. Vibrocore samples 0.90m-1.90m, 1.90m-2.90m, 3.00m-4.00m and 6.00m-6.90m depths were taken to laboratory on 16/1/2012.  2. Grab samples VRG2  (30 L) were taken on 16/1/2012.  3. Composite water sample MW03 (60L) was taken at VR2 and VR4 on 16/1/2012.  4. Grab sample and water sample were sent to lab on 16/1/2012."}, "geometry": {"type": "LineString", "coordinates": [[114.19652997841702, 22.319828757043165, -2.7879676607083765], [114.19652998120311, 22.319828755616697, -9.787967645191173]]}}, {"id": "291", "type": "Feature", "properties": {"location_uid": "VR5_GE/2010/02.50A-5dOvP7M6/TZz", "HOLE_ID": "VR5", "HOLE_TYPE": "VC", "HOLE_STAR": "14/01/2012", "HOLE_ENDD": "14/01/2012", "HOLE_REM": "1. Vibrocore samples 0.90m-1.90m, 1.90m-2.90m, 2.90m-3.90m and 6.00m-7.00m depths were taken to laboratory on 14/1/2012.  2. Grab samples VRG5  (30L) were taken on 14/1/2012.  3. Composite water sample MW01 (40L) was taken at VR5 on 14/1/2012.4. Grab sample and water sample were sent to lab on 14/1/2012."}, "geometry": {"type": "LineString", "coordinates": [[114.19765084307616, 22.318623032279977, -4.5804212175505175], [114.19765084626029, 22.318623030649675, -12.580421199784016]]}}, {"id": "292", "type": "Feature", "properties": {"location_uid": "01273/C01_GE/2001/29.10B-21QXj8/XpRDo", "HOLE_ID": "01273/C01", "HOLE_TYPE": "SCP", "HOLE_STAR": "28/08/2002", "HOLE_ENDD": "28/08/2002", "HOLE_REM": null}, "geometry": {"type": "LineString", "coordinates": [[114.20115589641445, 22.321728887527904, -5.651010021553849], [114.20115590765522, 22.321728881772913, -33.891009958919]]}}, {"id": "293", "type": "Feature", "properties": {"location_uid": "01273/C03_GE/2001/29.10B-21QXj8/XpRDo", "HOLE_ID": "01273/C03", "HOLE_TYPE": "SCP", "HOLE_STAR": "27/08/2002", "HOLE_ENDD": "27/08/2002", "HOLE_REM": null}, "geometry": {"type": "LineString", "coordinates": [[114.2019373663779, 22.320804035374646, -7.67556113694695], [114.20193737628128, 22.320804030304288, -32.55556108168918]]}}, {"id": "294", "type": "Feature", "properties": {"location_uid": "01273/C04_GE/2001/29.10B-21QXj8/XpRDo", "HOLE_ID": "01273/C04", "HOLE_TYPE": "SCP", "HOLE_STAR": "27/08/2002", "HOLE_ENDD": "27/08/2002", "HOLE_REM": null}, "geometry": {"type": "LineString", "coordinates": [[114.20199143640797, 22.320304003167116, -7.234275756688487], [114.20199144768854, 22.320303997391584, -35.57427569371175]]}}, {"id": "295", "type": "Feature", "properties": {"location_uid": "01273/C05_GE/2001/29.10B-21QXj8/XpRDo", "HOLE_ID": "01273/C05", "HOLE_TYPE": "SCP", "HOLE_STAR": "24/08/2002", "HOLE_ENDD": "24/08/2002", "HOLE_REM": null}, "geometry": {"type": "LineString", "coordinates": [[114.2023576351444, 22.320250123595866, -7.212509496322248], [114.20235764817643, 22.320250116923596, -39.95250942354974]]}}, {"id": "296", "type": "Feature", "properties": {"location_uid": "01273/C06_GE/2001/29.10B-21QXj8/XpRDo", "HOLE_ID": "01273/C06", "HOLE_TYPE": "SCP", "HOLE_STAR": "24/08/2002", "HOLE_ENDD": "24/08/2002", "HOLE_REM": null}, "geometry": {"type": "LineString", "coordinates": [[114.20204455916596, 22.319936449908592, -6.573270278318507], [114.20204456894189, 22.31993644490338, -31.13327022371999]]}}, {"id": "297", "type": "Feature", "properties": {"location_uid": "01273/C07_GE/2001/29.10B-21QXj8/XpRDo", "HOLE_ID": "01273/C07", "HOLE_TYPE": "SCP", "HOLE_STAR": "26/08/2002", "HOLE_ENDD": "26/08/2002", "HOLE_REM": null}, "geometry": {"type": "LineString", "coordinates": [[114.20171663725826, 22.319634788216096, -7.684124290489582], [114.20171664980451, 22.319634781792455, -39.20412422040896]]}}, {"id": "298", "type": "Feature", "properties": {"location_uid": "01273/C08_GE/2001/29.10B-21QXj8/XpRDo", "HOLE_ID": "01273/C08", "HOLE_TYPE": "SCP", "HOLE_STAR": "23/08/2002", "HOLE_ENDD": "23/08/2002", "HOLE_REM": null}, "geometry": {"type": "LineString", "coordinates": [[114.20284382618053, 22.319815674993542, -6.199406589968426], [114.20284383954696, 22.31981566815001, -39.77940651527622]]}}, {"id": "299", "type": "Feature", "properties": {"location_uid": "01273/C10_GE/2001/29.10B-21QXj8/XpRDo", "HOLE_ID": "01273/C10", "HOLE_TYPE": "SCP", "HOLE_STAR": "23/08/2002", "HOLE_ENDD": "23/08/2002", "HOLE_REM": null}, "geometry": {"type": "LineString", "coordinates": [[114.20221136886572, 22.319201333892394, -4.900984710008619], [114.20221137914315, 22.319201328630342, -30.72098465256059]]}}, {"id": "300", "type": "Feature", "properties": {"location_uid": "01273/C12_GE/2001/29.10B-21QXj8/XpRDo", "HOLE_ID": "01273/C12", "HOLE_TYPE": "SCP", "HOLE_STAR": "16/08/2002", "HOLE_ENDD": "16/08/2002", "HOLE_REM": null}, "geometry": {"type": "LineString", "coordinates": [[114.20333845685406, 22.31936858026946, -7.306236670179518], [114.2033384602056, 22.319368578553465, -15.726236651437375]]}}, {"id": "301", "type": "Feature", "properties": {"location_uid": "01273/C12A_GE/2001/29.10B-21QXj8/XpRDo", "HOLE_ID": "01273/C12A", "HOLE_TYPE": "SCP", "HOLE_STAR": "17/08/2002", "HOLE_ENDD": "17/08/2002", "HOLE_REM": null}, "geometry": {"type": "LineString", "coordinates": [[114.203312642253, 22.31938565228574, -7.426389082325398], [114.2033126521803, 22.319385647202967, -32.36638902681308]]}}, {"id": "302", "type": "Feature", "properties": {"location_uid": "01273/C13_GE/2001/29.10B-21QXj8/XpRDo", "HOLE_ID": "01273/C13", "HOLE_TYPE": "SCP", "HOLE_STAR": "19/08/2002", "HOLE_ENDD": "19/08/2002", "HOLE_REM": null}, "geometry": {"type": "LineString", "coordinates": [[114.20300500020556, 22.319065116237773, -6.997110787271847], [114.20300500220374, 22.31906511521471, -12.017110776096294]]}}, {"id": "303", "type": "Feature", "properties": {"location_uid": "01273/C13A_GE/2001/29.10B-21QXj8/XpRDo", "HOLE_ID": "01273/C13A", "HOLE_TYPE": "SCP", "HOLE_STAR": "19/08/2002", "HOLE_ENDD": "19/08/2002", "HOLE_REM": null}, "geometry": {"type": "LineString", "coordinates": [[114.20298772317334, 22.31906268076337, -7.007183855944437], [114.20298773337922, 22.31906267553794, -32.64718379886517]]}}, {"id": "304", "type": "Feature", "properties": {"location_uid": "01273/C14_GE/2001/29.10B-21QXj8/XpRDo", "HOLE_ID": "01273/C14", "HOLE_TYPE": "SCP", "HOLE_STAR": "22/08/2002", "HOLE_ENDD": "22/08/2002", "HOLE_REM": null}, "geometry": {"type": "LineString", "coordinates": [[114.20269105269821, 22.318758939581887, -4.907892117172127], [114.20269106285626, 22.318758934380906, -30.427892060351454]]}}, {"id": "305", "type": "Feature", "properties": {"location_uid": "01273/C15_GE/2001/29.10B-21QXj8/XpRDo", "HOLE_ID": "01273/C15", "HOLE_TYPE": "SCP", "HOLE_STAR": "15/08/2002", "HOLE_ENDD": "15/08/2002", "HOLE_REM": null}, "geometry": {"type": "LineString", "coordinates": [[114.20381736274253, 22.318934852213424, -6.93316334069041], [114.20381737240716, 22.318934847265105, -31.21316328660755]]}}, {"id": "306", "type": "Feature", "properties": {"location_uid": "01273/C16_GE/2001/29.10B-21QXj8/XpRDo", "HOLE_ID": "01273/C16", "HOLE_TYPE": "SCP", "HOLE_STAR": "15/08/2002", "HOLE_ENDD": "15/08/2002", "HOLE_REM": null}, "geometry": {"type": "LineString", "coordinates": [[114.2035091386649, 22.318617026393888, -6.433893215473139], [114.20350914891856, 22.31861702114393, -32.19389315808431]]}}, {"id": "307", "type": "Feature", "properties": {"location_uid": "01273/C17_GE/2001/29.10B-21QXj8/XpRDo", "HOLE_ID": "01273/C17", "HOLE_TYPE": "SCP", "HOLE_STAR": "13/08/2002", "HOLE_ENDD": "13/08/2002", "HOLE_REM": null}, "geometry": {"type": "LineString", "coordinates": [[114.20319092129569, 22.318313831351393, -5.014700030427301], [114.20319093375448, 22.31831382497237, -36.314699960687015]]}}, {"id": "308", "type": "Feature", "properties": {"location_uid": "01273/C18_GE/2001/29.10B-21QXj8/XpRDo", "HOLE_ID": "01273/C18", "HOLE_TYPE": "SCP", "HOLE_STAR": "14/08/2002", "HOLE_ENDD": "14/08/2002", "HOLE_REM": null}, "geometry": {"type": "LineString", "coordinates": [[114.20374950849452, 22.31837894018832, -6.422307045849139], [114.20374951195753, 22.318378938415233, -15.122307026460044]]}}, {"id": "309", "type": "Feature", "properties": {"location_uid": "01273/C18A_GE/2001/29.10B-21QXj8/XpRDo", "HOLE_ID": "01273/C18A", "HOLE_TYPE": "SCP", "HOLE_STAR": "14/08/2002", "HOLE_ENDD": "14/08/2002", "HOLE_REM": null}, "geometry": {"type": "LineString", "coordinates": [[114.20374941506185, 22.318397994773484, -6.352347342133726], [114.20374942693162, 22.318397988696056, -36.17234727567669]]}}, {"id": "310", "type": "Feature", "properties": {"location_uid": "01273/C19_GE/2001/29.10B-21QXj8/XpRDo", "HOLE_ID": "01273/C19", "HOLE_TYPE": "SCP", "HOLE_STAR": "10/08/2002", "HOLE_ENDD": "10/08/2002", "HOLE_REM": null}, "geometry": {"type": "LineString", "coordinates": [[114.20430528797986, 22.318479176791566, -6.8400008080003865], [114.20430529785946, 22.318479171733127, -31.66000075267432]]}}, {"id": "311", "type": "Feature", "properties": {"location_uid": "01273/C20_GE/2001/29.10B-21QXj8/XpRDo", "HOLE_ID": "01273/C20", "HOLE_TYPE": "SCP", "HOLE_STAR": "12/08/2002", "HOLE_ENDD": "12/08/2002", "HOLE_REM": null}, "geometry": {"type": "LineString", "coordinates": [[114.2039955140129, 22.31817715563417, -6.58077071298232], [114.20399552550057, 22.318177149752362, -35.44077064864176]]}}, {"id": "312", "type": "Feature", "properties": {"location_uid": "01273/C21_GE/2001/29.10B-21QXj8/XpRDo", "HOLE_ID": "01273/C21", "HOLE_TYPE": "SCP", "HOLE_STAR": "13/08/2002", "HOLE_ENDD": "13/08/2002", "HOLE_REM": null}, "geometry": {"type": "LineString", "coordinates": [[114.20367496771895, 22.317874774475467, -6.111589738842715], [114.20367497955682, 22.317874768414303, -35.851589672531325]]}}, {"id": "313", "type": "Feature", "properties": {"location_uid": "01273/C22_GE/2001/29.10B-21QXj8/XpRDo", "HOLE_ID": "01273/C22", "HOLE_TYPE": "SCP", "HOLE_STAR": "31/08/2002", "HOLE_ENDD": "31/08/2002", "HOLE_REM": null}, "geometry": {"type": "LineString", "coordinates": [[114.20505543076955, 22.31835081389128, -4.926335372840464], [114.20505543274389, 22.318350812880404, -9.886335361778075]]}}, {"id": "314", "type": "Feature", "properties": {"location_uid": "01273/C22A_GE/2001/29.10B-21QXj8/XpRDo", "HOLE_ID": "01273/C22A", "HOLE_TYPE": "SCP", "HOLE_STAR": "02/09/2002", "HOLE_ENDD": "02/09/2002", "HOLE_REM": null}, "geometry": {"type": "LineString", "coordinates": [[114.20502544140763, 22.318358585269603, -5.666487474488891], [114.20502544317499, 22.318358584364717, -10.10648746458663]]}}, {"id": "315", "type": "Feature", "properties": {"location_uid": "01273/C23_GE/2001/29.10B-21QXj8/XpRDo", "HOLE_ID": "01273/C23", "HOLE_TYPE": "SCP", "HOLE_STAR": "09/08/2002", "HOLE_ENDD": "09/08/2002", "HOLE_REM": null}, "geometry": {"type": "LineString", "coordinates": [[114.20444491193298, 22.317761672240735, -7.037864443506953], [114.20444492357194, 22.317761666281417, -36.27786437827601]]}}, {"id": "316", "type": "Feature", "properties": {"location_uid": "01273/C24_GE/2001/29.10B-21QXj8/XpRDo", "HOLE_ID": "01273/C24", "HOLE_TYPE": "SCP", "HOLE_STAR": "29/08/2002", "HOLE_ENDD": "29/08/2002", "HOLE_REM": null}, "geometry": {"type": "LineString", "coordinates": [[114.20383255330032, 22.317180205731663, -3.3894220382792275], [114.20383256651539, 22.31718019896527, -36.58942196419444]]}}, {"id": "317", "type": "Feature", "properties": {"location_uid": "01273/C25_GE/2001/29.10B-21QXj8/XpRDo", "HOLE_ID": "01273/C25", "HOLE_TYPE": "SCP", "HOLE_STAR": "30/08/2002", "HOLE_ENDD": "30/08/2002", "HOLE_REM": null}, "geometry": {"type": "LineString", "coordinates": [[114.20424126711042, 22.317185284105932, -5.797579410133203], [114.20424127961705, 22.31718527770229, -37.21757934000546]]}}, {"id": "318", "type": "Feature", "properties": {"location_uid": "01273/C26_GE/2001/29.10B-21QXj8/XpRDo", "HOLE_ID": "01273/C26", "HOLE_TYPE": "SCP", "HOLE_STAR": "07/08/2002", "HOLE_ENDD": "07/08/2002", "HOLE_REM": null}, "geometry": {"type": "LineString", "coordinates": [[114.20464617427777, 22.31757425295283, -7.166559358590469], [114.20464617719148, 22.317574251460965, -14.486559342255743]]}}, {"id": "319", "type": "Feature", "properties": {"location_uid": "01273/C26A_GE/2001/29.10B-21QXj8/XpRDo", "HOLE_ID": "01273/C26A", "HOLE_TYPE": "SCP", "HOLE_STAR": "08/08/2002", "HOLE_ENDD": "08/08/2002", "HOLE_REM": null}, "geometry": {"type": "LineString", "coordinates": [[114.20465189562125, 22.317549146980042, -6.846480762707915], [114.2046519081598, 22.31754914056008, -38.3464806924122]]}}, {"id": "320", "type": "Feature", "properties": {"location_uid": "01273/C27_GE/2001/29.10B-21QXj8/XpRDo", "HOLE_ID": "01273/C27", "HOLE_TYPE": "SCP", "HOLE_STAR": "30/08/2002", "HOLE_ENDD": "30/08/2002", "HOLE_REM": null}, "geometry": {"type": "LineString", "coordinates": [[114.2050480732507, 22.317961325500438, -5.425550754455676], [114.20504808523208, 22.31796131936581, -35.52555068729813]]}}, {"id": "321", "type": "Feature", "properties": {"location_uid": "01273/C28_GE/2001/29.10B-21QXj8/XpRDo", "HOLE_ID": "01273/C28", "HOLE_TYPE": "SCP", "HOLE_STAR": "03/09/2002", "HOLE_ENDD": "03/09/2002", "HOLE_REM": null}, "geometry": {"type": "LineString", "coordinates": [[114.20540504383378, 22.3179086148908, -4.0738229044478285], [114.20540504528269, 22.317908614148944, -7.713822896324583]]}}, {"id": "322", "type": "Feature", "properties": {"location_uid": "01273/C28A_GE/2001/29.10B-21QXj8/XpRDo", "HOLE_ID": "01273/C28A", "HOLE_TYPE": "SCP", "HOLE_STAR": "03/09/2002", "HOLE_ENDD": "03/09/2002", "HOLE_REM": null}, "geometry": {"type": "LineString", "coordinates": [[114.20539989786576, 22.31789922395183, -4.203826476829242], [114.20539991027708, 22.31789921759706, -35.383826407244705]]}}, {"id": "323", "type": "Feature", "properties": {"location_uid": "01273/C29_GE/2001/29.10B-21QXj8/XpRDo", "HOLE_ID": "01273/C29", "HOLE_TYPE": "SCP", "HOLE_STAR": "31/08/2002", "HOLE_ENDD": "31/08/2002", "HOLE_REM": null}, "geometry": {"type": "LineString", "coordinates": [[114.20524972305304, 22.317776885937622, -3.394249757863711], [114.20524973624451, 22.317776879183388, -36.53424968390166]]}}, {"id": "324", "type": "Feature", "properties": {"location_uid": "01273/C30_GE/2001/29.10B-21QXj8/XpRDo", "HOLE_ID": "01273/C30", "HOLE_TYPE": "SCP", "HOLE_STAR": "29/08/2002", "HOLE_ENDD": "29/08/2002", "HOLE_REM": null}, "geometry": {"type": "LineString", "coordinates": [[114.2042420638797, 22.316796336591537, -3.776760796396904], [114.20424207747692, 22.316796329629415, -37.93676072012331]]}}, {"id": "325", "type": "Feature", "properties": {"location_uid": "01273/C32_GE/2001/29.10B-21QXj8/XpRDo", "HOLE_ID": "01273/C32", "HOLE_TYPE": "SCP", "HOLE_STAR": "06/08/2002", "HOLE_ENDD": "06/08/2002", "HOLE_REM": null}, "geometry": {"type": "LineString", "coordinates": [[114.20534361468637, 22.316993013152807, -6.18217686733019], [114.20534362698616, 22.316993006855036, -37.0821767983089]]}}, {"id": "326", "type": "Feature", "properties": {"location_uid": "01273/C33_GE/2001/29.10B-21QXj8/XpRDo", "HOLE_ID": "01273/C33", "HOLE_TYPE": "SCP", "HOLE_STAR": "02/09/2002", "HOLE_ENDD": "02/09/2002", "HOLE_REM": null}, "geometry": {"type": "LineString", "coordinates": [[114.20565726970374, 22.317286542234566, -6.901371734473571], [114.20565728139856, 22.31728653624659, -36.28137166885608]]}}, {"id": "327", "type": "Feature", "properties": {"location_uid": "01273/C34_GE/2001/29.10B-21QXj8/XpRDo", "HOLE_ID": "01273/C34", "HOLE_TYPE": "SCP", "HOLE_STAR": "02/08/2002", "HOLE_ENDD": "02/08/2002", "HOLE_REM": null}, "geometry": {"type": "LineString", "coordinates": [[114.20614877807326, 22.316846212311255, -8.028215868279311], [114.20614879034929, 22.316846206025634, -38.86821579935207]]}}, {"id": "328", "type": "Feature", "properties": {"location_uid": "01273/C35_GE/2001/29.10B-21QXj8/XpRDo", "HOLE_ID": "01273/C35", "HOLE_TYPE": "SCP", "HOLE_STAR": "03/08/2002", "HOLE_ENDD": "03/08/2002", "HOLE_REM": null}, "geometry": {"type": "LineString", "coordinates": [[114.20582667612115, 22.31653904950219, -7.169030606174439], [114.20582667671027, 22.31653904920054, -8.649030602865967]]}}, {"id": "329", "type": "Feature", "properties": {"location_uid": "01273/C35A_GE/2001/29.10B-21QXj8/XpRDo", "HOLE_ID": "01273/C35A", "HOLE_TYPE": "SCP", "HOLE_STAR": "03/08/2002", "HOLE_ENDD": "03/08/2002", "HOLE_REM": null}, "geometry": {"type": "LineString", "coordinates": [[114.20584346649876, 22.3165369695513, -6.728950032983626], [114.20584347922053, 22.316536963037414, -38.688949961542455]]}}, {"id": "330", "type": "Feature", "properties": {"location_uid": "01273/C36_GE/2001/29.10B-21QXj8/XpRDo", "HOLE_ID": "01273/C36", "HOLE_TYPE": "SCP", "HOLE_STAR": "05/08/2002", "HOLE_ENDD": "05/08/2002", "HOLE_REM": null}, "geometry": {"type": "LineString", "coordinates": [[114.20549749322244, 22.31624723945865, -5.56991090331667], [114.20549750680391, 22.31624723250452, -39.689910827039036]]}}, {"id": "331", "type": "Feature", "properties": {"location_uid": "01273/S01_GE/2001/29.10B-21QXj8/XpRDo", "HOLE_ID": "01273/S01", "HOLE_TYPE": "RCG", "HOLE_STAR": "27/09/2002", "HOLE_ENDD": "02/10/2002", "HOLE_REM": null}, "geometry": {"type": "LineString", "coordinates": [[114.20084974991137, 22.321641697791083, -5.002209235635151], [114.20084977286257, 22.32164168604062, -62.66220910775774]]}}, {"id": "332", "type": "Feature", "properties": {"location_uid": "01273/S03_GE/2001/29.10B-21QXj8/XpRDo", "HOLE_ID": "01273/S03", "HOLE_TYPE": "RCG", "HOLE_STAR": "19/09/2002", "HOLE_ENDD": "25/09/2002", "HOLE_REM": "Vane Shear Test were carried out at 1.00m, 2.00m, 3.00m, 4.00m & 5.00m."}, "geometry": {"type": "LineString", "coordinates": [[114.20106396150547, 22.32106650767303, -4.260048594263699], [114.2010639893168, 22.321066493434135, -74.13004843919761]]}}, {"id": "333", "type": "Feature", "properties": {"location_uid": "01273/S04_GE/2001/29.10B-21QXj8/XpRDo", "HOLE_ID": "01273/S04", "HOLE_TYPE": "RCG", "HOLE_STAR": "14/09/2002", "HOLE_ENDD": "18/09/2002", "HOLE_REM": "Vane Shear Test were carried out at 1.50m and 2.50m"}, "geometry": {"type": "LineString", "coordinates": [[114.20167650808428, 22.321034807246576, -7.4072187318703975], [114.20167652710688, 22.321034797507355, -55.1972186257695]]}}, {"id": "334", "type": "Feature", "properties": {"location_uid": "01273/S07_GE/2001/29.10B-21QXj8/XpRDo", "HOLE_ID": "01273/S07", "HOLE_TYPE": "RCG", "HOLE_STAR": "04/09/2002", "HOLE_ENDD": "05/09/2002", "HOLE_REM": "Vane Shear Test was carried out at 1.00m,"}, "geometry": {"type": "LineString", "coordinates": [[114.20040435462504, 22.32060008459574, -3.8720577417223367], [114.20040436760104, 22.320600077952186, -36.47205766936313]]}}, {"id": "335", "type": "Feature", "properties": {"location_uid": "01273/S09_GE/2001/29.10B-21QXj8/XpRDo", "HOLE_ID": "01273/S09", "HOLE_TYPE": "RCG", "HOLE_STAR": "09/09/2002", "HOLE_ENDD": "13/09/2002", "HOLE_REM": "Vane Shear Test was carried out at 2.00m,"}, "geometry": {"type": "LineString", "coordinates": [[114.20156867017033, 22.32046634805119, -6.866522880439096], [114.20156869305389, 22.320466336335087, -64.35652275273573]]}}, {"id": "336", "type": "Feature", "properties": {"location_uid": "01273/S10_GE/2001/29.10B-21QXj8/XpRDo", "HOLE_ID": "01273/S10", "HOLE_TYPE": "RCG", "HOLE_STAR": "25/07/2002", "HOLE_ENDD": "26/07/2002", "HOLE_REM": null}, "geometry": {"type": "LineString", "coordinates": [[114.20275461471391, 22.32026902507413, -6.130755854886271], [114.2027546270534, 22.32026901875644, -37.13075578596815]]}}, {"id": "337", "type": "Feature", "properties": {"location_uid": "01273/S12_GE/2001/29.10B-21QXj8/XpRDo", "HOLE_ID": "01273/S12", "HOLE_TYPE": "RCG", "HOLE_STAR": "24/08/2002", "HOLE_ENDD": "30/08/2002", "HOLE_REM": "Vane Shear Test were carried out at 1.00m, 2.00m, 3.00m, 4.00m, 5.00m & 6.00m"}, "geometry": {"type": "LineString", "coordinates": [[114.20091255672773, 22.319996134249415, -3.408509291176033], [114.20091258623842, 22.319996119140143, -77.54850912646639]]}}, {"id": "338", "type": "Feature", "properties": {"location_uid": "01273/S14_GE/2001/29.10B-21QXj8/XpRDo", "HOLE_ID": "01273/S14", "HOLE_TYPE": "RCG", "HOLE_STAR": "27/07/2002", "HOLE_ENDD": "01/08/2002", "HOLE_REM": null}, "geometry": {"type": "LineString", "coordinates": [[114.20177851083325, 22.3199004591627, -5.7543975417618505], [114.2017785319773, 22.319900448337073, -58.87439742368405]]}}, {"id": "339", "type": "Feature", "properties": {"location_uid": "01273/S17_GE/2001/29.10B-21QXj8/XpRDo", "HOLE_ID": "01273/S17", "HOLE_TYPE": "RCG", "HOLE_STAR": "02/08/2002", "HOLE_ENDD": "08/08/2002", "HOLE_REM": "Vane Shear Test was carried out at 1.50m"}, "geometry": {"type": "LineString", "coordinates": [[114.20141627796285, 22.31932264715395, -4.024833005869842], [114.20141630678498, 22.319322632397032, -76.43483284484928]]}}, {"id": "340", "type": "Feature", "properties": {"location_uid": "01273/S19_GE/2001/29.10B-21QXj8/XpRDo", "HOLE_ID": "01273/S19", "HOLE_TYPE": "RCG", "HOLE_STAR": "06/09/2002", "HOLE_ENDD": "07/09/2002", "HOLE_REM": null}, "geometry": {"type": "LineString", "coordinates": [[114.20389500996872, 22.31944064321871, -5.103870867530393], [114.20389502413934, 22.319440635963378, -40.703870788270166]]}}, {"id": "341", "type": "Feature", "properties": {"location_uid": "01273/S23_GE/2001/29.10B-21QXj8/XpRDo", "HOLE_ID": "01273/S23", "HOLE_TYPE": "RCG", "HOLE_STAR": "09/08/2002", "HOLE_ENDD": "10/08/2002", "HOLE_REM": "Vane Shear Test was carried out at 1.00m"}, "geometry": {"type": "LineString", "coordinates": [[114.2026190321733, 22.31822199237996, -2.447097904077973], [114.20261904594551, 22.31822198532845, -37.047097827001195]]}}, {"id": "342", "type": "Feature", "properties": {"location_uid": "01273/S24_GE/2001/29.10B-21QXj8/XpRDo", "HOLE_ID": "01273/S24", "HOLE_TYPE": "RCG", "HOLE_STAR": "18/09/2002", "HOLE_ENDD": "23/09/2002", "HOLE_REM": "Vane Shear Test were carried out at 1.50m  Strata boundary at 10.70m determined after splitting U100 liner sample in laboratory."}, "geometry": {"type": "LineString", "coordinates": [[114.20485970710672, 22.318568936351436, -6.677679374705113], [114.20485973092235, 22.31856892415766, -66.50767924131124]]}}, {"id": "343", "type": "Feature", "properties": {"location_uid": "01273/S25_GE/2001/29.10B-21QXj8/XpRDo", "HOLE_ID": "01273/S25", "HOLE_TYPE": "RCG", "HOLE_STAR": "24/09/2002", "HOLE_ENDD": "27/09/2002", "HOLE_REM": null}, "geometry": {"type": "LineString", "coordinates": [[114.20525999243284, 22.318163213013133, -3.365014988264236], [114.20526001425822, 22.318163201838303, -58.195014865941346]]}}, {"id": "344", "type": "Feature", "properties": {"location_uid": "01273/S29_GE/2001/29.10B-21QXj8/XpRDo", "HOLE_ID": "01273/S29", "HOLE_TYPE": "RCG", "HOLE_STAR": "12/08/2002", "HOLE_ENDD": "15/08/2002", "HOLE_REM": "Vane Shear Test was carried out at 1.50m"}, "geometry": {"type": "LineString", "coordinates": [[114.20360401445917, 22.317354714842, -2.9208233526207703], [114.20360404084163, 22.317354701333667, -69.20082320476295]]}}, {"id": "345", "type": "Feature", "properties": {"location_uid": "01273/S31_GE/2001/29.10B-21QXj8/XpRDo", "HOLE_ID": "01273/S31", "HOLE_TYPE": "RCG", "HOLE_STAR": "06/09/2002", "HOLE_ENDD": "10/09/2002", "HOLE_REM": "Vane Shear Test was carried out at 3.50m"}, "geometry": {"type": "LineString", "coordinates": [[114.20444318704983, 22.317381574816448, -6.737075365129483], [114.2044432054994, 22.317381565369917, -53.08707526168769]]}}, {"id": "346", "type": "Feature", "properties": {"location_uid": "01273/S32_GE/2001/29.10B-21QXj8/XpRDo", "HOLE_ID": "01273/S32", "HOLE_TYPE": "RCG", "HOLE_STAR": "12/09/2002", "HOLE_ENDD": "17/09/2002", "HOLE_REM": null}, "geometry": {"type": "LineString", "coordinates": [[114.20485100578013, 22.317767562920025, -6.286036769411539], [114.20485102784419, 22.317767551622893, -61.716036645727314]]}}, {"id": "347", "type": "Feature", "properties": {"location_uid": "01273/S33_GE/2001/29.10B-21QXj8/XpRDo", "HOLE_ID": "01273/S33", "HOLE_TYPE": "RCG", "HOLE_STAR": "27/09/2002", "HOLE_ENDD": "03/10/2002", "HOLE_REM": "Vane Shear Test was carried out at 1.00m."}, "geometry": {"type": "LineString", "coordinates": [[114.20573404927917, 22.31779377757387, -4.742090825002718], [114.20573407058316, 22.31779376666591, -58.26209070552712]]}}, {"id": "348", "type": "Feature", "properties": {"location_uid": "01273/S38_GE/2001/29.10B-21QXj8/XpRDo", "HOLE_ID": "01273/S38", "HOLE_TYPE": "RCG", "HOLE_STAR": "16/08/2002", "HOLE_ENDD": "20/08/2002", "HOLE_REM": "Vane Shear Test were carried out at 1.00m and 3.50m"}, "geometry": {"type": "LineString", "coordinates": [[114.20404070671715, 22.316992063531494, -3.7880841722473013], [114.204040729975, 22.316992051622954, -62.218084041822706]]}}, {"id": "349", "type": "Feature", "properties": {"location_uid": "01273/S39_GE/2001/29.10B-21QXj8/XpRDo", "HOLE_ID": "01273/S39", "HOLE_TYPE": "RCG", "HOLE_STAR": "21/08/2002", "HOLE_ENDD": "23/08/2002", "HOLE_REM": "Vane Shear Test were carried out at 1.00m and 3.50m"}, "geometry": {"type": "LineString", "coordinates": [[114.20444642797203, 22.31659275213957, -4.385406851016991], [114.20444644906853, 22.316592741337583, -57.38540673263918]]}}, {"id": "350", "type": "Feature", "properties": {"location_uid": "01273/S40_GE/2001/29.10B-21QXj8/XpRDo", "HOLE_ID": "01273/S40", "HOLE_TYPE": "RCG", "HOLE_STAR": "04/10/2002", "HOLE_ENDD": "05/10/2002", "HOLE_REM": "Vane Shear Tests were carried out at 4.00m and 6.00m"}, "geometry": {"type": "LineString", "coordinates": [[114.20559048357394, 22.31676413414536, -6.640575842504934], [114.20559049854072, 22.316764126482, -44.24057575848733]]}}, {"id": "351", "type": "Feature", "properties": {"location_uid": "01273/S41_GE/2001/29.10B-21QXj8/XpRDo", "HOLE_ID": "01273/S41", "HOLE_TYPE": "RCG", "HOLE_STAR": "03/10/2002", "HOLE_ENDD": "05/10/2002", "HOLE_REM": null}, "geometry": {"type": "LineString", "coordinates": [[114.2067042529397, 22.316910680359474, -4.755832059560265], [114.20670426794649, 22.31691067267565, -42.45583197528154]]}}, {"id": "352", "type": "Feature", "properties": {"location_uid": "01273/S44_GE/2001/29.10B-21QXj8/XpRDo", "HOLE_ID": "01273/S44", "HOLE_TYPE": "RCG", "HOLE_STAR": "05/10/2002", "HOLE_ENDD": "08/10/2002", "HOLE_REM": "Vane Shear Tests were carried out at 1.00m and 2.50m.  SPT from 38.00m to 38.09m : no sample was recovered in cutting shoe."}, "geometry": {"type": "LineString", "coordinates": [[114.20541595409219, 22.31572031878902, -4.0791734191452385], [114.2054159697355, 22.315720310779085, -43.37917333124397]]}}, {"id": "353", "type": "Feature", "properties": {"location_uid": "V1-1_GE/2001/29.10B-21QXj8/XpRDo", "HOLE_ID": "V1-1", "HOLE_TYPE": "VC", "HOLE_STAR": "26/07/2002", "HOLE_ENDD": "26/07/2002", "HOLE_REM": null}, "geometry": {"type": "LineString", "coordinates": [[114.20235604892044, 22.320602317092362, -6.583250845839412], [114.20235605091067, 22.320602316073387, -11.583250834729872]]}}, {"id": "354", "type": "Feature", "properties": {"location_uid": "V1-10_GE/2001/29.10B-21QXj8/XpRDo", "HOLE_ID": "V1-10", "HOLE_TYPE": "VC", "HOLE_STAR": "24/07/2002", "HOLE_ENDD": "24/07/2002", "HOLE_REM": null}, "geometry": {"type": "LineString", "coordinates": [[114.20261736672248, 22.320241503495204, -6.901318352186486], [114.20261736909086, 22.32024150228262, -12.851318338959363]]}}, {"id": "355", "type": "Feature", "properties": {"location_uid": "V1-11_GE/2001/29.10B-21QXj8/XpRDo", "HOLE_ID": "V1-11", "HOLE_TYPE": "VC", "HOLE_STAR": "27/07/2002", "HOLE_ENDD": "27/07/2002", "HOLE_REM": null}, "geometry": {"type": "LineString", "coordinates": [[114.20222965757124, 22.320498485007704, -7.16360510458114], [114.20222965976048, 22.320498483886837, -12.663605092360152]]}}, {"id": "356", "type": "Feature", "properties": {"location_uid": "V1-12_GE/2001/29.10B-21QXj8/XpRDo", "HOLE_ID": "V1-12", "HOLE_TYPE": "VC", "HOLE_STAR": "26/07/2002", "HOLE_ENDD": "26/07/2002", "HOLE_REM": null}, "geometry": {"type": "LineString", "coordinates": [[114.20237231356215, 22.320373479250545, -6.88270035597089], [114.202372315831, 22.32037347808892, -12.582700343302848]]}}, {"id": "357", "type": "Feature", "properties": {"location_uid": "V1-13_GE/2001/29.10B-21QXj8/XpRDo", "HOLE_ID": "V1-13", "HOLE_TYPE": "VC", "HOLE_STAR": "25/07/2002", "HOLE_ENDD": "25/07/2002", "HOLE_REM": null}, "geometry": {"type": "LineString", "coordinates": [[114.20249759388223, 22.32023863268377, -7.031853364051778], [114.20249759567344, 22.320238631766692, -11.531853354048764]]}}, {"id": "358", "type": "Feature", "properties": {"location_uid": "V1-14_GE/2001/29.10B-21QXj8/XpRDo", "HOLE_ID": "V1-14", "HOLE_TYPE": "VC", "HOLE_STAR": "24/07/2002", "HOLE_ENDD": "24/07/2002", "HOLE_REM": null}, "geometry": {"type": "LineString", "coordinates": [[114.2026404443746, 22.32011732909557, -7.260955056496147], [114.20264044664346, 22.320117327933932, -12.96095504382313]]}}, {"id": "359", "type": "Feature", "properties": {"location_uid": "V1-2_GE/2001/29.10B-21QXj8/XpRDo", "HOLE_ID": "V1-2", "HOLE_TYPE": "VC", "HOLE_STAR": "26/07/2002", "HOLE_ENDD": "26/07/2002", "HOLE_REM": null}, "geometry": {"type": "LineString", "coordinates": [[114.20247735310761, 22.320485442131794, -6.332459461301922], [114.20247735543619, 22.32048544093959, -12.182459448301223]]}}, {"id": "360", "type": "Feature", "properties": {"location_uid": "V1-3_GE/2001/29.10B-21QXj8/XpRDo", "HOLE_ID": "V1-3", "HOLE_TYPE": "VC", "HOLE_STAR": "25/07/2002", "HOLE_ENDD": "25/07/2002", "HOLE_REM": null}, "geometry": {"type": "LineString", "coordinates": [[114.20261661192488, 22.32036061723754, -6.40157024441627], [114.20261661363648, 22.320360616361214, -10.701570234858263]]}}, {"id": "361", "type": "Feature", "properties": {"location_uid": "V1-4_GE/2001/29.10B-21QXj8/XpRDo", "HOLE_ID": "V1-4", "HOLE_TYPE": "VC", "HOLE_STAR": "24/07/2002", "HOLE_ENDD": "24/07/2002", "HOLE_REM": null}, "geometry": {"type": "LineString", "coordinates": [[114.20276645020957, 22.320236693599465, -6.420634922978615], [114.20276645255804, 22.320236692397067, -12.32063490986145]]}}, {"id": "362", "type": "Feature", "properties": {"location_uid": "V15_GE/2001/29.10B-21QXj8/XpRDo", "HOLE_ID": "V15", "HOLE_TYPE": "VC", "HOLE_STAR": "09/10/2002", "HOLE_ENDD": "09/10/2002", "HOLE_REM": "Depths / levels of the material sampled are estimated due to low  recovery."}, "geometry": {"type": "LineString", "coordinates": [[114.20052633716325, 22.32046749778596, -3.511232009576383], [114.20052633955147, 22.320467496563225, -9.5112319962561]]}}, {"id": "363", "type": "Feature", "properties": {"location_uid": "V1-5_GE/2001/29.10B-21QXj8/XpRDo", "HOLE_ID": "V1-5", "HOLE_TYPE": "VC", "HOLE_STAR": "26/07/2002", "HOLE_ENDD": "26/07/2002", "HOLE_REM": null}, "geometry": {"type": "LineString", "coordinates": [[114.20235313099073, 22.320568452807045, -6.69319342659064], [114.2023531333392, 22.320568451604654, -12.59319341348095]]}}, {"id": "364", "type": "Feature", "properties": {"location_uid": "V15A_GE/2001/29.10B-21QXj8/XpRDo", "HOLE_ID": "V15A", "HOLE_TYPE": "VC", "HOLE_STAR": "09/10/2002", "HOLE_ENDD": "09/10/2002", "HOLE_REM": "Depths / levels of the material sampled are estimated due to low  recovery."}, "geometry": {"type": "LineString", "coordinates": [[114.2005465227391, 22.32044988518676, -3.4711043270711173], [114.20054652512732, 22.32044988396403, -9.471104313750413]]}}, {"id": "365", "type": "Feature", "properties": {"location_uid": "V15B_GE/2001/29.10B-21QXj8/XpRDo", "HOLE_ID": "V15B", "HOLE_TYPE": "VC", "HOLE_STAR": "09/10/2002", "HOLE_ENDD": "09/10/2002", "HOLE_REM": "Depths / levels of the material sampled are estimated due to low  recovery."}, "geometry": {"type": "LineString", "coordinates": [[114.20062212389121, 22.32039677417589, -3.710652747946683], [114.20062212627941, 22.32039677295315, -9.710652734624896]]}}, {"id": "366", "type": "Feature", "properties": {"location_uid": "V16_GE/2001/29.10B-21QXj8/XpRDo", "HOLE_ID": "V16", "HOLE_TYPE": "VC", "HOLE_STAR": "08/10/2002", "HOLE_ENDD": "08/10/2002", "HOLE_REM": "Vibrocore was split into sub-samples from 2.00-3.00m, 3.00-4.00m,4.00-5.00m and 5.00-5.90m."}, "geometry": {"type": "LineString", "coordinates": [[114.20121373720283, 22.321126628765136, -5.219497719426871], [114.20121373959108, 22.321126627542398, -11.219497706110538]]}}, {"id": "367", "type": "Feature", "properties": {"location_uid": "V1-6_GE/2001/29.10B-21QXj8/XpRDo", "HOLE_ID": "V1-6", "HOLE_TYPE": "VC", "HOLE_STAR": "25/07/2002", "HOLE_ENDD": "25/07/2002", "HOLE_REM": "Waste material between 2.90 - 3.90m may be contamination from anthropogenic mud caused by sampling."}, "geometry": {"type": "LineString", "coordinates": [[114.20249355387061, 22.320439473812602, -6.522290445102648], [114.20249355621908, 22.320439472610214, -12.422290431990128]]}}, {"id": "368", "type": "Feature", "properties": {"location_uid": "V17_GE/2001/29.10B-21QXj8/XpRDo", "HOLE_ID": "V17", "HOLE_TYPE": "VC", "HOLE_STAR": "10/10/2002", "HOLE_ENDD": "10/10/2002", "HOLE_REM": "Depths / levels of the material sampled are estimated due to low  recovery."}, "geometry": {"type": "LineString", "coordinates": [[114.20122875394127, 22.31985322285526, -4.066783632526743], [114.2012287563295, 22.31985322163251, -10.066783619193071]]}}, {"id": "369", "type": "Feature", "properties": {"location_uid": "V1-7_GE/2001/29.10B-21QXj8/XpRDo", "HOLE_ID": "V1-7", "HOLE_TYPE": "VC", "HOLE_STAR": "25/07/2002", "HOLE_ENDD": "25/07/2002", "HOLE_REM": null}, "geometry": {"type": "LineString", "coordinates": [[114.20262727877125, 22.32030643189796, -6.821409031677599], [114.20262728076146, 22.32030643087898, -11.821409020563106]]}}, {"id": "370", "type": "Feature", "properties": {"location_uid": "V17A_GE/2001/29.10B-21QXj8/XpRDo", "HOLE_ID": "V17A", "HOLE_TYPE": "VC", "HOLE_STAR": "10/10/2002", "HOLE_ENDD": "10/10/2002", "HOLE_REM": "Vibrocore was split into sub-samples from 3.00-4.00m, 4.00-5.00m, 5.00-5.90m and 6.25-7.00m.  Shoe sample from 5.90-6.00m may not represent the material at this depth and may have entered the shoe during sample retrieval."}, "geometry": {"type": "LineString", "coordinates": [[114.20122287916081, 22.320116555781322, -4.357357418880666], [114.20122288258395, 22.320116554028704, -12.957357399774143]]}}, {"id": "371", "type": "Feature", "properties": {"location_uid": "V18_GE/2001/29.10B-21QXj8/XpRDo", "HOLE_ID": "V18", "HOLE_TYPE": "VC", "HOLE_STAR": "09/10/2002", "HOLE_ENDD": "09/10/2002", "HOLE_REM": "Vibrocore was split into sub-samples from 1.00-2.00m, 2.00 to 3.00m, 3.00-4.00m and 4.00-5.00m."}, "geometry": {"type": "LineString", "coordinates": [[114.20190955290641, 22.320501243921253, -7.625056250076187], [114.20190955525486, 22.320501242718866, -13.525056236968686]]}}, {"id": "372", "type": "Feature", "properties": {"location_uid": "V1-8_GE/2001/29.10B-21QXj8/XpRDo", "HOLE_ID": "V1-8", "HOLE_TYPE": "VC", "HOLE_STAR": "26/07/2002", "HOLE_ENDD": "26/07/2002", "HOLE_REM": null}, "geometry": {"type": "LineString", "coordinates": [[114.2023568067209, 22.32049864568192, -7.013031309978805], [114.20235680883054, 22.320498644601816, -12.313031298201304]]}}, {"id": "373", "type": "Feature", "properties": {"location_uid": "V19_GE/2001/29.10B-21QXj8/XpRDo", "HOLE_ID": "V19", "HOLE_TYPE": "VC", "HOLE_STAR": "10/10/2002", "HOLE_ENDD": "10/10/2002", "HOLE_REM": "Depths / levels of the material sampled are estimated due to low  recovery."}, "geometry": {"type": "LineString", "coordinates": [[114.201937665982, 22.319231267934754, -4.102284949596401], [114.20193766837023, 22.31923126671198, -10.102284936249227]]}}, {"id": "374", "type": "Feature", "properties": {"location_uid": "V1-9_GE/2001/29.10B-21QXj8/XpRDo", "HOLE_ID": "V1-9", "HOLE_TYPE": "VC", "HOLE_STAR": "25/07/2002", "HOLE_ENDD": "25/07/2002", "HOLE_REM": null}, "geometry": {"type": "LineString", "coordinates": [[114.20248606956929, 22.320380685789086, -6.7622016486226455], [114.20248607191776, 22.320380684586695, -12.662201635509385]]}}, {"id": "375", "type": "Feature", "properties": {"location_uid": "V19A_GE/2001/29.10B-21QXj8/XpRDo", "HOLE_ID": "V19A", "HOLE_TYPE": "VC", "HOLE_STAR": "10/10/2002", "HOLE_ENDD": "10/10/2002", "HOLE_REM": "Vibrocore split into sub-samples from 3.00-4.00m, 4.00-5.00m and 5.00-5.90m."}, "geometry": {"type": "LineString", "coordinates": [[114.20193835157649, 22.319265313123548, -4.322352738319307], [114.20193835396474, 22.31926531190078, -10.322352724972461]]}}, {"id": "376", "type": "Feature", "properties": {"location_uid": "V20_GE/2001/29.10B-21QXj8/XpRDo", "HOLE_ID": "V20", "HOLE_TYPE": "VC", "HOLE_STAR": "09/10/2002", "HOLE_ENDD": "09/10/2002", "HOLE_REM": "Vibrocore split into sub-samples from 1.00-2.00m, 2.00-3.00m, 3.00-4.00m and 4.00-5.00m."}, "geometry": {"type": "LineString", "coordinates": [[114.20260478052788, 22.31988470670934, -7.150630913632534], [114.20260478291614, 22.31988470548656, -13.150630900289622]]}}, {"id": "377", "type": "Feature", "properties": {"location_uid": "V21_GE/2001/29.10B-21QXj8/XpRDo", "HOLE_ID": "V21", "HOLE_TYPE": "VC", "HOLE_STAR": "10/10/2002", "HOLE_ENDD": "10/10/2002", "HOLE_REM": "Vibrocore split into sub-samples from 1.00-2.00m, 2.00-3.00m, 3.00-4.00m, 4.00-5.00m and 5.00-5.90m"}, "geometry": {"type": "LineString", "coordinates": [[114.20262861217422, 22.31859016792524, -3.8678225971493423], [114.20262861456247, 22.318590166702446, -9.867822583788358]]}}, {"id": "378", "type": "Feature", "properties": {"location_uid": "V22_GE/2001/29.10B-21QXj8/XpRDo", "HOLE_ID": "V22", "HOLE_TYPE": "VC", "HOLE_STAR": "09/10/2002", "HOLE_ENDD": "09/10/2002", "HOLE_REM": "Vibrocore split into sub-samples from 2.00-3.00m, 3.00-4.00m  and 4.00-5.00m."}, "geometry": {"type": "LineString", "coordinates": [[114.20329698903741, 22.319245319486694, -7.056166568196829], [114.20329699134606, 22.31924531830466, -12.856166555285595]]}}, {"id": "379", "type": "Feature", "properties": {"location_uid": "V23_GE/2001/29.10B-21QXj8/XpRDo", "HOLE_ID": "V23", "HOLE_TYPE": "VC", "HOLE_STAR": "11/10/2002", "HOLE_ENDD": "11/10/2002", "HOLE_REM": "Vibrocore split into sub-samples from 4.00 to 5.00m, 5.00 to 5.90m, 6.10 to 7.00m and 7.00 to 8.00m"}, "geometry": {"type": "LineString", "coordinates": [[114.20332809712578, 22.317969382333597, -3.813358954286895], [114.20332810102659, 22.317969380336326, -13.613358932442187]]}}, {"id": "380", "type": "Feature", "properties": {"location_uid": "V24_GE/2001/29.10B-21QXj8/XpRDo", "HOLE_ID": "V24", "HOLE_TYPE": "VC", "HOLE_STAR": "09/10/2002", "HOLE_ENDD": "09/10/2002", "HOLE_REM": "Vibrocore split into sub-samples from 2.00 to 3.00m, 3.00 to 4.00m and 4.00 to 5.00m"}, "geometry": {"type": "LineString", "coordinates": [[114.20400346294673, 22.318628142283142, -6.241679096618508], [114.204003465335, 22.318628141060323, -12.241679083248382]]}}, {"id": "381", "type": "Feature", "properties": {"location_uid": "V25_GE/2001/29.10B-21QXj8/XpRDo", "HOLE_ID": "V25", "HOLE_TYPE": "VC", "HOLE_STAR": "11/10/2002", "HOLE_ENDD": "11/10/2002", "HOLE_REM": "Vibrocore split into sub-samples from 2.00 to 3.00m, 3.00 to 4.00m , 4.00 to 5.00m, 5.00 to 5.90m, 6.30to 7.00m and 7.00 to 8.00m"}, "geometry": {"type": "LineString", "coordinates": [[114.20403437173502, 22.317354462108465, -5.338871843824521], [114.20403437543683, 22.317354460213064, -14.638871823073304]]}}, {"id": "382", "type": "Feature", "properties": {"location_uid": "V26_GE/2001/29.10B-21QXj8/XpRDo", "HOLE_ID": "V26", "HOLE_TYPE": "VC", "HOLE_STAR": "09/10/2002", "HOLE_ENDD": "09/10/2002", "HOLE_REM": "Vibrocore split into sub-samples from  3.00 to 4.00m , 4.00 to 5.00m and 5.00 to 5.90m."}, "geometry": {"type": "LineString", "coordinates": [[114.20470750266664, 22.31800274447308, -5.7371804127104165], [114.20470750505494, 22.31800274325024, -11.737180399326775]]}}, {"id": "383", "type": "Feature", "properties": {"location_uid": "V27_GE/2001/29.10B-21QXj8/XpRDo", "HOLE_ID": "V27", "HOLE_TYPE": "VC", "HOLE_STAR": "10/10/2002", "HOLE_ENDD": "10/10/2002", "HOLE_REM": "Vibrocore split into sub-samples from 2.00 to 3.00m, 3.00 to 4.00m , 4.00 to 5.00m,  5.00 to 5.90m. 6.10 to 7.00m and 7.00 to 8.00m"}, "geometry": {"type": "LineString", "coordinates": [[114.20473917937623, 22.316716691797605, -5.934338472463548], [114.20473918363533, 22.31671668961684, -16.634338448564055]]}}, {"id": "384", "type": "Feature", "properties": {"location_uid": "V28_GE/2001/29.10B-21QXj8/XpRDo", "HOLE_ID": "V28", "HOLE_TYPE": "VC", "HOLE_STAR": "10/10/2002", "HOLE_ENDD": "10/10/2002", "HOLE_REM": "Vibrocore split into sub-samples from  4.00 to 5.00m,  5.00 to 5.90m. 6.10 to 7.00m and 7.00 to 8.00m and 8.00 to 9.00m"}, "geometry": {"type": "LineString", "coordinates": [[114.20539580911914, 22.31735955602671, -5.402710615873849], [114.2053958127414, 22.31735955417204, -14.502710595554117]]}}, {"id": "385", "type": "Feature", "properties": {"location_uid": "V29_GE/2001/29.10B-21QXj8/XpRDo", "HOLE_ID": "V29", "HOLE_TYPE": "VC", "HOLE_STAR": "10/10/2002", "HOLE_ENDD": "10/10/2002", "HOLE_REM": "Vibrocore split into sub-samples from 2.00 to 3.00m, 3.00 to  4.00m,  4:00 to 5.00, 5.00 to 5.90m.  7.00 to 8.00m, 8.00 to 9.00m and 9.00 to 10.00m"}, "geometry": {"type": "LineString", "coordinates": [[114.20542428135903, 22.316099241079648, -4.659932148364653], [114.20542428613561, 22.31609923863389, -16.659932121534755]]}}, {"id": "386", "type": "Feature", "properties": {"location_uid": "V30_GE/2001/29.10B-21QXj8/XpRDo", "HOLE_ID": "V30", "HOLE_TYPE": "VC", "HOLE_STAR": "10/10/2002", "HOLE_ENDD": "10/10/2002", "HOLE_REM": "Vibrocore split into sub-samples from 2.00 to 3.00m, 3.00 to  4.00m,  4:00 to 5.00, 5.00 to 5.90m. 6.20 to 7.00m,  7.00 to 8.00m, 8.00 to 9.00m and 9.00 to 10.00m.  Marine Deposit / Alluvium interface observed at 9.50m in laboratory sample."}, "geometry": {"type": "LineString", "coordinates": [[114.20609391954493, 22.31674796949642, -7.208257823996288], [114.20609392432156, 22.316747967050663, -19.208257797174618]]}}, {"id": "387", "type": "Feature", "properties": {"location_uid": "V31_GE/2001/29.10B-21QXj8/XpRDo", "HOLE_ID": "V31", "HOLE_TYPE": "VC", "HOLE_STAR": "17/10/2002", "HOLE_ENDD": "17/10/2002", "HOLE_REM": "Sample between 5.00-5.20m and 5.90 - 6.00m may not be representative of the material at this depth.  Vibrocore split into sub-samples from 1.00 to 2.00, 2.00 to 3.00m, 3.00 to 4.00m and 4.00 to 5.00m"}, "geometry": {"type": "LineString", "coordinates": [[114.20653945221342, 22.31509149654669, -5.872743746216076], [114.20653945460172, 22.31509149532377, -11.872743732779488]]}}, {"id": "388", "type": "Feature", "properties": {"location_uid": "V31A_GE/2001/29.10B-21QXj8/XpRDo", "HOLE_ID": "V31A", "HOLE_TYPE": "VC", "HOLE_STAR": "17/10/2002", "HOLE_ENDD": "17/10/2002", "HOLE_REM": "Vibrocore split into sub-samples from 5.00 to 6.00, 6.00 to 7.00m, 7.00 to 8.00m and 9.00 to 9.90m."}, "geometry": {"type": "LineString", "coordinates": [[114.20652266387317, 22.31510351035412, -5.6928454024074595], [114.20652266785369, 22.315103508315953, -15.692845380013555]]}}, {"id": "389", "type": "Feature", "properties": {"location_uid": "V32_GE/2001/29.10B-21QXj8/XpRDo", "HOLE_ID": "V32", "HOLE_TYPE": "VC", "HOLE_STAR": "17/10/2002", "HOLE_ENDD": "17/10/2002", "HOLE_REM": "Depths/Levels of the material sampled are estimated due to low recovery."}, "geometry": {"type": "LineString", "coordinates": [[114.20723053944654, 22.315739674992592, -6.410971103094862], [114.20723054183487, 22.31573967376968, -12.410971089662297]]}}, {"id": "390", "type": "Feature", "properties": {"location_uid": "V32A_GE/2001/29.10B-21QXj8/XpRDo", "HOLE_ID": "V32A", "HOLE_TYPE": "VC", "HOLE_STAR": "17/10/2002", "HOLE_ENDD": "17/10/2002", "HOLE_REM": "Vibrocore split into sub-samples from 2.00 to 3.00m, 3.00 to 4.00m, 4.00 to 5.00m, 5.00 to 5.90m and 6.00 to 7.00m"}, "geometry": {"type": "LineString", "coordinates": [[114.20726411600316, 22.31571465383292, -6.9307657148133766], [114.20726411962546, 22.315714651978173, -16.030765694439765]]}}, {"id": "391", "type": "Feature", "properties": {"location_uid": "V33_GE/2001/29.10B-21QXj8/XpRDo", "HOLE_ID": "V33", "HOLE_TYPE": "VC", "HOLE_STAR": "17/10/2002", "HOLE_ENDD": "17/10/2002", "HOLE_REM": "Vibrocore split into sub-samples from 1.00 to 2.00, 2.00 to 3.00m, 3.00 to 4.00m, 4.00 to 5.00m, 5.00to 5.90m, 6.00 to 7.00m, 7.00 to 8.00m, 8.00 to 9.00m and 9.00 to 10.00m"}, "geometry": {"type": "LineString", "coordinates": [[114.2072402587775, 22.31445895377086, -6.058221350814167], [114.2072402633949, 22.314458951406536, -17.658221324810228]]}}, {"id": "392", "type": "Feature", "properties": {"location_uid": "V34_GE/2001/29.10B-21QXj8/XpRDo", "HOLE_ID": "V34", "HOLE_TYPE": "VC", "HOLE_STAR": "17/10/2002", "HOLE_ENDD": "17/10/2002", "HOLE_REM": "Vibrocore split into sub-samples from  2.00 to 3.00m, 3.00 to 4.00m, 4.00 to 5.00m and 5.00 to 5.90m"}, "geometry": {"type": "LineString", "coordinates": [[114.20792901749878, 22.31510902599178, -7.386463399789676], [114.20792901988713, 22.315109024768848, -13.38646338634335]]}}, {"id": "393", "type": "Feature", "properties": {"location_uid": "V35_GE/2001/29.10B-21QXj8/XpRDo", "HOLE_ID": "V35", "HOLE_TYPE": "VC", "HOLE_STAR": "17/10/2002", "HOLE_ENDD": "17/10/2002", "HOLE_REM": "Vibrocore split into sub-samples from 0.00 to 1.00m, 1.00 to 2.00m, 2.00 to 3.00m, 3.00 to 4.00m, 4.00to 5.00m and 5.00 to 5.90m"}, "geometry": {"type": "LineString", "coordinates": [[114.20793552866868, 22.313833994615468, -6.6037351439868], [114.20793553105699, 22.313833993392517, -12.603735130523171]]}}, {"id": "394", "type": "Feature", "properties": {"location_uid": "V36_GE/2001/29.10B-21QXj8/XpRDo", "HOLE_ID": "V36", "HOLE_TYPE": "VC", "HOLE_STAR": "17/10/2002", "HOLE_ENDD": "17/10/2002", "HOLE_REM": "Vibrocore split into sub-samples from 2.00 to 3.00m, 3.00 to 4.00m, 4.00 to 5.00m and 5.00 to 5.90m"}, "geometry": {"type": "LineString", "coordinates": [[114.20862021193001, 22.31448758668624, -7.8321725893249186], [114.20862021431837, 22.314487585463286, -13.832172577275294]]}}, {"id": "395", "type": "Feature", "properties": {"location_uid": "V37_GE/2001/29.10B-21QXj8/XpRDo", "HOLE_ID": "V37", "HOLE_TYPE": "VC", "HOLE_STAR": "17/10/2002", "HOLE_ENDD": "17/10/2002", "HOLE_REM": null}, "geometry": {"type": "LineString", "coordinates": [[114.20863341289845, 22.31321047697111, -6.4094134599945605], [114.20863341528677, 22.313210475748136, -12.40941344793818]]}}, {"id": "396", "type": "Feature", "properties": {"location_uid": "V37A_GE/2001/29.10B-21QXj8/XpRDo", "HOLE_ID": "V37A", "HOLE_TYPE": "VC", "HOLE_STAR": "17/10/2002", "HOLE_ENDD": "17/10/2002", "HOLE_REM": "Vibrocore split into sub-samples from 0.00 to 1.00m, 1.00 to 2.00m, 2.00 to 3.00m, 3.00 to 4.00m and 4.00 to 5.00m"}, "geometry": {"type": "LineString", "coordinates": [[114.20866380035898, 22.313250386226464, -6.589377633006249], [114.20866380274732, 22.313250385003492, -12.589377620949785]]}}, {"id": "397", "type": "Feature", "properties": {"location_uid": "V38_GE/2001/29.10B-21QXj8/XpRDo", "HOLE_ID": "V38", "HOLE_TYPE": "VC", "HOLE_STAR": "17/10/2002", "HOLE_ENDD": "17/10/2002", "HOLE_REM": "Vibrocore split into sub-samples from 0.00 to 1.00m, 1.00 to 2.00m, 2.00 to 3.00m, 3.00 to 4.00m and 4.00 to 5.00m"}, "geometry": {"type": "LineString", "coordinates": [[114.20931654161815, 22.313855216367212, -8.138073950984808], [114.2093165440065, 22.31385521514424, -14.138073938929853]]}}, {"id": "398", "type": "Feature", "properties": {"location_uid": "V39_GE/2001/29.10B-21QXj8/XpRDo", "HOLE_ID": "V39", "HOLE_TYPE": "VC", "HOLE_STAR": "18/10/2002", "HOLE_ENDD": "18/10/2002", "HOLE_REM": "Vibrocore split into sub-samples from 1.00 to 2.00m, 2.00 to 3.00m, 3.00 to 4.00m, 4.00 to 5.00m and 5.00 to 5.90m"}, "geometry": {"type": "LineString", "coordinates": [[114.20934875914696, 22.3125790960849, -6.575239436810625], [114.20934876153531, 22.312579094861903, -12.575239424748379]]}}, {"id": "399", "type": "Feature", "properties": {"location_uid": "V40_GE/2001/29.10B-21QXj8/XpRDo", "HOLE_ID": "V40", "HOLE_TYPE": "VC", "HOLE_STAR": "18/10/2002", "HOLE_ENDD": "18/10/2002", "HOLE_REM": "Vibrocore split into sub-samples from 1.00 to 2.00m, 2.00 to 3.00m, 3.00 to 4.00m and 4.00 to 5.00m"}, "geometry": {"type": "LineString", "coordinates": [[114.21002441600928, 22.313228891179264, -8.32394033867319], [114.21002441839765, 22.313228889956275, -14.32394032661264]]}}, {"id": "400", "type": "Feature", "properties": {"location_uid": "V41_GE/2001/29.10B-21QXj8/XpRDo", "HOLE_ID": "V41", "HOLE_TYPE": "VC", "HOLE_STAR": "18/10/2002", "HOLE_ENDD": "18/10/2002", "HOLE_REM": "Vibrocore split into sub-samples from 1.00 to 2.00m, 2.00 to 3.00m, 3.00 to 4.00m, 4.00 to 5.00m, 5.00to 5.90m and 6.00 to 7.00m"}, "geometry": {"type": "LineString", "coordinates": [[114.21004672854458, 22.311956926690634, -7.1511517687868835], [114.21004673149022, 22.311956925182248, -14.551151753903437]]}}, {"id": "401", "type": "Feature", "properties": {"location_uid": "V42_GE/2001/29.10B-21QXj8/XpRDo", "HOLE_ID": "V42", "HOLE_TYPE": "VC", "HOLE_STAR": "18/10/2002", "HOLE_ENDD": "18/10/2002", "HOLE_REM": "Vibrocore split into sub-samples from 1.10 to 2.00m, 2.00 to 3.00m, 3.00 to 4.00m, 4.00 to 5.00m, 5.00to 5.90m and 6.40 to 7.00m"}, "geometry": {"type": "LineString", "coordinates": [[114.21071209666628, 22.312604102463002, -7.6198879700378805], [114.21071210024886, 22.31260410062848, -16.619887951938697]]}}, {"id": "402", "type": "Feature", "properties": {"location_uid": "K 1_GE/2009/03.38-FdBIOBn/7wun", "HOLE_ID": "K 1", "HOLE_TYPE": "RC", "HOLE_STAR": "14/04/2011", "HOLE_ENDD": "27/04/2011", "HOLE_REM": "1. An inspection pit was excavated to 1.50m deep by hand tools.  2. Constant Head Permeability Test was carried out at 25.60m to 27.10m.  3. Falling Head Permeability Test was carried out at 10.00m to 11.50m.  4. Vane Shear Test was carried out at 12.50m.  5. Pressuremeter Test was carried out at 34.95m to 35.28m."}, "geometry": {"type": "LineString", "coordinates": [[114.20366434290585, 22.320700631391396, 2.172450167404506], [114.20366437242564, 22.32070061627772, -71.98754966771696]]}}, {"id": "403", "type": "Feature", "properties": {"location_uid": "K 2_GE/2009/03.38-FdBIOBn/7wun", "HOLE_ID": "K 2", "HOLE_TYPE": "RC", "HOLE_STAR": "19/04/2011", "HOLE_ENDD": "04/05/2011", "HOLE_REM": "1. An inspection pit was excavated to 1.40m deep by hand tools.  2. Constant Head Permeability Tests were carried out at 11.80m to 13.30m and 26.30m to 27.80m.  3. Pressuremeter Test was carried out at 36.25m to 36.58m."}, "geometry": {"type": "LineString", "coordinates": [[114.20354872334684, 22.320593186410612, 2.0521529462864874], [114.20354876184679, 22.32059316669917, -94.66784683866655]]}}, {"id": "404", "type": "Feature", "properties": {"location_uid": "K 3_GE/2009/03.38-FdBIOBn/7wun", "HOLE_ID": "K 3", "HOLE_TYPE": "RC", "HOLE_STAR": "07/04/2011", "HOLE_ENDD": "18/04/2011", "HOLE_REM": "1. An inspection pit was excavated to 1.50m deep by hand tools.  2. Falling Head Permeability Tests were carried out at 8.50m to 10.00m and 24.60m to 26.10m.  3. Pressuremeter Test was carried out at 37.45m to 37.78m."}, "geometry": {"type": "LineString", "coordinates": [[114.20337982081853, 22.320502547057224, 2.301579853459585], [114.20337985241999, 22.320502530877675, -77.08841997002526]]}}, {"id": "405", "type": "Feature", "properties": {"location_uid": "K 4_GE/2009/03.38-FdBIOBn/7wun", "HOLE_ID": "K 4", "HOLE_TYPE": "RC", "HOLE_STAR": "29/04/2011", "HOLE_ENDD": "12/05/2011", "HOLE_REM": "1. An inspection pit was excavated to 1.65m deep by hand tools.  2. Constant Head Permeability Tests were carried out at 6.70m to 8.20m and 14.30m to 15.80m.  3. Vane Shear Test was carried out at 9.20m.  4. Pressuremeter Test was carried outat 38.45m to 38.78m.  5. A standpipe was installed at 14.20m.  6. A piezometer was installed with tip at 60.00m."}, "geometry": {"type": "LineString", "coordinates": [[114.20341708631481, 22.32047237877134, 2.3018111935000025], [114.20341711497862, 22.320472364095824, -69.70818864638541]]}}, {"id": "406", "type": "Feature", "properties": {"location_uid": "K 5_GE/2009/03.38-FdBIOBn/7wun", "HOLE_ID": "K 5", "HOLE_TYPE": "RC", "HOLE_STAR": "07/04/2011", "HOLE_ENDD": "16/04/2011", "HOLE_REM": "1. An inspection pit was excavated to 1.30m deep by hand tools.  2. Constant Head Permeability Tests were carried out at 14.00m to 15.50m and 28.60m to 30.10m.  3. Pressuremeter Test was carried out at 38.05m to 38.38m."}, "geometry": {"type": "LineString", "coordinates": [[114.20345862041391, 22.320431463370472, 2.302084293565699], [114.20345864894237, 22.32043144876423, -69.36791554706559]]}}, {"id": "407", "type": "Feature", "properties": {"location_uid": "K 6_GE/2009/03.38-FdBIOBn/7wun", "HOLE_ID": "K 6", "HOLE_TYPE": "RC", "HOLE_STAR": "30/03/2011", "HOLE_ENDD": "11/04/2011", "HOLE_REM": "1. An inspection pit was excavated to 2.00m deep by hand tools.  2. Falling Head Permeability Tests were carried out at 8.50m to 10.00m and 24.00m to 25.50m.  3. Pressuremeter Test was carried out at 33.95m to 34.28m.  4. A standpipe was installed at 7.00m.  5. A piezometer was installed with tip at 60.00m."}, "geometry": {"type": "LineString", "coordinates": [[114.20142108904543, 22.31854384924619, 2.306808070186198], [114.2014211171628, 22.318543834849873, -68.33319177260441]]}}, {"id": "408", "type": "Feature", "properties": {"location_uid": "K 7_GE/2009/03.38-FdBIOBn/7wun", "HOLE_ID": "K 7", "HOLE_TYPE": "RC", "HOLE_STAR": "08/04/2011", "HOLE_ENDD": "12/04/2011", "HOLE_REM": "1. An inspection pit was excavated to 2.00m deep by hand tools.  2. Constant Head Permeability Tests were carried out at 13.60m to 15.10m and 28.50m to 30.00m.  3. Pressuremeter Test was carried out at 36.45m to 36.78m.  4. A standpipe was installed at 17.00m.  5. A piezometer was installed with tip at 44.83m."}, "geometry": {"type": "LineString", "coordinates": [[114.21089224846327, 22.313894088037692, 2.4980852276402548], [114.21089226937788, 22.313894077328285, -50.0419146667584]]}}, {"id": "409", "type": "Feature", "properties": {"location_uid": "K 8_GE/2009/03.38-FdBIOBn/7wun", "HOLE_ID": "K 8", "HOLE_TYPE": "RC", "HOLE_STAR": "14/04/2011", "HOLE_ENDD": "18/04/2011", "HOLE_REM": "1. An inspection pit was excavated to 2.00m deep by hand tools.  2. Constant Head Permeability Tests were carried out at 8.30m to 9.80m and 23.60m to 25.10m.  3. Pressuremeter Test was carried out at 31.85m to 32.18m.  4. A standpipe was installed at 13.50m.  5. A piezometer was installed with tip at 43.66m."}, "geometry": {"type": "LineString", "coordinates": [[114.21092572028876, 22.313842787194282, 2.4783268227814874], [114.21092574002905, 22.313842777086172, -47.1116730775431]]}}, {"id": "410", "type": "Feature", "properties": {"location_uid": "K 9_GE/2009/03.38-FdBIOBn/7wun", "HOLE_ID": "K 9", "HOLE_TYPE": "RC", "HOLE_STAR": "14/04/2011", "HOLE_ENDD": "21/04/2011", "HOLE_REM": "1. An inspection pit was excavated to 2.00m deep by hand tools.  2. Falling Head Permeability Test was carried out at 27.60m to 29.10m.  3. Pressuremeter Test was carried out at 32.45m to 32.78m."}, "geometry": {"type": "LineString", "coordinates": [[114.2111084383481, 22.313685706409473, 1.7993844644162484], [114.21110845841883, 22.31368569613214, -48.62061543422831]]}}, {"id": "411", "type": "Feature", "properties": {"location_uid": "K10_GE/2009/03.38-FdBIOBn/7wun", "HOLE_ID": "K10", "HOLE_TYPE": "RC", "HOLE_STAR": "13/05/2011", "HOLE_ENDD": "19/05/2011", "HOLE_REM": "1. An inspection pit was excavated to 2.00m deep by hand tools.  2. Constant Head Permeability Test was carried out at 14.70m to 16.20m.  3. Falling Head Permeability Test was carried out at 23.60m to 25.10m.  4. Pressuremeter Test was carriedout at 36.65m to 36.98m."}, "geometry": {"type": "LineString", "coordinates": [[114.21067518080808, 22.313683178616287, 2.207673419973914], [114.21067520620886, 22.31368316560965, -61.602326451767084]]}}, {"id": "412", "type": "Feature", "properties": {"location_uid": "K11_GE/2009/03.38-FdBIOBn/7wun", "HOLE_ID": "K11", "HOLE_TYPE": "RC", "HOLE_STAR": "13/05/2011", "HOLE_ENDD": "18/05/2011", "HOLE_REM": "1. An inspection pit was excavated to 1.00m deep by hand tools.  2. Constant Head Permeability Test was carried out at 14.70m to 16.20m.  3. Falling Head Permeability Test was carried out at 23.10m to 24.60m.  4. Pressuremeter Test was carriedout at 35.65m to 35.98m.  5. Pressuremeter Test attempt to carry out at 34.20m, test failed due to soft soil stratum and test pocket can not be formed."}, "geometry": {"type": "LineString", "coordinates": [[114.21076319974534, 22.313639723091157, 2.46811444161743], [114.21076322551637, 22.313639709894932, -62.27188542824891]]}}, {"id": "413", "type": "Feature", "properties": {"location_uid": "K12_GE/2009/03.38-FdBIOBn/7wun", "HOLE_ID": "K12", "HOLE_TYPE": "RC", "HOLE_STAR": "09/05/2011", "HOLE_ENDD": "19/05/2011", "HOLE_REM": "1. An inspection pit was excavated to 1.00m deep by hand tools.  2. Constant Head Permeability Tests were carried out at 13.00m to 14.50m and 21.60m to 23.10m.  3. Pressuremeter Test was carried out at 36.65m to 36.98m.  4. A standpipe was installed at 17.00m.  5. A piezometer was installed with tip at 51.80m."}, "geometry": {"type": "LineString", "coordinates": [[114.2091841514748, 22.312159478404165, 0.5049979468111907], [114.20918417544583, 22.312159466129273, -59.71500193210589]]}}, {"id": "414", "type": "Feature", "properties": {"location_uid": "K13_GE/2009/03.38-FdBIOBn/7wun", "HOLE_ID": "K13", "HOLE_TYPE": "RC", "HOLE_STAR": "12/05/2011", "HOLE_ENDD": "19/05/2011", "HOLE_REM": "1. An inspection pit was excavated to 2.00m deep by hand tools.  2. Vane Shear Test wascarried out at 19.70m.  3. Falling Head Permeability Test was carried out at 18.20m to 19.70m.  4. Constant Head Permeability Test was carried out at 26.60mto 28.10m.  5. Pressuremeter Test try to attempt at 38.50m, but failed due to hard soil stratum can not be penetrated to form test pocket."}, "geometry": {"type": "LineString", "coordinates": [[114.2128765970897, 22.30763012355386, 4.019284242754533], [114.21287661784069, 22.307630112926915, -48.11071565211417]]}}, {"id": "415", "type": "Feature", "properties": {"location_uid": "K14_GE/2009/03.38-FdBIOBn/7wun", "HOLE_ID": "K14", "HOLE_TYPE": "RC", "HOLE_STAR": "30/04/2011", "HOLE_ENDD": "11/05/2011", "HOLE_REM": "1. An inspection pit was excavated to 2.00m deep by hand tools.  2. Constant Head Permeability Test was carried out at 17.50m to 19.00m.  3. Falling Head Permeability Test was carried out at 26.50m to 28.00m.  4. Pressuremeter Test was carriedout at 40.25m to 40.58m.  5. A standpipe was installed at 20.50m.  6. A piezometer was installed with tip at 47.30m."}, "geometry": {"type": "LineString", "coordinates": [[114.2112629022917, 22.30873870980785, 2.6705120378457514], [114.21126292580499, 22.308738697766543, -56.39948784313522]]}}, {"id": "416", "type": "Feature", "properties": {"location_uid": "K15_GE/2009/03.38-FdBIOBn/7wun", "HOLE_ID": "K15", "HOLE_TYPE": "RC", "HOLE_STAR": "27/04/2011", "HOLE_ENDD": "13/05/2011", "HOLE_REM": "1. An inspection pit was excavated to 0.50m deep by hand tools.  2. Constant Head Permeability Test was carried out at 25.90m to 27.40m.  3. Falling Head Permeability Test was carried out at 16.60m to 18.10m.  4. Pressuremeter Test attempt tocarried out at 37.85m to 38.18m."}, "geometry": {"type": "LineString", "coordinates": [[114.21053523046594, 22.309253516891335, 2.9765274157809114], [114.21053526455957, 22.309253499431946, -82.6734724117158]]}}, {"id": "417", "type": "Feature", "properties": {"location_uid": "K17_GE/2009/03.38-FdBIOBn/7wun", "HOLE_ID": "K17", "HOLE_TYPE": "RC", "HOLE_STAR": "03/05/2011", "HOLE_ENDD": "07/05/2011", "HOLE_REM": "1. An inspection pit was excavated to 2.00m deep by hand tools.  2. Falling Head Permeability Test was carried out at 14.50m to 16.00m.  3. Constant Head Permeability Test was carried out at 23.60m to 25.10m."}, "geometry": {"type": "LineString", "coordinates": [[114.20871752262283, 22.310925268540764, 2.6757638351078996], [114.20871754264877, 22.310925258285785, -47.634236063689414]]}}, {"id": "418", "type": "Feature", "properties": {"location_uid": "K18_GE/2009/03.38-FdBIOBn/7wun", "HOLE_ID": "K18", "HOLE_TYPE": "RC", "HOLE_STAR": "20/04/2011", "HOLE_ENDD": "29/04/2011", "HOLE_REM": "1. An inspection pit was excavated to 2.00m deep by hand tools.  2. Falling Head Permeability Tests were carried out at 15.00m to 16.50m and 27.20m to 28.70m.  3. Pressuremeter Test attempt to carry out at 41.80m, test failed due to hard stratum and test pocket can not be formed."}, "geometry": {"type": "LineString", "coordinates": [[114.20816716449936, 22.311512545552574, 2.4522361367463397], [114.20816718501884, 22.311512535044994, -49.09776374729096]]}}, {"id": "419", "type": "Feature", "properties": {"location_uid": "K19_GE/2009/03.38-FdBIOBn/7wun", "HOLE_ID": "K19", "HOLE_TYPE": "RC", "HOLE_STAR": "24/03/2011", "HOLE_ENDD": "02/04/2011", "HOLE_REM": "1. An inspection pit was excavated to 2.00m deep by hand tools.  2. Constant Head Permeability Tests were carried out at 4.00m to 5.50m and 24.60m to 26.10m.  3. Pressuremeter Test was carried out at 43.05m to 43.38m.  4. Standpipe was installed at 25.10m.  5. Piezometer was installed with tip at 54.56m."}, "geometry": {"type": "LineString", "coordinates": [[114.20746754096639, 22.312144099099108, 3.337706057346006], [114.20746756779093, 22.312144085363002, -64.05229379121167]]}}, {"id": "420", "type": "Feature", "properties": {"location_uid": "K20_GE/2009/03.38-FdBIOBn/7wun", "HOLE_ID": "K20", "HOLE_TYPE": "RC", "HOLE_STAR": "26/03/2011", "HOLE_ENDD": "01/04/2011", "HOLE_REM": "1. An inspection pit was excavated to 2.00m deep by hand tools.  2. Falling Head Permeability Test was carried out at 4.50m to 6.00m.  3. Constant Head Permeability Test was carried out at 18.10m to 19.60m.  4. Pressuremeter Test attempt to carry out at 42.60m, test failed due to hard stratum and test pocket can not be formed.  5. A standpipe was installed at 21.00m.  6. A piezometer was installedwith tip at 50.17m."}, "geometry": {"type": "LineString", "coordinates": [[114.20489387801855, 22.314734540977213, 2.9305241972081344], [114.20489390044828, 22.314734529492156, -53.419475676664064]]}}, {"id": "421", "type": "Feature", "properties": {"location_uid": "K21_GE/2009/03.38-FdBIOBn/7wun", "HOLE_ID": "K21", "HOLE_TYPE": "RC", "HOLE_STAR": "31/03/2011", "HOLE_ENDD": "06/04/2011", "HOLE_REM": "1. An inspection pit was excavated to 2.00m deep by hand tools.  2. Constant Head Permeability Tests were carried out at 13.50m to 15.00m and 26.50m to 28.00m.  3. Pressuremeter Test attempt to carry out at 43.10m, but failed due to stiff soil.  4. A standpipe was installed at 20.00m.  5. A piezometer was installed with tip at 42.89m."}, "geometry": {"type": "LineString", "coordinates": [[114.20444258950756, 22.314857615303026, 3.4182135292813833], [114.2044426116904, 22.314857603944418, -52.311786346023965]]}}, {"id": "422", "type": "Feature", "properties": {"location_uid": "K22_GE/2009/03.38-FdBIOBn/7wun", "HOLE_ID": "K22", "HOLE_TYPE": "RC", "HOLE_STAR": "24/03/2011", "HOLE_ENDD": "29/03/2011", "HOLE_REM": "1. An inspection pit was excavated to 2.00m deep by hand tools.  2. Falling Head permeability tests were carried out at 4.50m to 6.00m and 17.10m to 18.50m  3. A standpipe was installed at 16.00m.  4. A piezometer was installed with tip at 40.00m."}, "geometry": {"type": "LineString", "coordinates": [[114.20385938104236, 22.315384016841406, 3.40445941067787], [114.20385940029949, 22.315384006980988, -44.97554048116474]]}}, {"id": "423", "type": "Feature", "properties": {"location_uid": "K23_GE/2009/03.38-FdBIOBn/7wun", "HOLE_ID": "K23", "HOLE_TYPE": "RC", "HOLE_STAR": "07/04/2011", "HOLE_ENDD": "14/04/2011", "HOLE_REM": "1. An inspection pit was excavated to 2.00m deep by hand tools.  2. Falling Head Permeability Tests were carried out at 8.60m to 10.10m and 23.60m to 25.10m.  3. Pressuremeter Test was carried out at 45.45m to 45.78m.  4. A standpipe was installed at 11.10m.  5. A piezometer was installed with tip at 61.50m."}, "geometry": {"type": "LineString", "coordinates": [[114.20549715767245, 22.31462001771175, 2.663508943806732], [114.20549718532077, 22.314620003554502, -66.7964909006531]]}}, {"id": "424", "type": "Feature", "properties": {"location_uid": "K24_GE/2009/03.38-FdBIOBn/7wun", "HOLE_ID": "K24", "HOLE_TYPE": "RC", "HOLE_STAR": "18/04/2011", "HOLE_ENDD": "28/04/2011", "HOLE_REM": "1. An inspection pit was excavated to 2.00m deep by hand tools.  2. Vane Shear Test wascarried out at 17.50m.  3. Constant Head Permeability Test was carried out at 24.10m to 25.60m.  4. Falling Head Permeability Test was carried out at 16.00mto 17.50m.  5. Pressuremeter Test attempt to carry out at 43.60m, test failed due to hard stratum and test pocket can not be formed."}, "geometry": {"type": "LineString", "coordinates": [[114.20565067768804, 22.314979679227108, 2.533450778937951], [114.20565069847407, 22.314979668583756, -49.6865491041604]]}}, {"id": "425", "type": "Feature", "properties": {"location_uid": "KTD/BH 2_GE/2007/13.4-z2uPZoQSWE6q", "HOLE_ID": "KTD/BH 2", "HOLE_TYPE": "RC", "HOLE_STAR": "16/02/2008", "HOLE_ENDD": "25/02/2008", "HOLE_REM": "1. An inspection pit was excavated to a depth of 1.50m.  2. Pressurement test was undertaken between the depths of 35.65m to 35.98m on 21/02/2008."}, "geometry": {"type": "LineString", "coordinates": [[114.21690604192067, 22.30511451489761, 3.010685007938384], [114.21690606484982, 22.305114503154602, -54.58931487564864]]}}, {"id": "426", "type": "Feature", "properties": {"location_uid": "KTD/BH 3_GE/2007/13.4-z2uPZoQSWE6q", "HOLE_ID": "KTD/BH 3", "HOLE_TYPE": "RC", "HOLE_STAR": "11/01/2008", "HOLE_ENDD": "18/01/2008", "HOLE_REM": "1. An inspection pit was excavated to a depth of 2.00m.  2. Constant head permeability test was carried out at depths between 10.00m and 11.50m on 12/01/2008 and 19.50m and 21.00m on 14/01/2008.  3. Pressurement test was undertaken at depths between 30.55m and 30.88m on 16/01/2008."}, "geometry": {"type": "LineString", "coordinates": [[114.21130830689322, 22.313811189382736, 1.8299095257221158], [114.21130832817018, 22.313811178487764, -51.62009036683201]]}}, {"id": "427", "type": "Feature", "properties": {"location_uid": "KTD/BH 5_GE/2007/13.4-z2uPZoQSWE6q", "HOLE_ID": "KTD/BH 5", "HOLE_TYPE": "RC", "HOLE_STAR": "31/12/2007", "HOLE_ENDD": "08/01/2008", "HOLE_REM": "1. An inspection pit was excavated to a depth of 1.30m.  2. Pressuremeter test was undertaken at depths between 37.97m and 38.30m on 07/01/2008."}, "geometry": {"type": "LineString", "coordinates": [[114.20326174982611, 22.320261720509727, 2.651549995110492], [114.20326177461274, 22.32026170781922, -59.61844986641375]]}}, {"id": "428", "type": "Feature", "properties": {"location_uid": "KTD/BH 6_GE/2007/13.4-z2uPZoQSWE6q", "HOLE_ID": "KTD/BH 6", "HOLE_TYPE": "RC", "HOLE_STAR": "24/12/2007", "HOLE_ENDD": "05/01/2008", "HOLE_REM": "1. An inspection pit was excavated to a depth of 1.50m."}, "geometry": {"type": "LineString", "coordinates": [[114.20225724849931, 22.31637809332173, 3.7151065445647613], [114.20225727245305, 22.3163780810567, -56.46489332114876]]}}, {"id": "429", "type": "Feature", "properties": {"location_uid": "KTD/BH 7_GE/2007/13.4-z2uPZoQSWE6q", "HOLE_ID": "KTD/BH 7", "HOLE_TYPE": "RC", "HOLE_STAR": "24/12/2007", "HOLE_ENDD": "29/12/2007", "HOLE_REM": "1. An inspection pit was excavated to a depth of 1.50m."}, "geometry": {"type": "LineString", "coordinates": [[114.20044283603131, 22.318003423517474, 3.753500577983339], [114.20044285281223, 22.318003414925425, -38.40649932818739]]}}, {"id": "430", "type": "Feature", "properties": {"location_uid": "KTD/BH 8_GE/2007/13.4-z2uPZoQSWE6q", "HOLE_ID": "KTD/BH 8", "HOLE_TYPE": "RC", "HOLE_STAR": "09/01/2008", "HOLE_ENDD": "16/01/2008", "HOLE_REM": "1. An inspection pit was excavated to a depth of 1.50m.  2. Pressurement test was undertaken at depths between 23.47m and 23.80m on 11/01/2008."}, "geometry": {"type": "LineString", "coordinates": [[114.19653338885801, 22.331694949481616, 4.107706851713752], [114.19653341981441, 22.331694933635838, -73.66229297798505]]}}, {"id": "431", "type": "Feature", "properties": {"location_uid": "KTD/BH 9_GE/2007/13.4-z2uPZoQSWE6q", "HOLE_ID": "KTD/BH 9", "HOLE_TYPE": "RC", "HOLE_STAR": "11/01/2008", "HOLE_ENDD": "24/01/2008", "HOLE_REM": "1. An inspection pit was excavated to a depth of 1.50m.  2. Pressurement test was undertaken at depths between 24.09m to 24.42m on 16/01/2008."}, "geometry": {"type": "LineString", "coordinates": [[114.19966615428717, 22.32146830223827, 1.8228128903977412], [114.19966618390515, 22.321468287074506, -72.58718694465259]]}}, {"id": "432", "type": "Feature", "properties": {"location_uid": "KTD/BH10_GE/2007/13.4-z2uPZoQSWE6q", "HOLE_ID": "KTD/BH10", "HOLE_TYPE": "RC", "HOLE_STAR": "27/02/2008", "HOLE_ENDD": "07/03/2008", "HOLE_REM": "1. An inspection pit was excavated to a depth of 2.50m.  2. Pressurement test was undertaken at depths between 39.45m to 39.78m on 01/03/2008."}, "geometry": {"type": "LineString", "coordinates": [[114.19872278261002, 22.32311335455832, 2.145163345353465], [114.1987228167617, 22.32311333707399, -83.65483646486473]]}}, {"id": "433", "type": "Feature", "properties": {"location_uid": "KTD/BH11_GE/2007/13.4-z2uPZoQSWE6q", "HOLE_ID": "KTD/BH11", "HOLE_TYPE": "RC", "HOLE_STAR": "22/01/2008", "HOLE_ENDD": "26/01/2008", "HOLE_REM": "1. An inspection pit was excavated to a depth of 1.50m.  2. Pressurement test was undertaken at depths between 30.05m to 30.38m on 24/01/2008."}, "geometry": {"type": "LineString", "coordinates": [[114.19806677742162, 22.32465351867181, 3.0590382090661405], [114.19806680182928, 22.324653506176414, -58.260961655562504]]}}, {"id": "434", "type": "Feature", "properties": {"location_uid": "KTD/BH12_GE/2007/13.4-z2uPZoQSWE6q", "HOLE_ID": "KTD/BH12", "HOLE_TYPE": "RC", "HOLE_STAR": "26/01/2008", "HOLE_ENDD": "30/01/2008", "HOLE_REM": "1. An inspection pit was excavated to a depth of 1.50m.  2. Pressurement test was undertaken at depths between 34.35m and 34.68m on 28/01/2008."}, "geometry": {"type": "LineString", "coordinates": [[114.19754711278625, 22.326052333620762, 3.093826593320051], [114.19754713316979, 22.326052323185788, -48.11617329382234]]}}, {"id": "435", "type": "Feature", "properties": {"location_uid": "KTD/BH13_GE/2007/13.4-z2uPZoQSWE6q", "HOLE_ID": "KTD/BH13", "HOLE_TYPE": "RC", "HOLE_STAR": "27/02/2008", "HOLE_ENDD": "06/03/2008", "HOLE_REM": "1. An inspection pit was excavated to a depth of 1.50m."}, "geometry": {"type": "LineString", "coordinates": [[114.1970883720517, 22.32796579208501, 3.0478386565495454], [114.19708839491919, 22.32796578037886, -54.40216121712185]]}}, {"id": "436", "type": "Feature", "properties": {"location_uid": "KTD/BH14_GE/2007/13.4-z2uPZoQSWE6q", "HOLE_ID": "KTD/BH14", "HOLE_TYPE": "RC", "HOLE_STAR": "16/02/2008", "HOLE_ENDD": "22/02/2008", "HOLE_REM": "1. An inspection pit was excavated to a depth of 1.50m.  2. Pressurement test was undertaken at depths between 22.45m to 22.78m on 18/02/2008."}, "geometry": {"type": "LineString", "coordinates": [[114.1962414626962, 22.329282735450114, 2.9813514941623676], [114.19624149158612, 22.32928272066141, -69.59864834652943]]}}, {"id": "437", "type": "Feature", "properties": {"location_uid": "KTD/BH15_GE/2007/13.4-z2uPZoQSWE6q", "HOLE_ID": "KTD/BH15", "HOLE_TYPE": "RC", "HOLE_STAR": "18/02/2008", "HOLE_ENDD": "26/02/2008", "HOLE_REM": "1. An inspection pit was excavated to a depth of 1.50m.  2. Falling head permeability test was carried out at depths between 7.50m and 9.00m on 19/02/2008."}, "geometry": {"type": "LineString", "coordinates": [[114.1922779997499, 22.327132527983093, 3.22801244103288], [114.1922780276628, 22.32713251369388, -66.90198740502586]]}}, {"id": "438", "type": "Feature", "properties": {"location_uid": "KTD/BH16_GE/2007/13.4-z2uPZoQSWE6q", "HOLE_ID": "KTD/BH16", "HOLE_TYPE": "RC", "HOLE_STAR": "22/02/2008", "HOLE_ENDD": "28/02/2008", "HOLE_REM": "1. An inspection pit was excavated to a depth of 1.50m.  2. Pressurement test was undertaken at depths between 27.45m and 27.78m on 26/02/2008."}, "geometry": {"type": "LineString", "coordinates": [[114.19365321574122, 22.32793096579663, 3.4625452199240145], [114.19365323556283, 22.327930955649684, -46.33745467076984]]}}, {"id": "439", "type": "Feature", "properties": {"location_uid": "KTD/BH17_GE/2007/13.4-z2uPZoQSWE6q", "HOLE_ID": "KTD/BH17", "HOLE_TYPE": "RC", "HOLE_STAR": "31/01/2008", "HOLE_ENDD": "04/02/2008", "HOLE_REM": "1. An inspection pit was excavated to a depth of 1.50m.  2. Falling head permeability test was carried out at depths between 13.50m and 15.00m on 01/02/2008.  3. Pressurement test was undertaken at depths between 25.95m and 26.28m on 01/02/2008."}, "geometry": {"type": "LineString", "coordinates": [[114.19480487284532, 22.329243166687014, 3.625017713221292], [114.19480489743589, 22.329243154099128, -58.15498215127633]]}}, {"id": "440", "type": "Feature", "properties": {"location_uid": "KTD/BH18_GE/2007/13.4-z2uPZoQSWE6q", "HOLE_ID": "KTD/BH18", "HOLE_TYPE": "RC", "HOLE_STAR": "04/02/2008", "HOLE_ENDD": "18/02/2008", "HOLE_REM": "1. An inspection pit was excavated to a depth of 1.50m.  2. Pressurement test was undertaken at depths between 25.95m and 26.28m on 05/02/2008."}, "geometry": {"type": "LineString", "coordinates": [[114.19489315309684, 22.33036340083434, 4.513124516567071], [114.19489317914842, 22.330363387498853, -60.93687534004082]]}}, {"id": "441", "type": "Feature", "properties": {"location_uid": "KTD/BH19_GE/2007/13.4-z2uPZoQSWE6q", "HOLE_ID": "KTD/BH19", "HOLE_TYPE": "RC", "HOLE_STAR": "18/01/2008", "HOLE_ENDD": "25/01/2008", "HOLE_REM": "1. An inspection pit was excavated to a depth of 1.50m.  2. Pressurement test was undertaken at depths between 24.45m and 24.78m on 21/01/2008."}, "geometry": {"type": "LineString", "coordinates": [[114.19976441885524, 22.32883625488545, 3.578006054619495], [114.19976445694957, 22.328836235384852, -92.12199373482527]]}}, {"id": "442", "type": "Feature", "properties": {"location_uid": "KTD/BH20_GE/2007/13.4-z2uPZoQSWE6q", "HOLE_ID": "KTD/BH20", "HOLE_TYPE": "RC", "HOLE_STAR": "11/01/2008", "HOLE_ENDD": "17/01/2008", "HOLE_REM": "1. An inspection pit was excavated to a depth of 1.50m.  2. Falling head permeability test was carried out at depths between14.50m and 16.00m on 12/01/2008.  3. Pressurement test was undertaken at depths between 28.95m and 29.28m on 14/01/2008."}, "geometry": {"type": "LineString", "coordinates": [[114.1978485099791, 22.329376272514338, 3.1283345895255317], [114.19784854244813, 22.329376255893532, -78.44166523129441]]}}, {"id": "443", "type": "Feature", "properties": {"location_uid": "KTD/BH21_GE/2007/13.4-z2uPZoQSWE6q", "HOLE_ID": "KTD/BH21", "HOLE_TYPE": "RC", "HOLE_STAR": "29/12/2007", "HOLE_ENDD": "04/01/2008", "HOLE_REM": "1. An inspection pit was excavated to a depth of 1.50m.  2. Pressuremeter test was undertaken at depths between 39.40m and 39.73m on 03/01/2008."}, "geometry": {"type": "LineString", "coordinates": [[114.19786253807037, 22.33165459609849, 2.7737064048075495], [114.19786256864116, 22.331654580450092, -74.02629342688678]]}}, {"id": "444", "type": "Feature", "properties": {"location_uid": "KTD/BH22_GE/2007/13.4-z2uPZoQSWE6q", "HOLE_ID": "KTD/BH22", "HOLE_TYPE": "RC", "HOLE_STAR": "16/01/2008", "HOLE_ENDD": "21/01/2008", "HOLE_REM": "1. An inspection pit was excavated to a depth of 3.00m.  2. Pressuremeter test was undertaken at depths between 27.50m and 28.15m (Failed) on 18/01/2008."}, "geometry": {"type": "LineString", "coordinates": [[114.19745148684613, 22.332538652624656, 3.8900584947980734], [114.19745150688824, 22.332538642365797, -46.45994139498689]]}}, {"id": "445", "type": "Feature", "properties": {"location_uid": "KTD/BH23_GE/2007/13.4-z2uPZoQSWE6q", "HOLE_ID": "KTD/BH23", "HOLE_TYPE": "RC", "HOLE_STAR": "05/01/2008", "HOLE_ENDD": "10/01/2008", "HOLE_REM": "1. An inspection pit was excavated to a depth of 1.50m.  2. Constant head permeability test was carried out at depths between 12.00m and 13.50m on 07/01/2008.  3. Pressurement test was undertaken at depths between 24.47m and 24.80m on 08/01/2008."}, "geometry": {"type": "LineString", "coordinates": [[114.1993370010316, 22.33163958791016, 2.8003010803166575], [114.19933702498307, 22.331639575650016, -57.369698787714356]]}}, {"id": "446", "type": "Feature", "properties": {"location_uid": "KTD/BH25_GE/2007/13.4-z2uPZoQSWE6q", "HOLE_ID": "KTD/BH25", "HOLE_TYPE": "RC", "HOLE_STAR": "02/01/2008", "HOLE_ENDD": "15/01/2008", "HOLE_REM": "1. An inspection pit was excavated to a depth of 1.50m.  2. Pressurement test was undertaken at depths between 24.07m to 24.40m on 04/01/2008."}, "geometry": {"type": "LineString", "coordinates": [[114.20135057055414, 22.333237437594963, 3.535943070291433], [114.20135061517107, 22.333237414757455, -108.54405668402241]]}}, {"id": "447", "type": "Feature", "properties": {"location_uid": "KTD/BH26_GE/2007/13.4-z2uPZoQSWE6q", "HOLE_ID": "KTD/BH26", "HOLE_TYPE": "RC", "HOLE_STAR": "27/02/2008", "HOLE_ENDD": "05/03/2008", "HOLE_REM": "1. An inspection pit was excavated to a depth of 1.50m.  2. Pressuremeter test was undertaken at depths between 38.00m and 38.10m (Failed) on 03/03/2008."}, "geometry": {"type": "LineString", "coordinates": [[114.21541384172667, 22.304899587196804, 4.205202497451559], [114.21541385901072, 22.304899578344866, -39.21479741481837]]}}, {"id": "448", "type": "Feature", "properties": {"location_uid": "KTD/BH27_GE/2007/13.4-z2uPZoQSWE6q", "HOLE_ID": "KTD/BH27", "HOLE_TYPE": "RC", "HOLE_STAR": "16/02/2008", "HOLE_ENDD": "25/02/2008", "HOLE_REM": "1. An inspection pit was excavated to a depth of 1.50m.  2. Pressurement test was undertaken at depths between 34.45m and 34.78m on 21/02/2008."}, "geometry": {"type": "LineString", "coordinates": [[114.21308990781064, 22.30684486471515, 3.851804870241008], [114.2130899272599, 22.306844854754686, -45.00819503118209]]}}, {"id": "449", "type": "Feature", "properties": {"location_uid": "KTD/BH28_GE/2007/13.4-z2uPZoQSWE6q", "HOLE_ID": "KTD/BH28", "HOLE_TYPE": "RC", "HOLE_STAR": "21/01/2008", "HOLE_ENDD": "29/01/2008", "HOLE_REM": "1. An inspection pit was excavated to a depth of 1.50m.  2. Falling head permeability test was carried out at depths between 16.50m and 18.00m on 24/01/2008.  3. Pressurement test was undertaken at depths between 30.65m and 30.98m on 26/01/2008."}, "geometry": {"type": "LineString", "coordinates": [[114.21072267402384, 22.313416856203343, 1.7084273468794695], [114.21072269698442, 22.31341684444617, -55.971572537167305]]}}, {"id": "450", "type": "Feature", "properties": {"location_uid": "KTD/BH29_GE/2007/13.4-z2uPZoQSWE6q", "HOLE_ID": "KTD/BH29", "HOLE_TYPE": "RC", "HOLE_STAR": "27/12/2008", "HOLE_ENDD": "12/01/2008", "HOLE_REM": "1. An inspection pit was excavated to a depth of 1.50m.  2. Pressuremeter test was undertaken at depths between 49.00m to 50.00mn (Failed) on 04/01/2008."}, "geometry": {"type": "LineString", "coordinates": [[114.20249445317599, 22.31794576723956, 2.4929139880017765], [114.2024944890834, 22.317945748854473, -87.71708581099678]]}}, {"id": "451", "type": "Feature", "properties": {"location_uid": "KTD/BH30_GE/2007/13.4-z2uPZoQSWE6q", "HOLE_ID": "KTD/BH30", "HOLE_TYPE": "RC", "HOLE_STAR": "05/01/2008", "HOLE_ENDD": "09/01/2008", "HOLE_REM": "1. An inspection pit was excavated to a depth of 1.50m.  2. Pressuremeter test was undertaken at depths between 21.10m and 22.10m (Failed) on 07/01/2008."}, "geometry": {"type": "LineString", "coordinates": [[114.19929351027956, 22.31827378205721, 2.9177356452354997], [114.19929352378057, 22.318273775144576, -31.002264279341354]]}}, {"id": "452", "type": "Feature", "properties": {"location_uid": "KTD/BH31_GE/2007/13.4-z2uPZoQSWE6q", "HOLE_ID": "KTD/BH31", "HOLE_TYPE": "RC", "HOLE_STAR": "16/02/2008", "HOLE_ENDD": "28/02/2008", "HOLE_REM": "1. An inspection pit was excavated to a depth of 1.50m.  2. Falling head permeability test was carried out at depths between 16.50m to 18.00m on 19/02/2008.  3. Pressurement test was undertaken at depths between 29.80m and 30.13m on 22/02/2008."}, "geometry": {"type": "LineString", "coordinates": [[114.20088943371842, 22.331200207743684, 2.7081241952238604], [114.20088947101378, 22.33120018865299, -90.98187559902043]]}}, {"id": "453", "type": "Feature", "properties": {"location_uid": "KTD/BH32_GE/2007/13.4-z2uPZoQSWE6q", "HOLE_ID": "KTD/BH32", "HOLE_TYPE": "RC", "HOLE_STAR": "28/01/2008", "HOLE_ENDD": "02/02/2008", "HOLE_REM": "1. An inspection pit was excavated to a depth of 1.50m.  2. Pressurement test was undertaken at depths between 25.55m and 25.88m on 30/01/2008."}, "geometry": {"type": "LineString", "coordinates": [[114.19957591442306, 22.32523000722222, 2.684624102471504], [114.19957593682115, 22.325229995755766, -53.58537577327811]]}}, {"id": "454", "type": "Feature", "properties": {"location_uid": "KTD/BH33_GE/2007/13.4-z2uPZoQSWE6q", "HOLE_ID": "KTD/BH33", "HOLE_TYPE": "RC", "HOLE_STAR": "18/02/2008", "HOLE_ENDD": "25/02/2008", "HOLE_REM": "1. An inspection pit was excavated to a depth of 1.50m."}, "geometry": {"type": "LineString", "coordinates": [[114.19125170308835, 22.326862246928272, 3.883963518351278], [114.19125173104862, 22.326862232614754, -66.36603632748692]]}}, {"id": "455", "type": "Feature", "properties": {"location_uid": "KTD/BH34_GE/2007/13.4-z2uPZoQSWE6q", "HOLE_ID": "KTD/BH34", "HOLE_TYPE": "RC", "HOLE_STAR": "27/02/2008", "HOLE_ENDD": "04/03/2008", "HOLE_REM": "1. An inspection pit was excavated to a depth of 1.50m.  2. Pressurement test was undertaken at depths between 44.55m and 44.88m on 01/03/2008."}, "geometry": {"type": "LineString", "coordinates": [[114.20516144102093, 22.31414642184101, 2.9929766182601867], [114.20516146886807, 22.31414640758183, -66.96702322503288]]}}, {"id": "456", "type": "Feature", "properties": {"location_uid": "KTD/BH35_GE/2007/13.4-z2uPZoQSWE6q", "HOLE_ID": "KTD/BH35", "HOLE_TYPE": "RC", "HOLE_STAR": "28/01/2008", "HOLE_ENDD": "18/02/2008", "HOLE_REM": "1. An inspection pit was excavated to a depth of 1.50m.  2. Pressurement test was undertaken at depths between 31.05m to 31.38m on 01/02/2008."}, "geometry": {"type": "LineString", "coordinates": [[114.20772873597649, 22.311797093713054, 2.799631986818452], [114.20772875845431, 22.311797082202702, -53.67036788621723]]}}, {"id": "457", "type": "Feature", "properties": {"location_uid": "KTD/BH36_GE/2007/13.4-z2uPZoQSWE6q", "HOLE_ID": "KTD/BH36", "HOLE_TYPE": "RC", "HOLE_STAR": "30/01/2008", "HOLE_ENDD": "18/02/2008", "HOLE_REM": "1. An inspection pit was excavated to a depth of 1.70m.  2. Pressurement test was undertaken at depths between 37.15m and 37.48m on 02/02/2008."}, "geometry": {"type": "LineString", "coordinates": [[114.21030643760943, 22.309494229914726, 3.1151075128536188], [114.21030646335966, 22.309494216728073, -61.57489235687993]]}}, {"id": "458", "type": "Feature", "properties": {"location_uid": "BH-1_GE/2005/03.25-vJloJbu1R9O+", "HOLE_ID": "BH-1", "HOLE_TYPE": "IP+W+RCG", "HOLE_STAR": "19/12/2005", "HOLE_ENDD": "28/12/2005", "HOLE_REM": "1. Inspection pit excavated 2.00m deep.  2. Additional enviromental soil samples taken at 1.10m and 9.50m.  3. PVC 50mm diameter groundwater monitoring well installed at 9.50m below ground level on 28/12/05.  4. Groundwater sample taken at 9.50m from monitoring well on the 30/12/05."}, "geometry": {"type": "LineString", "coordinates": [[114.20210599087702, 22.32153305095491, 2.583681308379551], [114.20210599465844, 22.321533049018893, -6.916318670534975]]}}, {"id": "459", "type": "Feature", "properties": {"location_uid": "BH-10_GE/2005/03.25-vJloJbu1R9O+", "HOLE_ID": "BH-10", "HOLE_TYPE": "IP+W+RCG", "HOLE_STAR": "16/12/2005", "HOLE_ENDD": "28/12/2005", "HOLE_REM": "1. Inspection pit excavated 2.00m deep.  2. Additional enviromental soil samples taken at 1.00m, 4.00m and 6.92m.  3. PVC 50mm diameter groundwater monitoring well installed at 7.00m below ground level on 28/12/05.  4. Groundwater sample taken at 7.00m from monitoring well on the 30/12/05."}, "geometry": {"type": "LineString", "coordinates": [[114.20436229164095, 22.32161874490078, 1.8936764316947312], [114.20436229442736, 22.32161874347421, -5.106323552751099]]}}, {"id": "460", "type": "Feature", "properties": {"location_uid": "BH-11_GE/2005/03.25-vJloJbu1R9O+", "HOLE_ID": "BH-11", "HOLE_TYPE": "IP+W+RCG", "HOLE_STAR": "29/12/2005", "HOLE_ENDD": "03/01/2006", "HOLE_REM": "1. Inspection pit excavated 2.00m deep.  2. Additional enviromental soil samples taken at 1.20m, 4.20m and 7.70m.  3. PVC 50mm diameter groundwater monitoring well installed at 7.70m below ground level on 03/01/06.  4. Groundwater sample taken at 7.70m from monitoring well on the 07/01/06."}, "geometry": {"type": "LineString", "coordinates": [[114.20525306765218, 22.320405602215626, 2.6002419719580487], [114.20525307071723, 22.320405600646357, -5.0997580109031535]]}}, {"id": "461", "type": "Feature", "properties": {"location_uid": "BH-12_GE/2005/03.25-vJloJbu1R9O+", "HOLE_ID": "BH-12", "HOLE_TYPE": "IP+W+RCG", "HOLE_STAR": "20/12/2005", "HOLE_ENDD": "28/12/2005", "HOLE_REM": "1. Inspection pit excavated 2.00m deep.  2. Additional enviromental soil samples taken at 1.10m, 4.10m and 7.60m.  3. PVC 50mm diameter groundwater monitoring well installed at 7.60m below ground level on 28/12/05.  4. Groundwater sample taken at 7.60m from monitoring well on the 30/12/05."}, "geometry": {"type": "LineString", "coordinates": [[114.20610963162237, 22.319969452739734, 2.4350287279002574], [114.20610963464763, 22.31996945119082, -5.164971255168209]]}}, {"id": "462", "type": "Feature", "properties": {"location_uid": "BH-13_GE/2005/03.25-vJloJbu1R9O+", "HOLE_ID": "BH-13", "HOLE_TYPE": "IP+W+RCG", "HOLE_STAR": "05/01/2006", "HOLE_ENDD": "07/01/2006", "HOLE_REM": "1. Inspection pit excavated 2.00m deep.  2. Additional enviromental soil samples taken at 0.90m, 3.90m and 6.90m.  3. PVC 50mm diameter groundwater monitoring well installed at 6.90m below ground level on 07/01/06.  4. Groundwater sample taken at 6.90m from monitoring well on the 11/01/06."}, "geometry": {"type": "LineString", "coordinates": [[114.20924125559918, 22.31652305293006, 2.5159695064553484], [114.20924125834584, 22.316523051523692, -4.384030479698805]]}}, {"id": "463", "type": "Feature", "properties": {"location_uid": "BH-14_GE/2005/03.25-vJloJbu1R9O+", "HOLE_ID": "BH-14", "HOLE_TYPE": "IP+W", "HOLE_STAR": "07/01/2006", "HOLE_ENDD": "09/01/2006", "HOLE_REM": "1. Inspection pit excavated 2.00m deep.  2. Additional enviromental soil samples taken at 0.80m, 3.80m and 7.30m.  3. PVC 50mm diameter groundwater monitoring well installed at 7.30m belowground level on 09/01/06.  4. Groundwater sample taken at 7.30m from monitoring well on the 11/01/06."}, "geometry": {"type": "LineString", "coordinates": [[114.20977823278679, 22.316753586181793, 2.6676040254077646], [114.2097782356927, 22.31675358469389, -4.632395959943226]]}}, {"id": "464", "type": "Feature", "properties": {"location_uid": "BH-15_GE/2005/03.25-vJloJbu1R9O+", "HOLE_ID": "BH-15", "HOLE_TYPE": "IP+W", "HOLE_STAR": "10/01/2006", "HOLE_ENDD": "12/01/2006", "HOLE_REM": "1. Inspection pit excavated 2.00m deep.  2. Additional enviromental soil samples taken at 0.80m, 3.80m and 6.80m.  3. PVC 50mm diameter groundwater monitoring well installed at 6.80m belowground level on 12/01/06.  4. Groundwater sample taken at 6.80m from monitoring well on the 14/01/06."}, "geometry": {"type": "LineString", "coordinates": [[114.20998389333232, 22.31426498225916, 1.8736997987272144], [114.20998389603915, 22.31426498087312, -4.9263001876110435]]}}, {"id": "465", "type": "Feature", "properties": {"location_uid": "BH-16_GE/2005/03.25-vJloJbu1R9O+", "HOLE_ID": "BH-16", "HOLE_TYPE": "IP+W", "HOLE_STAR": "06/01/2006", "HOLE_ENDD": "09/01/2006", "HOLE_REM": "1. Inspection pit excavated 2.00m deep.  2. Additional enviromental soil samples taken at 0.80m, 3.80m and 6.80m.  3. PVC 50mm diameter groundwater monitoring well installed at 6.80m belowground level on 09/01/06.  4. Groundwater sample taken at 6.80m from monitoring well on the 11/01/06."}, "geometry": {"type": "LineString", "coordinates": [[114.2104427212543, 22.314042193289545, 2.1659900397731655], [114.21044272396114, 22.3140421919035, -4.634009946561748]]}}, {"id": "466", "type": "Feature", "properties": {"location_uid": "BH-2_GE/2005/03.25-vJloJbu1R9O+", "HOLE_ID": "BH-2", "HOLE_TYPE": "IP+W+RCG", "HOLE_STAR": "19/12/2005", "HOLE_ENDD": "28/12/2005", "HOLE_REM": "1. Inspection pit excavated 2.00m deep.  2. Additional enviromental soil samples taken at 1.00m, 4.00m and 7.00m.  3. PVC 50mm diameter groundwater monitoring well installed at 7.00m below ground level on 28/12/05.  4. Groundwater sample taken at 7.00m from monitoring well on the 30/12/05."}, "geometry": {"type": "LineString", "coordinates": [[114.2043813267631, 22.321182202993565, 2.5046773390430435], [114.20438132954948, 22.321182201566984, -4.495322645395971]]}}, {"id": "467", "type": "Feature", "properties": {"location_uid": "BH-3_GE/2005/03.25-vJloJbu1R9O+", "HOLE_ID": "BH-3", "HOLE_TYPE": "IP+W+RCG", "HOLE_STAR": "29/12/2005", "HOLE_ENDD": "04/01/2006", "HOLE_REM": "1. Inspection pit excavated 2.00m deep.  2. Additional enviromental soil samples taken at 1.10m and 7.20m.  3. PVC 50mm diameter groundwater monitoring well installed at 7.20m below ground level on 04/01/06.  4. Groundwater sample taken at 7.20m from monitoring well on the 07/01/06."}, "geometry": {"type": "LineString", "coordinates": [[114.20390365870621, 22.320013363541424, 2.394969268042011], [114.20390366157217, 22.32001336207407, -4.805030715937171]]}}, {"id": "468", "type": "Feature", "properties": {"location_uid": "BH-4_GE/2005/03.25-vJloJbu1R9O+", "HOLE_ID": "BH-4", "HOLE_TYPE": "IP+W+RCG", "HOLE_STAR": "30/12/2005", "HOLE_ENDD": "05/01/2006", "HOLE_REM": "1. Inspection pit excavated 2.00m deep.  2. Additional enviromental soil samples taken at 1.10m, 4.25m and 7.10m.  3. PVC 50mm diameter groundwater monitoring well installed at 7.10m below ground level on 05/01/06.  4. Groundwater sample taken at 7.10m from monitoring well on the 07/01/06."}, "geometry": {"type": "LineString", "coordinates": [[114.20456670862364, 22.320667969432126, 2.316592168107306], [114.20456671144984, 22.320667967985155, -4.783407816099222]]}}, {"id": "469", "type": "Feature", "properties": {"location_uid": "BH-5_GE/2005/03.25-vJloJbu1R9O+", "HOLE_ID": "BH-5", "HOLE_TYPE": "IP+W", "HOLE_STAR": "29/12/2005", "HOLE_ENDD": "03/01/2006", "HOLE_REM": "1. Inspection pit excavated 2.00m deep.  2. Additional enviromental soil samples taken at 1.00m, 4.20m and 7.20m.  3. PVC 50mm diameter groundwater monitoring well installed at 7.20m below ground level on 03/01/06.  4. Groundwater sample taken at 7.20m from monitoring well on the 07/01/06."}, "geometry": {"type": "LineString", "coordinates": [[114.20595233823795, 22.318295660448833, 2.36784165814293], [114.20595234110395, 22.318295658981413, -4.832158325790369]]}}, {"id": "470", "type": "Feature", "properties": {"location_uid": "BH-6_GE/2005/03.25-vJloJbu1R9O+", "HOLE_ID": "BH-6", "HOLE_TYPE": "IP+W+RCG", "HOLE_STAR": "29/12/2005", "HOLE_ENDD": "03/01/2006", "HOLE_REM": "1. Inspection pit excavated 2.00m deep.  2. Additional enviromental soil samples taken at 1.00m, 3.90m and 6.74m.  3. PVC 50mm diameter groundwater monitoring well installed at 6.74m below ground level on 03/01/06.  4. Groundwater sample taken at 6.74m from monitoring well on the 07/01/06."}, "geometry": {"type": "LineString", "coordinates": [[114.20663915890553, 22.31890239160773, 2.419671919896053], [114.20663916158846, 22.318902390234065, -4.320328065067875]]}}, {"id": "471", "type": "Feature", "properties": {"location_uid": "BH-7_GE/2005/03.25-vJloJbu1R9O+", "HOLE_ID": "BH-7", "HOLE_TYPE": "IP+W+RCG", "HOLE_STAR": "07/01/2006", "HOLE_ENDD": "09/01/2006", "HOLE_REM": "1. Inspection pit excavated 1.50m deep.  2. Additional enviromental soil samples taken at 1.00m, 4.50m and 7.00m.  3. PVC 50mm diameter groundwater monitoring well installed at 7.00m below ground level on 09/01/06.  4. Groundwater sample taken at 7.00m from monitoring well on the 11/01/06."}, "geometry": {"type": "LineString", "coordinates": [[114.20786200760598, 22.31669896786375, 2.609867450707632], [114.2078620103924, 22.316698966437027, -4.390132533630844]]}}, {"id": "472", "type": "Feature", "properties": {"location_uid": "BH-8_GE/2005/03.25-vJloJbu1R9O+", "HOLE_ID": "BH-8", "HOLE_TYPE": "IP+W+RCG", "HOLE_STAR": "31/12/2005", "HOLE_ENDD": "05/01/2006", "HOLE_REM": "1. First inspection pit excavated to a depth of 1.30mencountered concrete. Drillhole therefore relocated.  2. Inspection pit excavated 1.70m deep.  3. Additional enviromental soil samples taken at 1.00m, 5.50m and 7.50m, labelled BH-8A.  4. PVC 50mm diameter groundwater monitoring well installed at 7.50m below groundlevel on 05/01/06.  5. Groundwater sample taken at 7.50m from monitoring well on the 07/01/06."}, "geometry": {"type": "LineString", "coordinates": [[114.20844013749618, 22.3173677524482, 2.5510110952545704], [114.20844014048166, 22.317367750919573, -4.94898888970437]]}}, {"id": "473", "type": "Feature", "properties": {"location_uid": "BH-9_GE/2005/03.25-vJloJbu1R9O+", "HOLE_ID": "BH-9", "HOLE_TYPE": "IP+W", "HOLE_STAR": "17/12/2005", "HOLE_ENDD": "28/12/2005", "HOLE_REM": "1. Inspection pit excavated 2.00m deep.  2. Additional enviromental soil samples taken at 1.10m, 4.10m and 7.95m.  3. PVC 50mm diameter groundwater monitoring well installed at 8.00m below ground level on 28/12/05.  4. Groundwater sample taken at 8.00m from monitoring well on the 30/12/05."}, "geometry": {"type": "LineString", "coordinates": [[114.20183317113333, 22.322731181832367, 2.9699569871377753], [114.20183317431773, 22.32273118020208, -5.030042995130412]]}}, {"id": "474", "type": "Feature", "properties": {"location_uid": "TP-1_GE/2005/03.25-vJloJbu1R9O+", "HOLE_ID": "TP-1", "HOLE_TYPE": "TP", "HOLE_STAR": "19/12/2005", "HOLE_ENDD": "07/01/2006", "HOLE_REM": "1. Ground water level at 2.40m below ground level on the 03/01/06. Enviromental water sample taken.  2. Enviromental small disturbed samples taken at 1.00m, 2.10m and 3.20m.  3. Large disturbed samples taken at 1.10m and 2.10m below ground level.  4. Undisturbed vertical sample (U100) taken at 2.70m below ground level."}, "geometry": {"type": "LineString", "coordinates": [[114.20246136854703, 22.32226609857468, 2.693755319593176], [114.20246136962179, 22.322266098024453, -0.006244674417570817]]}}, {"id": "475", "type": "Feature", "properties": {"location_uid": "TP-10_GE/2005/03.25-vJloJbu1R9O+", "HOLE_ID": "TP-10", "HOLE_TYPE": "TP", "HOLE_STAR": "30/12/2005", "HOLE_ENDD": "09/01/2006", "HOLE_REM": "1. Ground water level at 2.30m below ground level on the 09/01/06. Enviromental water sample taken.  2. Environmental small disturbed samples taken at 1.10m, 2.10m and 3.00m.  3. Large disturbed samples taken at 1.10m and 2.10m below ground level.  4. Undisturbed vertical sample (U100) taken at 2.50m below ground level."}, "geometry": {"type": "LineString", "coordinates": [[114.20536200890247, 22.319643942751547, 2.062334807296857], [114.20536200989761, 22.319643942242035, -0.4376651871339381]]}}, {"id": "476", "type": "Feature", "properties": {"location_uid": "TP-11_GE/2005/03.25-vJloJbu1R9O+", "HOLE_ID": "TP-11", "HOLE_TYPE": "TP", "HOLE_STAR": "22/12/2005", "HOLE_ENDD": "09/01/2006", "HOLE_REM": "1. Ground water level at 2.20m below ground level on the 09/01/06. Enviromental water sample taken.  2. Environmental small disturbed samples taken at 1.10m, 2.10m and 2.50m.  3. Large disturbed samples taken at 1.10m and 2.10m below ground level.  4. Undisturbed vertical sample (U100) taken at 2.40m below ground level."}, "geometry": {"type": "LineString", "coordinates": [[114.20558880255088, 22.319472231121015, 2.163721109230259], [114.20558880350623, 22.319472230631888, -0.23627888542150632]]}}, {"id": "477", "type": "Feature", "properties": {"location_uid": "TP-12_GE/2005/03.25-vJloJbu1R9O+", "HOLE_ID": "TP-12", "HOLE_TYPE": "TP", "HOLE_STAR": "22/12/2005", "HOLE_ENDD": "10/01/2006", "HOLE_REM": "1. Ground water level at 2.20m below ground level on the 09/01/06. Enviromental water sample taken.  2. Environmental small disturbed samples taken at 1.10m, 2.10m and 2.50m.  3. Large disturbed samples taken at 1.10m and 2.10m below ground level.  4. Undisturbed vertical sample (U100) taken at 2.40m below ground level."}, "geometry": {"type": "LineString", "coordinates": [[114.20578132664376, 22.319266208974753, 1.9650250776869114], [114.2057813275991, 22.319266208485626, -0.43497491696314894]]}}, {"id": "478", "type": "Feature", "properties": {"location_uid": "TP-13_GE/2005/03.25-vJloJbu1R9O+", "HOLE_ID": "TP-13", "HOLE_TYPE": "TP", "HOLE_STAR": "22/12/2005", "HOLE_ENDD": "10/01/2006", "HOLE_REM": "1. Groundwater encountered as a slight seepage at the baseof the pit. Enviromental water sample taken on the 10/01/06.  2. Environmental small disturbed samples taken at 1.10m, 2.10m and 2.60m.  3. Large disturbed samples taken at 1.10m and 2.10m below ground level.  4. Undisturbed vertical sample (U100) taken at 2.30m below ground level."}, "geometry": {"type": "LineString", "coordinates": [[114.20604810192077, 22.319066855931144, 2.0566513419707206], [114.2060481028363, 22.319066855462392, -0.24334865290060126]]}}, {"id": "479", "type": "Feature", "properties": {"location_uid": "TP-14_GE/2005/03.25-vJloJbu1R9O+", "HOLE_ID": "TP-14", "HOLE_TYPE": "TP", "HOLE_STAR": "28/12/2005", "HOLE_ENDD": "10/01/2006", "HOLE_REM": "1. Groundwater encountered as a slight seepage at the baseof the pit. Enviromental water sample taken on the 10/01/06.  1. Environmental small disturbed samples taken at 1.10m, 2.10m and 2.60m.  2. Large disturbed samples taken at 1.10m and 2.10m below ground level.  3. Undisturbed vertical sample (U100) taken at 2.10m below ground level."}, "geometry": {"type": "LineString", "coordinates": [[114.20633902375212, 22.31876996760821, 2.0285930178900933], [114.20633902458805, 22.318769967180216, -0.07140697742529278]]}}, {"id": "480", "type": "Feature", "properties": {"location_uid": "TP-15_GE/2005/03.25-vJloJbu1R9O+", "HOLE_ID": "TP-15", "HOLE_TYPE": "TP", "HOLE_STAR": "30/12/2005", "HOLE_ENDD": "10/01/2006", "HOLE_REM": "1. Environmental small disturbed samples taken at 1.10m and 2.50m.  2. Large disturbed sample taken at 1.10m below ground level.  3. Undisturbed vertical sample (U100) taken at 2.10m below ground level."}, "geometry": {"type": "LineString", "coordinates": [[114.20662792474849, 22.31856112745156, 2.1403408356708717], [114.20662792562422, 22.31856112700319, -0.05965915941948641]]}}, {"id": "481", "type": "Feature", "properties": {"location_uid": "TP-16_GE/2005/03.25-vJloJbu1R9O+", "HOLE_ID": "TP-16", "HOLE_TYPE": "TP", "HOLE_STAR": "30/12/2005", "HOLE_ENDD": "10/01/2006", "HOLE_REM": "1. Ground water level at 2.20m below ground level on the 10/01/06. Enviromental water sample taken.  2. Environmental small disturbed samples taken at 1.00m, 2.00m and 2.60m.  3. Large disturbed samples taken at 1.00m and 2.00m below ground level.  4. Undisturbed vertical sample (U100) taken at 2.30m below ground level."}, "geometry": {"type": "LineString", "coordinates": [[114.20684082193945, 22.31832484780897, 2.041803127583958], [114.20684082285499, 22.31832484734021, -0.2581968672814807]]}}, {"id": "482", "type": "Feature", "properties": {"location_uid": "TP-17_GE/2005/03.25-vJloJbu1R9O+", "HOLE_ID": "TP-17", "HOLE_TYPE": "TP", "HOLE_STAR": "03/01/2006", "HOLE_ENDD": "10/01/2006", "HOLE_REM": "1. Environmental small disturbed samples taken at 1.10m and 2.20m.  2. Large disturbed sample taken at 1.10m below ground level.  3. Undisturbed vertical sample (U100) taken at 1.90m below ground level."}, "geometry": {"type": "LineString", "coordinates": [[114.20743402398786, 22.317778205344037, 2.1856444745051062], [114.20743402474419, 22.3177782049568, 0.28564447875046284]]}}, {"id": "483", "type": "Feature", "properties": {"location_uid": "TP-18_GE/2005/03.25-vJloJbu1R9O+", "HOLE_ID": "TP-18", "HOLE_TYPE": "TP", "HOLE_STAR": "03/01/2006", "HOLE_ENDD": "10/01/2006", "HOLE_REM": "1. Ground water level at 2.20m below ground level on the 10/01/06. Enviromental water sample taken.  2. Environmental small disturbed samples taken at 1.10m, 2.10m and 2.90m.  3. Large disturbed samples taken at 1.10m and 2.10m below ground level.  4. Undisturbed vertical sample (U100) taken at 2.40m below ground level."}, "geometry": {"type": "LineString", "coordinates": [[114.20782247775382, 22.31745366225953, 2.1680912456425676], [114.20782247870918, 22.317453661770372, -0.23190874899199931]]}}, {"id": "484", "type": "Feature", "properties": {"location_uid": "TP-19_GE/2005/03.25-vJloJbu1R9O+", "HOLE_ID": "TP-19", "HOLE_TYPE": "TP", "HOLE_STAR": "04/01/2006", "HOLE_ENDD": "10/01/2006", "HOLE_REM": "1. Ground water level at 2.50m below ground level on the 10/01/06. Enviromental water sample taken.  2. Environmental small disturbed samples taken at 1.10m, 2.10m and 3.20m.  3. Large disturbed samples taken at 1.10m and 2.10m below ground level.  4. Undisturbed vertical sample (U100) taken at 2.70m below ground level."}, "geometry": {"type": "LineString", "coordinates": [[114.20808807391685, 22.31721818367631, 2.3297937528853336], [114.20808807499164, 22.317218183126016, -0.37020624107635225]]}}, {"id": "485", "type": "Feature", "properties": {"location_uid": "TP-2_GE/2005/03.25-vJloJbu1R9O+", "HOLE_ID": "TP-2", "HOLE_TYPE": "TP", "HOLE_STAR": "19/12/2005", "HOLE_ENDD": "07/01/2006", "HOLE_REM": "1. Ground water level at 2.50m below ground level on the 09/01/06. Enviromental water sample taken.  2. Environmental small disturbed samples taken at 1.00m, 2.10m and 3.20m.  3. Large disturbed samples taken at 1.10m and 2.20m below ground level.  4. Undisturbed vertical sample (U100) taken at 2.70m below ground level."}, "geometry": {"type": "LineString", "coordinates": [[114.20271883177173, 22.322041466840584, 2.53538400009777], [114.20271883284647, 22.32204146629035, -0.16461599391074477]]}}, {"id": "486", "type": "Feature", "properties": {"location_uid": "TP-20_GE/2005/03.25-vJloJbu1R9O+", "HOLE_ID": "TP-20", "HOLE_TYPE": "TP", "HOLE_STAR": "04/01/2006", "HOLE_ENDD": "10/01/2006", "HOLE_REM": "1. Environmental small disturbed samples taken at 1.10m and 2.30m.  2. Large disturbed sample taken at 1.10m below ground level.  3. Undisturbed vertical sample (U100) taken at 1.90m below ground level."}, "geometry": {"type": "LineString", "coordinates": [[114.20830436435655, 22.31698506212968, 2.221268354992564], [114.20830436511288, 22.31698506174242, 0.32126835924345487]]}}, {"id": "487", "type": "Feature", "properties": {"location_uid": "TP-3_GE/2005/03.25-vJloJbu1R9O+", "HOLE_ID": "TP-3", "HOLE_TYPE": "TP", "HOLE_STAR": "19/12/2005", "HOLE_ENDD": "09/01/2006", "HOLE_REM": "1. Ground water level at 1.40m below ground level on the 09/01/06. Enviromental water sample taken.  2. Environmental small disturbed samples taken at 1.10m and 2.10m.  3. Large disturbed sample taken at 1.10m below ground level.  4. Undisturbed vertical sample (U100) taken at 1.70m below ground level."}, "geometry": {"type": "LineString", "coordinates": [[114.20327209321964, 22.321581539626813, 1.4488384907289813], [114.20327209389633, 22.321581539280363, -0.2511615054957914]]}}, {"id": "488", "type": "Feature", "properties": {"location_uid": "TP-4_GE/2005/03.25-vJloJbu1R9O+", "HOLE_ID": "TP-4", "HOLE_TYPE": "TP", "HOLE_STAR": "23/12/2005", "HOLE_ENDD": "07/01/2006", "HOLE_REM": "1. Ground water level at 1.40m below ground level on the 09/01/06. Enviromental water sample taken.  2. Environmental small disturbed samples taken at 1.10m and 2.30m.  3. Large disturbed sample taken at 1.10m below ground level.  4. Undisturbed vertical sample (U100) taken at 1.90m below ground level."}, "geometry": {"type": "LineString", "coordinates": [[114.2034384200258, 22.321391147535433, 1.399986564153354], [114.2034384207821, 22.321391147148223, -0.5000134316258635]]}}, {"id": "489", "type": "Feature", "properties": {"location_uid": "TP-5_GE/2005/03.25-vJloJbu1R9O+", "HOLE_ID": "TP-5", "HOLE_TYPE": "TP", "HOLE_STAR": "23/12/2005", "HOLE_ENDD": "09/01/2006", "HOLE_REM": "1. Ground water level at 1.85m below ground level on the 09/01/06. Enviromental water sample taken.  2. Environmental small disturbed samples taken at 1.00m, 2.10m and 2.40m.  3. Large disturbed samples taken at 1.00m and 2.20m below ground level.  4. Undisturbed vertical sample (U100) taken at 2.10m below ground level."}, "geometry": {"type": "LineString", "coordinates": [[114.20373033712022, 22.321169940262486, 1.8417660658360897], [114.20373033795613, 22.32116993983452, -0.25823392949720736]]}}, {"id": "490", "type": "Feature", "properties": {"location_uid": "TP-6_GE/2005/03.25-vJloJbu1R9O+", "HOLE_ID": "TP-6", "HOLE_TYPE": "TP", "HOLE_STAR": "23/12/2005", "HOLE_ENDD": "09/01/2006", "HOLE_REM": "1. Ground water level at 2.00m below ground level on the 09/01/06. Enviromental water sample taken.  2. Environmental small disturbed samples taken at 1.10m, 2.10m and 2.70m.  3. Large disturbed samples taken at 1.10m and 2.10m below ground level.  4. Undisturbed vertical sample (U100) taken at 2.30m below ground level."}, "geometry": {"type": "LineString", "coordinates": [[114.2040063211943, 22.32087504543074, 1.953628709281468], [114.20400632210983, 22.320875044962012, -0.3463712856051884]]}}, {"id": "491", "type": "Feature", "properties": {"location_uid": "TP-7_GE/2005/03.25-vJloJbu1R9O+", "HOLE_ID": "TP-7", "HOLE_TYPE": "TP", "HOLE_STAR": "30/12/2005", "HOLE_ENDD": "09/01/2006", "HOLE_REM": "1. Ground water level at 2.20m below ground level on the 09/01/06. Enviromental water sample taken.  2. Environmental small disturbed samples taken at 1.10m, 2.00m and 2.60m.  3. Large disturbed samples taken at 1.10m and 2.00m below ground level.  4. Undisturbed vertical sample (U100) taken at 2.30m below ground level."}, "geometry": {"type": "LineString", "coordinates": [[114.2044085679261, 22.320519714036323, 2.1061890483995147], [114.20440856884163, 22.32051971356758, -0.1938109464840294]]}}, {"id": "492", "type": "Feature", "properties": {"location_uid": "TP-8_GE/2005/03.25-vJloJbu1R9O+", "HOLE_ID": "TP-8", "HOLE_TYPE": "TP", "HOLE_STAR": "30/12/2005", "HOLE_ENDD": "09/01/2006", "HOLE_REM": "1. Ground water level at 2.10m below ground level on the 09/01/06. Enviromental water sample taken.  2. Environmental small disturbed samples taken at 1.00m, 2.00m and 2.70m.  3. Large disturbed samples taken at 1.00m and 2.00m below ground level.  4. Undisturbed vertical sample (U100) taken at 2.40m below ground level."}, "geometry": {"type": "LineString", "coordinates": [[114.2046995036001, 22.3202596734949, 1.9580482745613885], [114.20469950455544, 22.320259673005783, -0.4419517200971721]]}}, {"id": "493", "type": "Feature", "properties": {"location_uid": "TP-9_GE/2005/03.25-vJloJbu1R9O+", "HOLE_ID": "TP-9", "HOLE_TYPE": "TP", "HOLE_STAR": "03/01/2006", "HOLE_ENDD": "09/01/2006", "HOLE_REM": "1. Ground water level at 2.20m below ground level on the 09/01/06. Enviromental water sample taken.  2. Environmental small disturbed samples taken at 1.00m, 2.00m and 3.30m.  3. Large disturbed samples taken at 1.00m and 2.00m below ground level.  4. Undisturbed vertical samples (U100) taken at 2.50m and 2.80m below groundlevel."}, "geometry": {"type": "LineString", "coordinates": [[114.20489679448085, 22.3200966372917, 2.1092816289976812], [114.20489679547599, 22.320096636782203, -0.3907183654369173]]}}, {"id": "494", "type": "Feature", "properties": {"location_uid": "B01_GE/2008/03.25-xpjn3U+k2GhM", "HOLE_ID": "B01", "HOLE_TYPE": "VC", "HOLE_STAR": "23/02/2010", "HOLE_ENDD": "23/02/2010", "HOLE_REM": "1. Vibrocore sub-samples were sent to the analyticallaboratory from 0.20-0.90m, 0.90-1.90m, 1.90-2.90m, 3.30-3.90m, 3.90-4.90m and 4.90-5.90m."}, "geometry": {"type": "LineString", "coordinates": [[114.20187841802284, 22.321168609775587, -6.316586206911991], [114.20187842041113, 22.32116860855284, -12.316586193591618]]}}, {"id": "495", "type": "Feature", "properties": {"location_uid": "B02_GE/2008/03.25-xpjn3U+k2GhM", "HOLE_ID": "B02", "HOLE_TYPE": "VC", "HOLE_STAR": "23/02/2010", "HOLE_ENDD": "23/02/2010", "HOLE_REM": "1. Vibrocore sub-samples were sent to the analyticallaboratory from 0.20-0.90m, 0.90-1.90m, 1.90-2.90m, 3.40-3.90m, 3.90-4.90m and 4.90-5.90m."}, "geometry": {"type": "LineString", "coordinates": [[114.20157426411937, 22.32081556024311, -6.717224027938529], [114.20157426650765, 22.32081555902036, -12.71722401461529]]}}, {"id": "496", "type": "Feature", "properties": {"location_uid": "B03_GE/2008/03.25-xpjn3U+k2GhM", "HOLE_ID": "B03", "HOLE_TYPE": "VC", "HOLE_STAR": "23/02/2010", "HOLE_ENDD": "23/02/2010", "HOLE_REM": "1. Vibrocore sub-samples were sent to the analyticallaboratory from 0.00-0.90m, 0.90-1.90m, 1.90-2.90m, 3.40-3.90m, 3.90-4.90m and 4.90-5.90m."}, "geometry": {"type": "LineString", "coordinates": [[114.2013051489895, 22.32045979622076, -4.367699214437826], [114.20130515137771, 22.320459794998015, -10.367699201112119]]}}, {"id": "497", "type": "Feature", "properties": {"location_uid": "B04_GE/2008/03.25-xpjn3U+k2GhM", "HOLE_ID": "B04", "HOLE_TYPE": "VC", "HOLE_STAR": "23/02/2010", "HOLE_ENDD": "23/02/2010", "HOLE_REM": "1. Vibrocore sub-samples were sent to the analyticallaboratory from 0.30-0.90m, 0.90-1.90m, 1.90-2.90m, 3.50-3.90m, 3.90-4.90m and 4.90-5.90m."}, "geometry": {"type": "LineString", "coordinates": [[114.2007357793851, 22.319815458304078, -3.0689330574602374], [114.2007357817733, 22.319815457081333, -9.068933044129539]]}}, {"id": "498", "type": "Feature", "properties": {"location_uid": "B05_GE/2008/03.25-xpjn3U+k2GhM", "HOLE_ID": "B05", "HOLE_TYPE": "VC", "HOLE_STAR": "24/02/2010", "HOLE_ENDD": "24/02/2010", "HOLE_REM": "1. Vibrocore sub-samples were sent to the analyticallaboratory from 0.30-0.90m, 0.90-1.90m, 1.90-2.90m, 3.30-3.90m, 3.90-4.90m and 4.90-5.90m."}, "geometry": {"type": "LineString", "coordinates": [[114.20238702805166, 22.320162161162685, -6.362193351095899], [114.20238703043991, 22.32016215993992, -12.362193337757999]]}}, {"id": "499", "type": "Feature", "properties": {"location_uid": "B06_GE/2008/03.25-xpjn3U+k2GhM", "HOLE_ID": "B06", "HOLE_TYPE": "VC", "HOLE_STAR": "24/02/2010", "HOLE_ENDD": "24/02/2010", "HOLE_REM": "1. Vibrocore sub-samples were sent to the analyticallaboratory from 0.50-0.90m, 0.90-1.90m, 1.90-2.90m and 3.00-3.50m."}, "geometry": {"type": "LineString", "coordinates": [[114.20340716070973, 22.31980700451816, -6.456842579846294], [114.2034071621427, 22.31980700378449, -10.056842571836278]]}}, {"id": "500", "type": "Feature", "properties": {"location_uid": "B07_GE/2008/03.25-xpjn3U+k2GhM", "HOLE_ID": "B07", "HOLE_TYPE": "VC", "HOLE_STAR": "25/02/2010", "HOLE_ENDD": "25/02/2010", "HOLE_REM": "1. Vibrocore sub-samples were sent to the analyticallaboratory from 0.30-0.90m, 0.90-1.90m, 1.90-2.90m, 3.00-3.90m, 3.90-4.90m and 4.90-5.90m."}, "geometry": {"type": "LineString", "coordinates": [[114.20311457826884, 22.31957370168452, -6.4076775077237444], [114.2031145806571, 22.31957370046173, -12.407677494372631]]}}, {"id": "501", "type": "Feature", "properties": {"location_uid": "B08_GE/2008/03.25-xpjn3U+k2GhM", "HOLE_ID": "B08", "HOLE_TYPE": "VC", "HOLE_STAR": "25/02/2010", "HOLE_ENDD": "25/02/2010", "HOLE_REM": "1. Vibrocore sub-samples were sent to the analyticallaboratory from 0.40-0.90m, 0.90-1.90m, 1.90-2.90m, 3.00-3.90m, 3.90-4.90m and 4.90-5.90m."}, "geometry": {"type": "LineString", "coordinates": [[114.2028823692011, 22.319348064692377, -6.058256210086499], [114.20288237158937, 22.319348063469583, -12.058256196733968]]}}, {"id": "502", "type": "Feature", "properties": {"location_uid": "B09_GE/2008/03.25-xpjn3U+k2GhM", "HOLE_ID": "B09", "HOLE_TYPE": "VC", "HOLE_STAR": "25/02/2010", "HOLE_ENDD": "25/02/2010", "HOLE_REM": "1. Vibrocore sub-samples were sent to the analyticallaboratory from 0.20-0.90m, 0.90-1.90m, 1.90-2.90m, 3.00-3.90m, 3.90-4.90m and 4.90-5.90m."}, "geometry": {"type": "LineString", "coordinates": [[114.20380036163837, 22.318855295725434, -5.8530737580575805], [114.20380036402666, 22.318855294502622, -11.853073744691677]]}}, {"id": "503", "type": "Feature", "properties": {"location_uid": "B10_GE/2008/03.25-xpjn3U+k2GhM", "HOLE_ID": "B10", "HOLE_TYPE": "VC", "HOLE_STAR": "25/02/2010", "HOLE_ENDD": "25/02/2010", "HOLE_REM": "1. Vibrocore sub-samples were sent to the analyticallaboratory from 0.00-0.90m, 0.90-1.90m, 1.90-2.90m, 3.00-3.90m, 3.90-4.90m and 4.90-5.90m."}, "geometry": {"type": "LineString", "coordinates": [[114.20428160776663, 22.318492817242948, -5.650136592661067], [114.20428161015492, 22.31849281602012, -11.65013657928676]]}}, {"id": "504", "type": "Feature", "properties": {"location_uid": "B11_GE/2008/03.25-xpjn3U+k2GhM", "HOLE_ID": "B11", "HOLE_TYPE": "VC", "HOLE_STAR": "26/02/2010", "HOLE_ENDD": "26/02/2010", "HOLE_REM": "1. Vibrocore sub-samples were sent to the analyticallaboratory from 0.00-0.90m, 0.90-1.90m, 1.90-2.90m, 3.00-3.90m, 3.90-4.90m and 4.90-5.90m."}, "geometry": {"type": "LineString", "coordinates": [[114.20417427912645, 22.318090432062036, -5.649779454588005], [114.20417428151472, 22.318090430839202, -11.649779441209294]]}}, {"id": "505", "type": "Feature", "properties": {"location_uid": "B12_GE/2008/03.25-xpjn3U+k2GhM", "HOLE_ID": "B12", "HOLE_TYPE": "VC", "HOLE_STAR": "26/02/2010", "HOLE_ENDD": "26/02/2010", "HOLE_REM": "1. Vibrocore sub-samples were sent to the analyticallaboratory from 0.00-0.90m, 0.90-1.90m, 1.90-2.90m, 3.40-3.90m, 3.90-4.90m and 4.90-5.90m."}, "geometry": {"type": "LineString", "coordinates": [[114.20394205916968, 22.317804923739658, -5.1002334574427275], [114.20394206155794, 22.317804922516824, -11.10023344406191]]}}, {"id": "506", "type": "Feature", "properties": {"location_uid": "B13_GE/2008/03.25-xpjn3U+k2GhM", "HOLE_ID": "B13", "HOLE_TYPE": "VC", "HOLE_STAR": "26/02/2010", "HOLE_ENDD": "26/02/2010", "HOLE_REM": "1. Vibrocore sub-samples were sent to the analyticallaboratory from 0.30-0.90m, 0.90-1.90m, 1.90-2.90m, 3.00-3.90m, 3.90-4.90m and 4.90-5.90m."}, "geometry": {"type": "LineString", "coordinates": [[114.20580011471552, 22.317168667682978, -5.990476060345375], [114.20580011710383, 22.317168666460116, -11.990476046942263]]}}, {"id": "507", "type": "Feature", "properties": {"location_uid": "B14_GE/2008/03.25-xpjn3U+k2GhM", "HOLE_ID": "B14", "HOLE_TYPE": "VC", "HOLE_STAR": "26/02/2010", "HOLE_ENDD": "26/02/2010", "HOLE_REM": "1. Vibrocore sub-samples were sent to the analyticallaboratory from 0.10-0.90m, 0.90-1.90m, 1.90-2.90m, 3.00-3.90m, 3.90-4.90m and 4.90-5.90m."}, "geometry": {"type": "LineString", "coordinates": [[114.20568540990324, 22.316783894451152, -5.840186752093354], [114.20568541229156, 22.31678389322828, -11.840186738685784]]}}, {"id": "508", "type": "Feature", "properties": {"location_uid": "B15_GE/2008/03.25-xpjn3U+k2GhM", "HOLE_ID": "B15", "HOLE_TYPE": "VC", "HOLE_STAR": "27/02/2010", "HOLE_ENDD": "27/02/2010", "HOLE_REM": "1. Vibrocore sub-samples were sent to the analyticallaboratory from 0.20-0.90m, 0.90-1.90m, 1.90-2.90m, 3.00-3.90m, 3.90-4.90m and 4.90-5.90m."}, "geometry": {"type": "LineString", "coordinates": [[114.20536069183801, 22.31649298626144, -4.9410484564968264], [114.2053606942263, 22.316492985038572, -10.941048443087725]]}}, {"id": "509", "type": "Feature", "properties": {"location_uid": "B16_GE/2008/03.25-xpjn3U+k2GhM", "HOLE_ID": "B16", "HOLE_TYPE": "VC", "HOLE_STAR": "27/02/2010", "HOLE_ENDD": "27/02/2010", "HOLE_REM": "1. Vibrocore sub-samples were sent to the analyticallaboratory from 0.20-0.90m, 0.90-1.90m, 1.90-2.90m, 3.00-3.90m, 3.90-4.90m and 4.90-5.90m."}, "geometry": {"type": "LineString", "coordinates": [[114.20614979590572, 22.316146160585802, -6.386736718637239], [114.20614979829402, 22.316146159362923, -12.386736705217702]]}}, {"id": "510", "type": "Feature", "properties": {"location_uid": "B17_GE/2008/03.25-xpjn3U+k2GhM", "HOLE_ID": "B17", "HOLE_TYPE": "VC", "HOLE_STAR": "11/03/2010", "HOLE_ENDD": "11/03/2010", "HOLE_REM": "1. Vibrocore sub-samples were sent to the analyticallaboratory from 0.30-0.90m, 0.90-1.90m, 1.90-2.90m, 3.20-3.90m, 3.90-4.90m and 4.90-5.90m."}, "geometry": {"type": "LineString", "coordinates": [[114.2073865535292, 22.315938770394187, -6.1806831552859975], [114.20738655591754, 22.31593876917128, -12.180683141854718]]}}, {"id": "511", "type": "Feature", "properties": {"location_uid": "B18_GE/2008/03.25-xpjn3U+k2GhM", "HOLE_ID": "B18", "HOLE_TYPE": "VC", "HOLE_STAR": "11/03/2010", "HOLE_ENDD": "11/03/2010", "HOLE_REM": "1. Vibrocore sub-samples were sent to the analyticallaboratory from 0.20-0.90m, 0.90-1.90m, 1.90-2.90m, 3.00-3.90m, 3.90-4.90m and 4.90-5.90m."}, "geometry": {"type": "LineString", "coordinates": [[114.20706505334856, 22.315721915568233, -6.83168534654976], [114.20706505573688, 22.31572191434532, -12.83168533311811]]}}, {"id": "512", "type": "Feature", "properties": {"location_uid": "B19_GE/2008/03.25-xpjn3U+k2GhM", "HOLE_ID": "B19", "HOLE_TYPE": "VC", "HOLE_STAR": "09/03/2010", "HOLE_ENDD": "09/03/2010", "HOLE_REM": "1. Vibrocore sub-samples were sent to the analyticallaboratory from 0.10-0.90m, 0.90-1.90m, 1.90-2.90m, 3.00-3.90m, 3.90-4.90m and 4.90-5.90m."}, "geometry": {"type": "LineString", "coordinates": [[114.20674391509418, 22.31537827057698, -6.782419199576906], [114.2067439174825, 22.315378269354078, -12.782419186142675]]}}, {"id": "513", "type": "Feature", "properties": {"location_uid": "B20_GE/2008/03.25-xpjn3U+k2GhM", "HOLE_ID": "B20", "HOLE_TYPE": "VC", "HOLE_STAR": "10/02/2010", "HOLE_ENDD": "10/02/2010", "HOLE_REM": "1. Vibrocore sub-samples were sent to the analyticallaboratory from 0.50-0.90m, 0.90-1.90m, 1.90-2.90m, 2.90-3.90m, 3.90-4.90m and 4.90-5.90m."}, "geometry": {"type": "LineString", "coordinates": [[114.20770341726964, 22.314925296430964, -7.327100407518753], [114.20770341965796, 22.314925295208038, -13.327100394071401]]}}, {"id": "514", "type": "Feature", "properties": {"location_uid": "B21_GE/2008/03.25-xpjn3U+k2GhM", "HOLE_ID": "B21", "HOLE_TYPE": "VC", "HOLE_STAR": "01/03/2010", "HOLE_ENDD": "01/03/2010", "HOLE_REM": "1. Vibrocore sub-samples were sent to the analyticallaboratory from 0.40-0.90m, 0.90-1.90m, 1.90-2.90m, 3.00-3.90m, 3.90-4.90m and 4.90-5.90m."}, "geometry": {"type": "LineString", "coordinates": [[114.20639214538788, 22.316592047348127, -6.98657617473626], [114.2063921477762, 22.316592046125237, -12.986576161321253]]}}, {"id": "515", "type": "Feature", "properties": {"location_uid": "B22_GE/2008/03.25-xpjn3U+k2GhM", "HOLE_ID": "B22", "HOLE_TYPE": "VC", "HOLE_STAR": "10/02/2010", "HOLE_ENDD": "10/02/2010", "HOLE_REM": "1. Vibrocore sub-samples were sent to the analyticallaboratory from 0.60-0.90m, 0.90-1.90m, 1.90-2.90m, 2.90-3.90m and 3.90-4.30m."}, "geometry": {"type": "LineString", "coordinates": [[114.20836701192603, 22.31414411216038, -7.672447417906351], [114.20836701367747, 22.314144111263545, -12.072447409069296]]}}, {"id": "516", "type": "Feature", "properties": {"location_uid": "B23_GE/2008/03.25-xpjn3U+k2GhM", "HOLE_ID": "B23", "HOLE_TYPE": "VC", "HOLE_STAR": "06/02/2010", "HOLE_ENDD": "06/02/2010", "HOLE_REM": "1. Vibrocore sub-samples were sent to the analyticallaboratory from 0.00-0.90m, 0.90-1.90m, 1.90-2.90m, 2.90-3.90m, 3.90-4.90m and 4.90-5.90m."}, "geometry": {"type": "LineString", "coordinates": [[114.20907239474434, 22.31363193843191, -7.768567607914652], [114.20907239713269, 22.313631937208935, -13.76856759585926]]}}, {"id": "517", "type": "Feature", "properties": {"location_uid": "B24_GE/2008/03.25-xpjn3U+k2GhM", "HOLE_ID": "B24", "HOLE_TYPE": "VC", "HOLE_STAR": "05/02/2010", "HOLE_ENDD": "06/02/2010", "HOLE_REM": "1. Vibrocore sub-samples were sent to the analyticallaboratory from 0.30-0.90m, 0.90-1.90m, 1.90-2.90m and 2.90-3.40m."}, "geometry": {"type": "LineString", "coordinates": [[114.20982141219933, 22.3129691221773, -8.56419347909428], [114.20982141359255, 22.31296912146389, -12.064193472058397]]}}, {"id": "518", "type": "Feature", "properties": {"location_uid": "B25_GE/2008/03.25-xpjn3U+k2GhM", "HOLE_ID": "B25", "HOLE_TYPE": "VC", "HOLE_STAR": "03/02/2010", "HOLE_ENDD": "03/02/2010", "HOLE_REM": "1. Vibrocore sub-samples were sent to the analyticallaboratory from 0.60-0.90m, 0.90-1.90m, 1.90-2.90m, 2.90-3.90m, 3.90-4.90m and 4.90-5.90m."}, "geometry": {"type": "LineString", "coordinates": [[114.2134546880963, 22.31451013687708, -7.403077200735596], [114.2134546904848, 22.314510135654057, -13.403077188671752]]}}, {"id": "519", "type": "Feature", "properties": {"location_uid": "B26_GE/2008/03.25-xpjn3U+k2GhM", "HOLE_ID": "B26", "HOLE_TYPE": "VC", "HOLE_STAR": "09/02/2010", "HOLE_ENDD": "09/02/2010", "HOLE_REM": "1. Vibrocore sub-samples were sent to the analyticallaboratory from 0.30-0.90m, 0.90-1.90m, 1.90-2.90m, 2.90-3.90m, 3.90-4.90m and 4.90-5.90m."}, "geometry": {"type": "LineString", "coordinates": [[114.21256201333941, 22.313937976366287, -8.805393988381114], [114.21256201572788, 22.313937975143265, -14.805393976316736]]}}, {"id": "520", "type": "Feature", "properties": {"location_uid": "B27_GE/2008/03.25-xpjn3U+k2GhM", "HOLE_ID": "B27", "HOLE_TYPE": "VC", "HOLE_STAR": "05/02/2010", "HOLE_ENDD": "05/02/2010", "HOLE_REM": "1. Vibrocore sub-samples were sent to the analyticallaboratory from 0.50-0.90m, 0.90-1.90m, 1.90-2.90m, 2.90-3.90m, 3.90-4.90m and 4.90-5.40m."}, "geometry": {"type": "LineString", "coordinates": [[114.21179119477142, 22.313157449192836, -7.906787146164573], [114.21179119696083, 22.313157448071742, -13.406787135103922]]}}, {"id": "521", "type": "Feature", "properties": {"location_uid": "B28_GE/2008/03.25-xpjn3U+k2GhM", "HOLE_ID": "B28", "HOLE_TYPE": "VC", "HOLE_STAR": "03/02/2010", "HOLE_ENDD": "03/02/2010", "HOLE_REM": "1. Vibrocore sub-samples were sent to the analyticallaboratory from 0.00-0.90m, 0.90-1.90m, 1.90-2.90m, 2.90-3.90m, 3.90-4.90m and 4.90-5.90m."}, "geometry": {"type": "LineString", "coordinates": [[114.21505610823515, 22.313051867297716, -7.593623308454259], [114.21505611062366, 22.313051866074648, -13.593623296377578]]}}, {"id": "522", "type": "Feature", "properties": {"location_uid": "B29_GE/2008/03.25-xpjn3U+k2GhM", "HOLE_ID": "B29", "HOLE_TYPE": "VC", "HOLE_STAR": "02/02/2010", "HOLE_ENDD": "02/02/2010", "HOLE_REM": "1. Vibrocore sub-samples were sent to the analyticallaboratory from 0.20-0.90m, 0.90-1.90m, 1.90-2.90m, 2.90-3.90m, 3.90-4.90m and 4.90-5.60m."}, "geometry": {"type": "LineString", "coordinates": [[114.21409667587253, 22.31216636924655, -7.745537530759849], [114.21409667814159, 22.312166368084632, -13.445537519285127]]}}, {"id": "523", "type": "Feature", "properties": {"location_uid": "B30_GE/2008/03.25-xpjn3U+k2GhM", "HOLE_ID": "B30", "HOLE_TYPE": "VC", "HOLE_STAR": "02/02/2010", "HOLE_ENDD": "02/02/2010", "HOLE_REM": "1. Vibrocore sub-samples were sent to the analyticallaboratory from 0.10-0.90m, 0.90-1.90m, 1.90-2.90m, 2.90-3.90m, 3.90-4.90m and 4.90-5.90m."}, "geometry": {"type": "LineString", "coordinates": [[114.2131637513616, 22.31128067884174, -7.997350149908406], [114.21316375375004, 22.31128067761867, -13.997350137827548]]}}, {"id": "524", "type": "Feature", "properties": {"location_uid": "B31_GE/2008/03.25-xpjn3U+k2GhM", "HOLE_ID": "B31", "HOLE_TYPE": "VC", "HOLE_STAR": "11/03/2010", "HOLE_ENDD": "11/03/2010", "HOLE_REM": "1. Vibrocore sub-samples were sent to the analyticallaboratory from 0.00-0.90m, 0.90-1.90m, 1.90-2.90m, 3.10-3.90m, 3.90-4.90m and 4.90-5.90m."}, "geometry": {"type": "LineString", "coordinates": [[114.21221987288034, 22.310400855336315, -7.799222594703535], [114.21221987526873, 22.310400854113247, -13.799222582620764]]}}, {"id": "525", "type": "Feature", "properties": {"location_uid": "B32_GE/2008/03.25-xpjn3U+k2GhM", "HOLE_ID": "B32", "HOLE_TYPE": "VC", "HOLE_STAR": "08/02/2010", "HOLE_ENDD": "08/02/2010", "HOLE_REM": "1. Vibrocore sub-samples were sent to the analyticallaboratory from 0.10-0.90m, 0.90-1.90m, 1.90-2.90m, 2.90-3.90m, 3.90-4.90m and 4.90-5.90m."}, "geometry": {"type": "LineString", "coordinates": [[114.21702282363222, 22.310971915197666, -7.931379691353197], [114.21702282602077, 22.31097191397454, -13.931379679259013]]}}, {"id": "526", "type": "Feature", "properties": {"location_uid": "B33_GE/2008/03.25-xpjn3U+k2GhM", "HOLE_ID": "B33", "HOLE_TYPE": "VC", "HOLE_STAR": "03/02/2010", "HOLE_ENDD": "03/02/2010", "HOLE_REM": "1. Vibrocore sub-samples were sent to the analyticallaboratory from 0.40-0.90m, 0.90-1.90m, 1.90-2.90m, 2.90-3.90m, 3.90-4.90m and 4.90-5.90m."}, "geometry": {"type": "LineString", "coordinates": [[114.21606988875011, 22.31006168313736, -8.033215857949674], [114.21606989113862, 22.310061681914227, -14.033215845853244]]}}, {"id": "527", "type": "Feature", "properties": {"location_uid": "B34_GE/2008/03.25-xpjn3U+k2GhM", "HOLE_ID": "B34", "HOLE_TYPE": "VC", "HOLE_STAR": "01/02/2010", "HOLE_ENDD": "01/02/2010", "HOLE_REM": "1. Vibrocore sub-samples were sent to the analyticallaboratory from 0.00-0.90m, 0.90-1.90m, 1.90-2.90m, 2.90-3.90m, 3.90-4.90m and 4.90-5.90m."}, "geometry": {"type": "LineString", "coordinates": [[114.21511211282953, 22.309148647017764, -8.135069322219447], [114.21511211521799, 22.309148645794643, -14.135069310120851]]}}, {"id": "528", "type": "Feature", "properties": {"location_uid": "B35_GE/2008/03.25-xpjn3U+k2GhM", "HOLE_ID": "B35", "HOLE_TYPE": "VC", "HOLE_STAR": "04/02/2010", "HOLE_ENDD": "04/02/2010", "HOLE_REM": "1. Vibrocore sub-samples were sent to the analyticallaboratory from 0.40-0.90m, 0.90-1.90m, 1.90-2.90m, 2.90-3.90m, 3.90-4.90m and 4.90-5.90m."}, "geometry": {"type": "LineString", "coordinates": [[114.21900450326082, 22.30882393455596, -7.7189116703507255], [114.2190045056494, 22.308823933332764, -13.718911658238428]]}}, {"id": "529", "type": "Feature", "properties": {"location_uid": "B36_GE/2008/03.25-xpjn3U+k2GhM", "HOLE_ID": "B36", "HOLE_TYPE": "VC", "HOLE_STAR": "04/02/2010", "HOLE_ENDD": "04/02/2010", "HOLE_REM": "1. Vibrocore was carried out but hard material encountered (Jar sample) relocated the location about 30m away design co-ordinates agreed with Engineer.  2. Vibrocore sub-samples were sent to the analytical laboratory from 0.30-0.90m, 0.90-1.90m and 1.90-2.70m."}, "geometry": {"type": "LineString", "coordinates": [[114.21818853237353, 22.308317798482975, -8.521069465277913], [114.21818853348816, 22.30831779791215, -11.321069459625573]]}}, {"id": "530", "type": "Feature", "properties": {"location_uid": "B37_GE/2008/03.25-xpjn3U+k2GhM", "HOLE_ID": "B37", "HOLE_TYPE": "VC", "HOLE_STAR": "05/02/2010", "HOLE_ENDD": "05/02/2010", "HOLE_REM": "1. Vibrocore was carried out but hard material encountered (Jar sample) relocated the location about 30m away instructed by Engineer.  2. Vibrocore sub-samples were sent to the analytical laboratory from 0.60-0.90m, 0.90-1.90m, 1.90-2.90m, 2.90-3.90m, 3.90-4.90m and 4.90-5.90m."}, "geometry": {"type": "LineString", "coordinates": [[114.21704160220712, 22.30740707929217, -8.82367940740811], [114.2170416045956, 22.30740707806897, -14.823679395294118]]}}, {"id": "531", "type": "Feature", "properties": {"location_uid": "B38_GE/2008/03.25-xpjn3U+k2GhM", "HOLE_ID": "B38", "HOLE_TYPE": "VC", "HOLE_STAR": "08/02/2010", "HOLE_ENDD": "08/02/2010", "HOLE_REM": "1. Vibrocore was carried out but hard material encountered (Jar sample) relocated barge (Humber River) to new location about 50m away instructed by Engineer.  2. Vibrocore sub-samples were sent to the analytical laboratory from 0.30-0.90m, 0.90-1.90m, 1.90-2.90m, 2.90-3.90m, 3.90-4.90m and 4.90-5.20m."}, "geometry": {"type": "LineString", "coordinates": [[114.21659706588906, 22.30691818133, -9.824401700576384], [114.21659706799888, 22.30691818024952, -15.124401689874531]]}}, {"id": "532", "type": "Feature", "properties": {"location_uid": "KT01-1_GE/2008/03.25-xpjn3U+k2GhM", "HOLE_ID": "KT01-1", "HOLE_TYPE": "VC", "HOLE_STAR": "22/02/2010", "HOLE_ENDD": "22/02/2010", "HOLE_REM": "1. Vibrocore sub-samples were sent to the analytical laboratory from 0.50-0.90m, 0.90-1.90m, 1.90-2.90m, 3.30-3.90m, 3.90-4.90m and 4.90-5.90m."}, "geometry": {"type": "LineString", "coordinates": [[114.20093810997162, 22.321844331387673, -3.822231599424022], [114.20093811235986, 22.32184433016495, -9.822231586119507]]}}, {"id": "533", "type": "Feature", "properties": {"location_uid": "KT01-2_GE/2008/03.25-xpjn3U+k2GhM", "HOLE_ID": "KT01-2", "HOLE_TYPE": "VC", "HOLE_STAR": "22/02/2010", "HOLE_ENDD": "22/02/2010", "HOLE_REM": "1. Vibrocore sub-samples were sent to the analytical laboratory from 0.40-0.90m, 0.90-1.90m, 1.90-2.90m, 3.30-3.90m, 3.90-4.90m and 4.90-5.90m.  2. A 20.1 litre seabed grab sample wastaken at this vibrocore location."}, "geometry": {"type": "LineString", "coordinates": [[114.20092529624725, 22.321835573680058, -3.522271175182594], [114.20092529863548, 22.32183557245734, -9.522271161878049]]}}, {"id": "534", "type": "Feature", "properties": {"location_uid": "KT02-1_GE/2008/03.25-xpjn3U+k2GhM", "HOLE_ID": "KT02-1", "HOLE_TYPE": "VC", "HOLE_STAR": "12/02/2010", "HOLE_ENDD": "12/02/2010", "HOLE_REM": "1. Vibrocore sub-samples were sent to the analytical laboratory from 0.30-0.90m, 0.90-1.90m, 1.90-2.90m, 3.00-3.90m, 3.90-4.90m and 4.90-5.50m."}, "geometry": {"type": "LineString", "coordinates": [[114.20134240253918, 22.321468417276073, -5.169627717911302], [114.20134240476821, 22.32146841613486, -10.769627705486196]]}}, {"id": "535", "type": "Feature", "properties": {"location_uid": "KT02-2_GE/2008/03.25-xpjn3U+k2GhM", "HOLE_ID": "KT02-2", "HOLE_TYPE": "VC", "HOLE_STAR": "12/02/2010", "HOLE_ENDD": "12/02/2010", "HOLE_REM": "1. Vibrocore sub-samples were sent to the analytical laboratory from 0.00-0.90m, 0.90-1.90m, 1.90-2.90m, 3.30-3.90m, 3.90-4.90m and 4.90-5.60m.  2. A 20.1 litre seabed grab sample wastaken at this vibrocore location."}, "geometry": {"type": "LineString", "coordinates": [[114.20129941339711, 22.321519988478563, -5.019928786317752], [114.20129941566594, 22.321519987316965, -10.719928773671812]]}}, {"id": "536", "type": "Feature", "properties": {"location_uid": "KT03-1_GE/2008/03.25-xpjn3U+k2GhM", "HOLE_ID": "KT03-1", "HOLE_TYPE": "VC", "HOLE_STAR": "19/02/2010", "HOLE_ENDD": "19/02/2010", "HOLE_REM": "1. Vibrocore sub-samples were sent to the analytical laboratory from 0.00-0.90m, 0.90-1.90m, 1.90-2.90m, 3.10-3.90m, 3.90-4.90m and 4.90-5.90m."}, "geometry": {"type": "LineString", "coordinates": [[114.20518437865508, 22.31813676640934, -4.345301866634678], [114.20518438104338, 22.31813676518649, -10.345301853249358]]}}, {"id": "537", "type": "Feature", "properties": {"location_uid": "KT03-2_GE/2008/03.25-xpjn3U+k2GhM", "HOLE_ID": "KT03-2", "HOLE_TYPE": "VC", "HOLE_STAR": "19/02/2010", "HOLE_ENDD": "19/02/2010", "HOLE_REM": "1. Vibrocore sub-samples were sent to the analytical laboratory from 0.00-0.90m, 0.90-1.90m, 1.90-2.90m, 3.00-3.90m, 3.90-4.90m and 4.90-5.90m.  2. A 20.1 litre seabed grab sample wastaken at this vibrocore location."}, "geometry": {"type": "LineString", "coordinates": [[114.20517292500831, 22.31813306584736, -4.4453459653983725], [114.20517292739663, 22.318133064624515, -10.445345952013044]]}}, {"id": "538", "type": "Feature", "properties": {"location_uid": "KT04-1_GE/2008/03.25-xpjn3U+k2GhM", "HOLE_ID": "KT04-1", "HOLE_TYPE": "VC", "HOLE_STAR": "20/02/2010", "HOLE_ENDD": "20/02/2010", "HOLE_REM": "1. Vibrocore sub-samples were sent to the analytical laboratory from 0.00-0.90m, 0.90-1.90m, 1.90-2.90m, 3.20-3.90m, 3.90-4.90m and 4.90-5.90m."}, "geometry": {"type": "LineString", "coordinates": [[114.20542026646433, 22.31783131022477, -4.493591436973761], [114.20542026885265, 22.317831309001917, -10.493591423582403]]}}, {"id": "539", "type": "Feature", "properties": {"location_uid": "KT04-2_GE/2008/03.25-xpjn3U+k2GhM", "HOLE_ID": "KT04-2", "HOLE_TYPE": "VC", "HOLE_STAR": "20/02/2010", "HOLE_ENDD": "20/02/2010", "HOLE_REM": "1. Vibrocore sub-samples were sent to the analytical laboratory from 0.00-0.90m, 0.90-1.90m, 1.90-2.90m, 3.00-3.90m, 3.90-4.90m and 4.90-5.90m.  2. A 20.1 litre seabed grab sample wastaken at this vibrocore location."}, "geometry": {"type": "LineString", "coordinates": [[114.20542793013921, 22.31781180277685, -4.543515707093594], [114.20542793252753, 22.317811801554, -10.543515693701917]]}}, {"id": "540", "type": "Feature", "properties": {"location_uid": "KT05-1_GE/2008/03.25-xpjn3U+k2GhM", "HOLE_ID": "KT05-1", "HOLE_TYPE": "VC", "HOLE_STAR": "05/03/2010", "HOLE_ENDD": "05/03/2010", "HOLE_REM": "1. Vibrocore sub-samples were sent to the analytical laboratory from 0.10-0.90m, 0.90-1.90m, 1.90-2.90m and 3.00-3.40m."}, "geometry": {"type": "LineString", "coordinates": [[114.20979459673677, 22.314095605461972, -4.716690415010585], [114.20979459813, 22.314095604748573, -8.216690407978415]]}}, {"id": "541", "type": "Feature", "properties": {"location_uid": "KT05-2_GE/2008/03.25-xpjn3U+k2GhM", "HOLE_ID": "KT05-2", "HOLE_TYPE": "VC", "HOLE_STAR": "05/03/2010", "HOLE_ENDD": "05/03/2010", "HOLE_REM": "1. Vibrocore sub-samples were sent to the analytical laboratory from 0.00-0.90m, 0.90-1.90m and 1.90-2.00m.  2. A 20.1 litre seabed grab sample was taken at this vibrocore location."}, "geometry": {"type": "LineString", "coordinates": [[114.2098229376585, 22.314097676695816, -4.9165825611508325], [114.20982293849443, 22.31409767626777, -7.016582556931452]]}}, {"id": "542", "type": "Feature", "properties": {"location_uid": "KT06-1_GE/2008/03.25-xpjn3U+k2GhM", "HOLE_ID": "KT06-1", "HOLE_TYPE": "VC", "HOLE_STAR": "05/03/2010", "HOLE_ENDD": "05/03/2010", "HOLE_REM": "1. Vibrocore sub-samples were sent to the analytical laboratory from 0.00-0.90m, 0.90-1.90m and 1.90-2.00m, 3.00-3.90m, 3.90-4.90m and 4.90-5.90m .  2. A 20.1 litre seabed grab samplewas taken at this vibrocore location on 3/3/2010."}, "geometry": {"type": "LineString", "coordinates": [[114.21037551965118, 22.313458828691665, -6.513037307186115], [114.21037552203957, 22.313458827468672, -12.513037295125994]]}}, {"id": "543", "type": "Feature", "properties": {"location_uid": "KT07-1_GE/2008/03.25-xpjn3U+k2GhM", "HOLE_ID": "KT07-1", "HOLE_TYPE": "VC", "HOLE_STAR": "18/02/2010", "HOLE_ENDD": "18/02/2010", "HOLE_REM": "1. Vibrocore sub-samples were sent to the analytical laboratory from 0.20-0.90m, 0.90-1.90m, 1.90-2.90m, 3.40-3.90m, 3.90-4.90m and 4.90-5.90m."}, "geometry": {"type": "LineString", "coordinates": [[114.20077456722971, 22.32130983500962, -3.3218594242776454], [114.20077456961796, 22.321309833786902, -9.321859410966798]]}}, {"id": "544", "type": "Feature", "properties": {"location_uid": "KT07-2_GE/2008/03.25-xpjn3U+k2GhM", "HOLE_ID": "KT07-2", "HOLE_TYPE": "VC", "HOLE_STAR": "18/02/2010", "HOLE_ENDD": "18/02/2010", "HOLE_REM": "1. Vibrocore sub-samples were sent to the analytical laboratory from 0.00-0.90m, 0.90-1.90m, 1.90-2.90m, 3.10-3.90m, 3.90-4.90m and 4.90-5.90m.  2. A 20.1 litre seabed grab sample wastaken at this vibrocore location."}, "geometry": {"type": "LineString", "coordinates": [[114.20077951504028, 22.32129646901305, -3.2718093636582766], [114.20077951742853, 22.321296467790326, -9.271809350347382]]}}, {"id": "545", "type": "Feature", "properties": {"location_uid": "KT08-1_GE/2008/03.25-xpjn3U+k2GhM", "HOLE_ID": "KT08-1", "HOLE_TYPE": "VC", "HOLE_STAR": "12/02/2010", "HOLE_ENDD": "18/02/2010", "HOLE_REM": "1. Vibrocore sub-samples were sent to the analytical laboratory from 0.00-0.90m, 0.90-1.90m, 1.90-2.90m, 3.30-3.90m, 3.90-4.90m and 4.90-5.90m."}, "geometry": {"type": "LineString", "coordinates": [[114.20115817510586, 22.320879379711275, -4.169234683021325], [114.20115817749411, 22.320879378488538, -10.16923466970204]]}}, {"id": "546", "type": "Feature", "properties": {"location_uid": "KT08-2_GE/2008/03.25-xpjn3U+k2GhM", "HOLE_ID": "KT08-2", "HOLE_TYPE": "VC", "HOLE_STAR": "18/02/2010", "HOLE_ENDD": "18/02/2010", "HOLE_REM": "1. Vibrocore sub-samples were sent to the analytical laboratory from 0.00-0.90m, 0.90-1.90m, 1.90-2.90m, 3.20-3.90m, 3.90-4.90m and 4.90-5.90m.  2. A 20.1 litre seabed grab sample wastaken at this vibrocore location."}, "geometry": {"type": "LineString", "coordinates": [[114.20116351156716, 22.3208680906293, -4.3691871421442565], [114.2011635139554, 22.32086808940656, -10.36918712882478]]}}, {"id": "547", "type": "Feature", "properties": {"location_uid": "KT09-1_GE/2008/03.25-xpjn3U+k2GhM", "HOLE_ID": "KT09-1", "HOLE_TYPE": "VC", "HOLE_STAR": "08/02/2010", "HOLE_ENDD": "09/02/2010", "HOLE_REM": "1. Vibrocore sub-samples were sent to the analytical laboratory from 0.30-0.90m, 0.90-1.90m, 1.90-2.90m, 3.10-3.90m, 3.90-4.90m and 4.90-5.90m."}, "geometry": {"type": "LineString", "coordinates": [[114.2050757537621, 22.31757327608608, -4.944610393281242], [114.20507575615039, 22.317573274863232, -10.944610379888903]]}}, {"id": "548", "type": "Feature", "properties": {"location_uid": "KT09-2_GE/2008/03.25-xpjn3U+k2GhM", "HOLE_ID": "KT09-2", "HOLE_TYPE": "VC", "HOLE_STAR": "09/02/2010", "HOLE_ENDD": "09/02/2010", "HOLE_REM": "1. Vibrocore sub-samples were sent to the analytical laboratory from 0.20-0.90m, 0.90-1.90m, 1.90-2.90m, 3.00-3.90m, 3.90-4.90m and 4.90-5.90m.  2. A 20.1 litre seabed grab sample wastaken at this vibrocore location."}, "geometry": {"type": "LineString", "coordinates": [[114.20506604810221, 22.317574180835994, -4.9446562808107615], [114.20506605049052, 22.317574179613146, -10.944656267418543]]}}, {"id": "549", "type": "Feature", "properties": {"location_uid": "KT10-1_GE/2008/03.25-xpjn3U+k2GhM", "HOLE_ID": "KT10-1", "HOLE_TYPE": "VC", "HOLE_STAR": "08/02/2010", "HOLE_ENDD": "08/02/2010", "HOLE_REM": "1. Vibrocore sub-samples were sent to the analytical laboratory from 0.20-0.90m, 0.90-1.90m, 1.90-2.90m, 3.00-3.90m, 3.90-4.90m and 4.90-5.90m."}, "geometry": {"type": "LineString", "coordinates": [[114.20533463625279, 22.317232235541297, -4.642720351356152], [114.20533463864109, 22.31723223431843, -10.642720337957549]]}}, {"id": "550", "type": "Feature", "properties": {"location_uid": "KT10-2_GE/2008/03.25-xpjn3U+k2GhM", "HOLE_ID": "KT10-2", "HOLE_TYPE": "VC", "HOLE_STAR": "08/02/2010", "HOLE_ENDD": "08/02/2010", "HOLE_REM": "1. Vibrocore sub-samples were sent to the analytical laboratory from 0.20-0.90m, 0.90-1.90m, 1.90-2.90m, 3.00-3.90m, 3.90-4.90m and 4.90-5.90m.  2. A 20.1 litre seabed grab sample wastaken at this vibrocore location."}, "geometry": {"type": "LineString", "coordinates": [[114.20534279168945, 22.317244786636163, -4.64270975246639], [114.20534279407775, 22.317244785413298, -10.642709739067689]]}}, {"id": "551", "type": "Feature", "properties": {"location_uid": "KT11-1_GE/2008/03.25-xpjn3U+k2GhM", "HOLE_ID": "KT11-1", "HOLE_TYPE": "VC", "HOLE_STAR": "18/02/2010", "HOLE_ENDD": "19/02/2010", "HOLE_REM": "1. Vibrocore sub-samples were sent to the analytical laboratory from 0.20-0.90m, 0.90-1.90m, 1.90-2.90m, 3.10-3.90m, 3.90-4.90m and 4.90-5.90m."}, "geometry": {"type": "LineString", "coordinates": [[114.20055241250333, 22.32084108958713, -3.521889199657123], [114.20055241489155, 22.3208410883644, -9.521889186341765]]}}, {"id": "552", "type": "Feature", "properties": {"location_uid": "KT11-2_GE/2008/03.25-xpjn3U+k2GhM", "HOLE_ID": "KT11-2", "HOLE_TYPE": "VC", "HOLE_STAR": "19/02/2010", "HOLE_ENDD": "19/02/2010", "HOLE_REM": "1. Vibrocore sub-samples were sent to the analytical laboratory from 0.00-0.90m, 0.90-1.90m, 1.90-2.90m, 3.10-3.90m, 3.90-4.90m and 4.90-5.90m.  2. A 20.1 litre seabed grab sample wastaken at this vibrocore location."}, "geometry": {"type": "LineString", "coordinates": [[114.20055445014572, 22.32083711580796, -3.621871760086572], [114.20055445253395, 22.320837114585235, -9.621871746771106]]}}, {"id": "553", "type": "Feature", "properties": {"location_uid": "KT12-1_GE/2008/03.25-xpjn3U+k2GhM", "HOLE_ID": "KT12-1", "HOLE_TYPE": "VC", "HOLE_STAR": "24/02/2010", "HOLE_ENDD": "24/02/2010", "HOLE_REM": "1. Vibrocore sub-samples were sent to the analytical laboratory from 0.00-0.90m, 0.90-1.90m, 1.90-2.90m, 3.00-3.90m, 3.90-4.90m and 4.90-5.90m."}, "geometry": {"type": "LineString", "coordinates": [[114.20033278636794, 22.320397268228163, -2.121960415839571], [114.20033278875614, 22.32039726700543, -8.121960402519644]]}}, {"id": "554", "type": "Feature", "properties": {"location_uid": "KT12-2_GE/2008/03.25-xpjn3U+k2GhM", "HOLE_ID": "KT12-2", "HOLE_TYPE": "VC", "HOLE_STAR": "24/02/2010", "HOLE_ENDD": "24/02/2010", "HOLE_REM": "1. Vibrocore sub-samples were sent to the analytical laboratory from 0.00-0.90m, 0.90-1.90m, 1.90-2.90m, 3.00-3.90m, 3.90-4.90m and 4.90-5.90m.  2. A 20.1 litre seabed grab sample wastaken at this vibrocore location."}, "geometry": {"type": "LineString", "coordinates": [[114.20033822150194, 22.320395912861482, -2.071933061121576], [114.20033822389014, 22.320395911638748, -8.071933047801632]]}}, {"id": "555", "type": "Feature", "properties": {"location_uid": "KT13-1_GE/2008/03.25-xpjn3U+k2GhM", "HOLE_ID": "KT13-1", "HOLE_TYPE": "VC", "HOLE_STAR": "11/02/2010", "HOLE_ENDD": "11/02/2010", "HOLE_REM": "1. Vibrocore sub-samples were sent to the analytical laboratory from 0.00-0.90m, 0.90-1.90m, 1.90-2.90m, 3.00-3.90m, 3.90-4.90m and 4.90-5.90m."}, "geometry": {"type": "LineString", "coordinates": [[114.2010037146012, 22.320103313834455, -3.3683200123238644], [114.20100371698942, 22.320103312611703, -9.368319998995185]]}}, {"id": "556", "type": "Feature", "properties": {"location_uid": "KT13-2_GE/2008/03.25-xpjn3U+k2GhM", "HOLE_ID": "KT13-2", "HOLE_TYPE": "VC", "HOLE_STAR": "11/02/2010", "HOLE_ENDD": "11/02/2010", "HOLE_REM": "1. Vibrocore sub-samples were sent to the analytical laboratory from 0.20-0.90m, 0.90-1.90m, 1.90-2.90m, 3.20-3.90m, 3.90-4.90m and 4.90-5.90m.  2. A 20.1 litre seabed grab sample wastaken at this vibrocore location."}, "geometry": {"type": "LineString", "coordinates": [[114.2009927464335, 22.320101057810845, -3.418364877500277], [114.20099274882173, 22.320101056588097, -9.418364864171643]]}}, {"id": "557", "type": "Feature", "properties": {"location_uid": "KT14-1_GE/2008/03.25-xpjn3U+k2GhM", "HOLE_ID": "KT14-1", "HOLE_TYPE": "VC", "HOLE_STAR": "11/02/2010", "HOLE_ENDD": "11/02/2010", "HOLE_REM": "1. Vibrocore sub-samples were sent to the analytical laboratory from 0.10-0.90m, 0.90-1.90m, 1.90-2.90m, 3.00-3.90m, 3.90-4.90m and 4.90-5.90m."}, "geometry": {"type": "LineString", "coordinates": [[114.20170748350756, 22.31947440714528, -3.413831932521394], [114.2017074858958, 22.31947440592251, -9.413831919179154]]}}, {"id": "558", "type": "Feature", "properties": {"location_uid": "KT14-2_GE/2008/03.25-xpjn3U+k2GhM", "HOLE_ID": "KT14-2", "HOLE_TYPE": "VC", "HOLE_STAR": "11/02/2010", "HOLE_ENDD": "11/02/2010", "HOLE_REM": "1. Vibrocore sub-samples were sent to the analytical laboratory from 0.50-0.90m, 0.90-1.90m, 1.90-2.90m, 3.20-3.90m, 3.90-4.90m and 4.90-5.90m.  2. A 20.1 litre seabed grab sample wastaken at this vibrocore location."}, "geometry": {"type": "LineString", "coordinates": [[114.20170641793113, 22.319486147080784, -3.4138611797683773], [114.20170642031935, 22.319486145858008, -9.413861166426265]]}}, {"id": "559", "type": "Feature", "properties": {"location_uid": "KT15-1_GE/2008/03.25-xpjn3U+k2GhM", "HOLE_ID": "KT15-1", "HOLE_TYPE": "VC", "HOLE_STAR": "10/02/2010", "HOLE_ENDD": "10/02/2010", "HOLE_REM": "1. Vibrocore sub-samples were sent to the analytical laboratory from 0.00-0.90m, 0.90-1.90m, 1.90-2.90m, 3.10-3.90m, 3.90-4.90m and 4.90-5.90m."}, "geometry": {"type": "LineString", "coordinates": [[114.20243367055767, 22.31886563200397, -3.6592793226467544], [114.2024336729459, 22.31886563078118, -9.659279309291112]]}}, {"id": "560", "type": "Feature", "properties": {"location_uid": "KT15-2_GE/2008/03.25-xpjn3U+k2GhM", "HOLE_ID": "KT15-2", "HOLE_TYPE": "VC", "HOLE_STAR": "10/02/2010", "HOLE_ENDD": "10/02/2010", "HOLE_REM": "1. Vibrocore sub-samples were sent to the analytical laboratory from 0.00-0.90m, 0.90-1.90m, 1.90-2.90m, 3.00-3.90m, 3.90-4.90m and 4.90-5.90m.  2. A 20.1 litre seabed grab sample wastaken at this vibrocore location."}, "geometry": {"type": "LineString", "coordinates": [[114.2024279421706, 22.318855608979053, -3.509284343965766], [114.20242794455883, 22.31885560775625, -9.509284330609814]]}}, {"id": "561", "type": "Feature", "properties": {"location_uid": "KT16-1_GE/2008/03.25-xpjn3U+k2GhM", "HOLE_ID": "KT16-1", "HOLE_TYPE": "VC", "HOLE_STAR": "10/02/2010", "HOLE_ENDD": "10/02/2010", "HOLE_REM": "1. Vibrocore sub-samples were sent to the analytical laboratory from 0.00-0.90m, 0.90-1.90m, 1.90-2.90m, 3.00-3.90m, 3.90-4.90m and 4.90-5.90m."}, "geometry": {"type": "LineString", "coordinates": [[114.20314228336944, 22.31825568247533, -3.754798779185585], [114.2031422857577, 22.318255681252513, -9.754798765816394]]}}, {"id": "562", "type": "Feature", "properties": {"location_uid": "KT16-2_GE/2008/03.25-xpjn3U+k2GhM", "HOLE_ID": "KT16-2", "HOLE_TYPE": "VC", "HOLE_STAR": "10/02/2010", "HOLE_ENDD": "10/02/2010", "HOLE_REM": "1. Vibrocore sub-samples were sent to the analytical laboratory from 0.00-0.90m, 0.90-1.90m, 1.90-2.90m, 3.00-3.90m, 3.90-4.90m and 4.90-5.90m.  2. A 20.1 litre seabed grab sample wastaken at this vibrocore location."}, "geometry": {"type": "LineString", "coordinates": [[114.20314791314054, 22.31825757798667, -3.7547772462253293], [114.20314791552879, 22.318257576763855, -9.754777232856085]]}}, {"id": "563", "type": "Feature", "properties": {"location_uid": "KT17-1_GE/2008/03.25-xpjn3U+k2GhM", "HOLE_ID": "KT17-1", "HOLE_TYPE": "VC", "HOLE_STAR": "09/02/2010", "HOLE_ENDD": "09/02/2010", "HOLE_REM": "1. Vibrocore sub-samples were sent to the analytical laboratory from 0.00-0.90m, 0.90-1.90m, 1.90-2.90m, 3.00-3.90m, 3.90-4.90m and 4.90-5.90m."}, "geometry": {"type": "LineString", "coordinates": [[114.20370528055422, 22.317531426603658, -4.150734012470292], [114.2037052829425, 22.31753142538083, -10.150733999087223]]}}, {"id": "564", "type": "Feature", "properties": {"location_uid": "KT17-2_GE/2008/03.25-xpjn3U+k2GhM", "HOLE_ID": "KT17-2", "HOLE_TYPE": "VC", "HOLE_STAR": "09/02/2010", "HOLE_ENDD": "09/02/2010", "HOLE_REM": "1. Vibrocore sub-samples were sent to the analytical laboratory from 0.20-0.90m, 0.90-1.90m, 1.90-2.90m, 3.20-3.90m, 3.90-4.90m and 4.90-5.90m.  2. A 20.1 litre seabed grab sample wastaken at this vibrocore location."}, "geometry": {"type": "LineString", "coordinates": [[114.20370081765311, 22.317541270743767, -3.90077483697376], [114.20370082004136, 22.317541269520945, -9.900774823591028]]}}, {"id": "565", "type": "Feature", "properties": {"location_uid": "KT18-1_GE/2008/03.25-xpjn3U+k2GhM", "HOLE_ID": "KT18-1", "HOLE_TYPE": "VC", "HOLE_STAR": "06/02/2010", "HOLE_ENDD": "08/02/2010", "HOLE_REM": "1. Vibrocore sub-samples were sent to the analytical laboratory from 0.00-0.90m, 0.90-1.90m, 1.90-2.90m, 3.00-3.90m, 3.90-4.90m and 4.90-5.90m."}, "geometry": {"type": "LineString", "coordinates": [[114.20436116521951, 22.316853299404045, -4.146339881103769], [114.20436116760777, 22.31685329818118, -10.14633986770676]]}}, {"id": "566", "type": "Feature", "properties": {"location_uid": "KT18-2_GE/2008/03.25-xpjn3U+k2GhM", "HOLE_ID": "KT18-2", "HOLE_TYPE": "VC", "HOLE_STAR": "08/02/2010", "HOLE_ENDD": "08/02/2010", "HOLE_REM": "1. Vibrocore sub-samples were sent to the analytical laboratory from 0.20-0.90m, 0.90-1.90m, 1.90-2.90m, 3.00-3.90m, 3.90-4.90m and 4.90-5.90m.  2. A 20.1 litre seabed grab sample wastaken at this vibrocore location."}, "geometry": {"type": "LineString", "coordinates": [[114.20436300748011, 22.316843816954567, -4.196311648027059], [114.20436300986837, 22.316843815731712, -10.196311634629776]]}}, {"id": "567", "type": "Feature", "properties": {"location_uid": "KT19-1_GE/2008/03.25-xpjn3U+k2GhM", "HOLE_ID": "KT19-1", "HOLE_TYPE": "VC", "HOLE_STAR": "05/02/2010", "HOLE_ENDD": "06/02/2010", "HOLE_REM": "1. Vibrocore sub-samples were sent to the analytical laboratory from 0.00-0.90m, 0.90-1.90m, 1.90-2.90m, 3.00-3.90m, 3.90-4.90m and 4.90-5.90m."}, "geometry": {"type": "LineString", "coordinates": [[114.20513432344649, 22.31634645952357, -4.041768009771452], [114.20513432583478, 22.316346458300707, -10.041767996361973]]}}, {"id": "568", "type": "Feature", "properties": {"location_uid": "KT19-2_GE/2008/03.25-xpjn3U+k2GhM", "HOLE_ID": "KT19-2", "HOLE_TYPE": "VC", "HOLE_STAR": "06/02/2010", "HOLE_ENDD": "06/02/2010", "HOLE_REM": "1. Vibrocore sub-samples were sent to the analytical laboratory from 0.20-0.90m, 0.90-1.90m, 1.90-2.90m, 3.00-3.90m, 3.90-4.90m and 4.90-5.90m.  2. A 20.1 litre seabed grab sample wastaken at this vibrocore location."}, "geometry": {"type": "LineString", "coordinates": [[114.20512199545772, 22.316338334157788, -3.9418069017360047], [114.20512199784598, 22.316338332934922, -9.94180688832646]]}}, {"id": "569", "type": "Feature", "properties": {"location_uid": "KT20-1_GE/2008/03.25-xpjn3U+k2GhM", "HOLE_ID": "KT20-1", "HOLE_TYPE": "VC", "HOLE_STAR": "05/02/2010", "HOLE_ENDD": "05/02/2010", "HOLE_REM": "1. Vibrocore sub-samples were sent to the analytical laboratory from 0.00-0.90m, 0.90-1.90m, 1.90-2.90m, 3.00-3.90m, 3.90-4.90m and 4.90-5.90m."}, "geometry": {"type": "LineString", "coordinates": [[114.20564654277217, 22.315627353123183, -4.087930365002911], [114.20564654516045, 22.315627351900304, -10.087930351580148]]}}, {"id": "570", "type": "Feature", "properties": {"location_uid": "KT20-2_GE/2008/03.25-xpjn3U+k2GhM", "HOLE_ID": "KT20-2", "HOLE_TYPE": "VC", "HOLE_STAR": "05/02/2010", "HOLE_ENDD": "05/02/2010", "HOLE_REM": "1. Vibrocore sub-samples were sent to the analytical laboratory from 0.20-0.90m, 0.90-1.90m, 1.90-2.90m, 3.00-3.90m, 3.90-4.90m and 4.90-5.90m.  2. A 20.1 litre seabed grab sample wastaken at this vibrocore location."}, "geometry": {"type": "LineString", "coordinates": [[114.20565751097993, 22.315631144035102, -4.037888507540259], [114.20565751336822, 22.31563114281222, -10.037888494117432]]}}, {"id": "571", "type": "Feature", "properties": {"location_uid": "KT21-1_GE/2008/03.25-xpjn3U+k2GhM", "HOLE_ID": "KT21-1", "HOLE_TYPE": "VC", "HOLE_STAR": "03/03/2010", "HOLE_ENDD": "03/03/2010", "HOLE_REM": "1. Vibrocore sub-samples were sent to the analytical laboratory from 0.00-0.90m, 0.90-1.90m, 1.90-2.90m, 3.00-3.90m, 3.90-4.90m and 4.90-5.90m."}, "geometry": {"type": "LineString", "coordinates": [[114.2063639617556, 22.315036893713064, -4.733426509000813], [114.20636396414389, 22.315036892490163, -10.733426495564878]]}}, {"id": "572", "type": "Feature", "properties": {"location_uid": "KT21-2_GE/2008/03.25-xpjn3U+k2GhM", "HOLE_ID": "KT21-2", "HOLE_TYPE": "VC", "HOLE_STAR": "04/03/2010", "HOLE_ENDD": "04/03/2010", "HOLE_REM": "1. Vibrocore sub-samples were sent to the analytical laboratory from 0.10-0.90m, 0.90-1.90m, 1.90-2.90m, 3.10-3.90m, 3.90-4.90m and 4.90-5.90m.  2. A 20.1 litre seabed grab sample wastaken at this vibrocore location."}, "geometry": {"type": "LineString", "coordinates": [[114.2063585244951, 22.31502678041245, -4.833429916457614], [114.20635852688339, 22.315026779189544, -10.83342990302158]]}}, {"id": "573", "type": "Feature", "properties": {"location_uid": "KT22-1_GE/2008/03.25-xpjn3U+k2GhM", "HOLE_ID": "KT22-1", "HOLE_TYPE": "VC", "HOLE_STAR": "04/03/2010", "HOLE_ENDD": "04/03/2010", "HOLE_REM": "1. Vibrocore sub-samples were sent to the analytical laboratory from 0.10-0.90m, 0.90-1.90m, 1.90-2.90m, 3.50-3.90m, 3.90-4.90m and 4.90-5.90m."}, "geometry": {"type": "LineString", "coordinates": [[114.20698632204264, 22.314286426688838, -4.829012531799852], [114.20698632443093, 22.3142864254659, -10.82901251834905]]}}, {"id": "574", "type": "Feature", "properties": {"location_uid": "KT22-2_GE/2008/03.25-xpjn3U+k2GhM", "HOLE_ID": "KT22-2", "HOLE_TYPE": "VC", "HOLE_STAR": "05/03/2010", "HOLE_ENDD": "05/03/2010", "HOLE_REM": "1. Vibrocore sub-samples were sent to the analytical laboratory from 0.10-0.90m, 0.90-1.90m, 1.90-2.90m, 3.50-3.90m, 3.90-4.90m and 4.90-5.90m.  2. A 20.1 litre seabed grab sample wastaken at this vibrocore location."}, "geometry": {"type": "LineString", "coordinates": [[114.20698175962771, 22.314282905613606, -4.779025861873915], [114.20698176201601, 22.31428290439067, -10.779025848422966]]}}, {"id": "575", "type": "Feature", "properties": {"location_uid": "KT23-1_GE/2008/03.25-xpjn3U+k2GhM", "HOLE_ID": "KT23-1", "HOLE_TYPE": "VC", "HOLE_STAR": "10/03/2010", "HOLE_ENDD": "10/03/2010", "HOLE_REM": "1. Vibrocore sub-samples were sent to the analytical laboratory from 0.20-0.90m, 0.90-1.90m and 1.90-2.90m."}, "geometry": {"type": "LineString", "coordinates": [[114.20775562071438, 22.313550017138308, -4.223953605818387], [114.20775562190852, 22.313550016526822, -7.223953599085327]]}}, {"id": "576", "type": "Feature", "properties": {"location_uid": "KT23-2_GE/2008/03.25-xpjn3U+k2GhM", "HOLE_ID": "KT23-2", "HOLE_TYPE": "VC", "HOLE_STAR": "10/03/2010", "HOLE_ENDD": "10/03/2010", "HOLE_REM": "1. Vibrocore sub-samples were sent to the analytical laboratory from 0.10-0.90m, 0.90-1.90m and 1.90-2.90m.  2. A 20.1 litre seabed grab sample was taken at this vibrocore location."}, "geometry": {"type": "LineString", "coordinates": [[114.20774679068018, 22.31355941066638, -4.124013699757368], [114.20774679187433, 22.313559410054896, -7.1240136930242315]]}}, {"id": "577", "type": "Feature", "properties": {"location_uid": "KT24-1_GE/2008/03.25-xpjn3U+k2GhM", "HOLE_ID": "KT24-1", "HOLE_TYPE": "VC", "HOLE_STAR": "08/03/2010", "HOLE_ENDD": "08/03/2010", "HOLE_REM": "1. Vibrocore sub-samples were sent to the analytical laboratory from 0.30-0.90m and 0.90-1.70m."}, "geometry": {"type": "LineString", "coordinates": [[114.2085946281463, 22.312950764955342, -4.169016713988231], [114.2085946288628, 22.312950764588454, -5.969016710370962]]}}, {"id": "578", "type": "Feature", "properties": {"location_uid": "KT24-2_GE/2008/03.25-xpjn3U+k2GhM", "HOLE_ID": "KT24-2", "HOLE_TYPE": "VC", "HOLE_STAR": "08/03/2010", "HOLE_ENDD": "08/03/2010", "HOLE_REM": "1. Vibrocore sub-samples were sent to the analytical laboratory from 0.20-0.90m and 0.90-1.70m.  2. A 20.1 litre seabed grab sample was taken at this vibrocore location."}, "geometry": {"type": "LineString", "coordinates": [[114.20860287714437, 22.312947602619023, -4.218977317787386], [114.20860287786088, 22.312947602252137, -6.018977314170064]]}}, {"id": "579", "type": "Feature", "properties": {"location_uid": "KT25-1_GE/2008/03.25-xpjn3U+k2GhM", "HOLE_ID": "KT25-1", "HOLE_TYPE": "VC", "HOLE_STAR": "06/03/2010", "HOLE_ENDD": "06/03/2010", "HOLE_REM": "1. Vibrocore sub-samples were sent to the analytical laboratory from 0.10-0.90m, 0.90-1.90m, 1.90-2.90m, 3.50-3.90m, 3.90-4.90m and 4.90-5.90m."}, "geometry": {"type": "LineString", "coordinates": [[114.2092712418711, 22.312291035868597, -4.414935755466097], [114.20927124425944, 22.31229103464561, -10.414935743402614]]}}, {"id": "580", "type": "Feature", "properties": {"location_uid": "KT25-2_GE/2008/03.25-xpjn3U+k2GhM", "HOLE_ID": "KT25-2", "HOLE_TYPE": "VC", "HOLE_STAR": "08/03/2010", "HOLE_ENDD": "08/03/2010", "HOLE_REM": "1. Vibrocore sub-samples were sent to the analytical laboratory from 0.10-0.90m, 0.90-1.90m, 1.90-2.90m, 3.40-3.90m, 3.90-4.90m and 4.90-5.90m.  2. A 20.1 litre seabed grab sample wastaken at this vibrocore location."}, "geometry": {"type": "LineString", "coordinates": [[114.20926648883344, 22.31230214441828, -4.614978162020346], [114.20926649122177, 22.31230214319529, -10.614978149956787]]}}, {"id": "581", "type": "Feature", "properties": {"location_uid": "KT26-1_GE/2008/03.25-xpjn3U+k2GhM", "HOLE_ID": "KT26-1", "HOLE_TYPE": "VC", "HOLE_STAR": "09/03/2010", "HOLE_ENDD": "09/03/2010", "HOLE_REM": "1. Vibrocore sub-samples were sent to the analytical laboratory from 0.00-0.90m, 0.90-1.90m, 1.90-2.90m, 3.00-3.90m, 3.90-4.90m and 4.90-5.90m."}, "geometry": {"type": "LineString", "coordinates": [[114.20933045888388, 22.314445996116945, -4.569271951466879], [114.20933046127226, 22.314445994893983, -10.569271939415183]]}}, {"id": "582", "type": "Feature", "properties": {"location_uid": "KT26-2_GE/2008/03.25-xpjn3U+k2GhM", "HOLE_ID": "KT26-2", "HOLE_TYPE": "VC", "HOLE_STAR": "09/03/2010", "HOLE_ENDD": "09/03/2010", "HOLE_REM": "1. Vibrocore sub-samples were sent to the analytical laboratory from 0.50-0.90m, 0.90-1.90m, 1.90-2.90m, 3.00-3.90m, 3.90-4.90m and 4.90-5.90m.  2. A 20.1 litre seabed grab sample wastaken at this vibrocore location."}, "geometry": {"type": "LineString", "coordinates": [[114.2092813641591, 22.31451400634882, -4.61961061215551], [114.20928136654747, 22.31451400512586, -10.619610600104334]]}}, {"id": "583", "type": "Feature", "properties": {"location_uid": "D221_GE/2013/04.18A-RiG2W1swsTYv", "HOLE_ID": "D221", "HOLE_TYPE": "RCG", "HOLE_STAR": "12/02/2014", "HOLE_ENDD": "05/03/2014", "HOLE_REM": "1. An inspection pit was excavated to 0.90m deep by hand tools.  2. Constant headpermeability test was carried out at section from 7.40m to 8.90m.  3. Groundwater sample was taken at 109.00m.  4. Acoustic borehole televiewer survey was carried out from 24.03m to 110.42m.  5. Packer (Water Absorption) tests were carried out at sections from 25.50m to 30.00m, 31.50m to 36.00m, 36.00m to 40.50m,42.00m to 46.50m, 47.50m to 52.00m, 53.00m to 57.50m, 59.50m to 64.00m, 71.00m to 75.50m, 78.00m to 82.50m, 88.50m to 93.00m and 105.00m to 110.76m.  6. A piezometer was installed with tip at 10.00m."}, "geometry": {"type": "LineString", "coordinates": [[114.18635733552905, 22.318783392381114, 12.778143227249732], [114.18635737960768, 22.318783369812543, -97.98185652830482]]}}, {"id": "584", "type": "Feature", "properties": {"location_uid": "D222_GE/2013/04.18A-RiG2W1swsTYv", "HOLE_ID": "D222", "HOLE_TYPE": "RCG", "HOLE_STAR": "30/12/2013", "HOLE_ENDD": "21/01/2014", "HOLE_REM": "1. An inspection pit was excavated to 2.00m deep by hand tools.  2. Constant headpermeability test was carried out at section from 3.60m to 5.10m.  3. Acoustic borehole televiewer survey was carried out from 30.60m to 110.43m.  4. Groundwater sample was taken at 109.00m.  5. Packer (Water Absorption) tests were carried out at sections from 32.50m to 38.50m, 37.50m to 43.50m, 44.50m to 50.50m,51.00m to 57.00m, 65.50m to 71.50m, 72.50m to 78.50m, 79.00m to 85.00m, 86.00m to 92.00m, 93.50 tom 99.50m and 100.90m to 110.47m.  6. A piezometer was installed with tip at 8.00m."}, "geometry": {"type": "LineString", "coordinates": [[114.18634774822407, 22.31910009586306, 12.557468657101811], [114.18634779218738, 22.31910007335367, -97.91253109917344]]}}, {"id": "585", "type": "Feature", "properties": {"location_uid": "D225_GE/2013/04.18A-RiG2W1swsTYv", "HOLE_ID": "D225", "HOLE_TYPE": "RCG", "HOLE_STAR": "14/01/2014", "HOLE_ENDD": "25/01/2014", "HOLE_REM": "1. An inspection pit was excavated to 2.40m deep by hand tools.  2. Acoustic borehole televiewer survey was carried out from 6.10m to 56.10m.  3. Groundwater sample was taken at 104.00m.  4. Packer (Water Absorption) tests were carried outat sections from 7.50m to 13.50m, 14.30m to 20.30m, 27.00m to 33.00m, 38.50m to 44.50m, 47.00m to 53.00m, 55.50m to 61.50m, 68.50m to 74.50m, 80.29m to 86.29m and 99.50m to 105.25m."}, "geometry": {"type": "LineString", "coordinates": [[114.18958309833327, 22.31979468589899, 4.210706288226227], [114.18958314022116, 22.319794664452537, -101.03929347932466]]}}, {"id": "586", "type": "Feature", "properties": {"location_uid": "D237_GE/2013/04.18A-RiG2W1swsTYv", "HOLE_ID": "D237", "HOLE_TYPE": "RCG", "HOLE_STAR": "30/11/2013", "HOLE_ENDD": "14/12/2013", "HOLE_REM": "1. An inspection pit was excavated to 2.00m deep by hand tools.  2. Constant head permeability tests were carried out at sections from 12.50m to 14.00m, 16.00m to 17.50m and 30.50m to 32.00m.  3. Pressuremeter tests was carried out at sections from 3.45m to 3.78m, 15.45m to 15.78m, 18.05m to 18.38m and 32.85m to 33.18m.  4. Groundwater sample was taken at 67.00m.  5. Piezometers were installed with tips at 21.10m and 62.00m."}, "geometry": {"type": "LineString", "coordinates": [[114.1989768068333, 22.32134747841993, 2.699953569004637], [114.19897683387566, 22.32134746457479, -65.2400462804254]]}}, {"id": "587", "type": "Feature", "properties": {"location_uid": "AC1_GE/99/08.7-zkzp92UW2YtM", "HOLE_ID": "AC1", "HOLE_TYPE": "VC", "HOLE_STAR": "16/06/2000", "HOLE_ENDD": "16/06/2000", "HOLE_REM": "1. Sub-samples were taken at A) 0.10m to 1.10m, B) 1.10m-2.10m and C) 2.10m-3.10m.  2. Sub-samples were stored under chilled conditions before delivered to laboratory."}, "geometry": {"type": "LineString", "coordinates": [[114.201497208999, 22.32032647511658, -6.5665546770278675], [114.20149721138725, 22.32032647389383, -12.566554663698653]]}}, {"id": "588", "type": "Feature", "properties": {"location_uid": "AC2(B)_GE/99/08.7-zkzp92UW2YtM", "HOLE_ID": "AC2(B)", "HOLE_TYPE": "VC", "HOLE_STAR": "17/06/2000", "HOLE_ENDD": "17/06/2000", "HOLE_REM": "1. Sub-samples were taken at A) 0.00m to 1.00m, B) 1.00m-2.00m and C) 2.00m-3.00m.  2. Third attempt required due to low core recovery.  3. Sub-samples were stored under chilled conditions before delivered to laboratory."}, "geometry": {"type": "LineString", "coordinates": [[114.2026555709661, 22.31846102606796, -4.157431141592486], [114.20265557335433, 22.31846102484516, -10.157431128229721]]}}, {"id": "589", "type": "Feature", "properties": {"location_uid": "AC3_GE/99/08.7-zkzp92UW2YtM", "HOLE_ID": "AC3", "HOLE_TYPE": "VC", "HOLE_STAR": "17/06/2000", "HOLE_ENDD": "17/06/2000", "HOLE_REM": "1. Sub-samples were taken at A) 0.20m to 1.20m, B) 1.20m-2.20m and C) 2.20m-3.20m.  2. Sub-samples were stored under chilled conditions before delivered to laboratory."}, "geometry": {"type": "LineString", "coordinates": [[114.2041907866055, 22.318624137176343, -6.950822858614282], [114.20419078899378, 22.31862413595352, -12.95082284524258]]}}, {"id": "590", "type": "Feature", "properties": {"location_uid": "AC4(A)_GE/99/08.7-zkzp92UW2YtM", "HOLE_ID": "AC4(A)", "HOLE_TYPE": "VC", "HOLE_STAR": "19/06/2000", "HOLE_ENDD": "19/06/2000", "HOLE_REM": "1. Sub-samples were taken at A) 0.25m to 1.25m, B) 1.45m-2.45m and C) 2.65m-3.65m.  2. Second attempt required due to low core recovery.  3. Sub-samples were stored under chilled conditions before delivered to laboratory."}, "geometry": {"type": "LineString", "coordinates": [[114.20535815218089, 22.31688726216623, -6.891888666829762], [114.2053581545692, 22.316887260943368, -12.891888653425935]]}}, {"id": "591", "type": "Feature", "properties": {"location_uid": "AC5_GE/99/08.7-zkzp92UW2YtM", "HOLE_ID": "AC5", "HOLE_TYPE": "VC", "HOLE_STAR": "16/06/2000", "HOLE_ENDD": "16/06/2000", "HOLE_REM": "1. Sub-samples were taken at A) 0.00m to 0.75m, B) 0.75m-1.50m and C) 1.50m-2.25m.  2. Sub-samples were stored under chilledconditions before delivered to laboratory."}, "geometry": {"type": "LineString", "coordinates": [[114.20645005889257, 22.315073090588143, -5.333111358917225], [114.2064500632711, 22.315073088346143, -16.3331113342842]]}}, {"id": "592", "type": "Feature", "properties": {"location_uid": "AC6_GE/99/08.7-zkzp92UW2YtM", "HOLE_ID": "AC6", "HOLE_TYPE": "VC", "HOLE_STAR": "17/06/2000", "HOLE_ENDD": "17/06/2000", "HOLE_REM": "1. Sub-samples were taken at A) 0.25m to 0.85m, B) 0.85m-1.45m and C) 1.45m-2.05m.  2. Sub-samples were stored under chilled conditions before delivered to laboratory."}, "geometry": {"type": "LineString", "coordinates": [[114.20803783424256, 22.315180256337218, -8.2261194954621], [114.20803783623286, 22.3151802553181, -13.226119484256825]]}}, {"id": "593", "type": "Feature", "properties": {"location_uid": "AC7(B)_GE/99/08.7-zkzp92UW2YtM", "HOLE_ID": "AC7(B)", "HOLE_TYPE": "VC", "HOLE_STAR": "17/06/2000", "HOLE_ENDD": "17/06/2000", "HOLE_REM": "1. Sub-samples were taken at A) 0.65m to 1.45m, B) 1.45m-2.25m and C) 2.25m-3.05m.  2. Third attempt required due to low core recovery.  3. Sub-samples were stored under chilled conditions before delivered to laboratory."}, "geometry": {"type": "LineString", "coordinates": [[114.20920960675667, 22.313523905026724, -8.21779488072297], [114.20920960874697, 22.313523904007578, -13.217794870675817]]}}, {"id": "594", "type": "Feature", "properties": {"location_uid": "KB1_GE/99/08.7-zkzp92UW2YtM", "HOLE_ID": "KB1", "HOLE_TYPE": "VC", "HOLE_STAR": "21/06/2000", "HOLE_ENDD": "21/06/2000", "HOLE_REM": "1. Sub-samples were taken at A) 0.00m to 0.90m, B) 0.90m-1.80m and C) 1.80m-2.70m.  2. Sub-samples were stored under chilled conditions before delivered to laboratory."}, "geometry": {"type": "LineString", "coordinates": [[114.19341917273262, 22.309666247698313, -10.081361090004528], [114.19341917512045, 22.30966624647551, -16.08136107658775]]}}, {"id": "595", "type": "Feature", "properties": {"location_uid": "KB2(A)_GE/99/08.7-zkzp92UW2YtM", "HOLE_ID": "KB2(A)", "HOLE_TYPE": "VC", "HOLE_STAR": "21/06/2000", "HOLE_ENDD": "21/06/2000", "HOLE_REM": "1. Sub-samples were taken at A) 0.00m to 0.74m, B) 0.74m-1.48m and C) 1.48m-2.22m.  2. Second attempt required due to low core recovery.  2. Sub-samples were stored under chilled conditions before delivered to laboratory."}, "geometry": {"type": "LineString", "coordinates": [[114.1941556575372, 22.313196685194676, -8.985183782268571], [114.1941556597261, 22.313196684073805, -14.485183770009446]]}}, {"id": "596", "type": "Feature", "properties": {"location_uid": "KB3_GE/99/08.7-zkzp92UW2YtM", "HOLE_ID": "KB3", "HOLE_TYPE": "VC", "HOLE_STAR": "21/06/2000", "HOLE_ENDD": "21/06/2000", "HOLE_REM": "1. Sub-samples were taken at A) 0.05m to 0.51m, B) 0.51m-0.97m and C) 0.97m-1.43m.  2. Sub-samples were stored under chilled conditions before delivered to laboratory."}, "geometry": {"type": "LineString", "coordinates": [[114.19413007703844, 22.315901804060626, -8.890812108870652], [114.19413007863041, 22.31590180324548, -12.890812099979547]]}}, {"id": "597", "type": "Feature", "properties": {"location_uid": "KB4_GE/99/08.7-zkzp92UW2YtM", "HOLE_ID": "KB4", "HOLE_TYPE": "VC", "HOLE_STAR": "22/06/2000", "HOLE_ENDD": "22/06/2000", "HOLE_REM": "1. Sub-samples were taken at A) 0.10m to 0.63m, B) 0.63m-1.16m and C) 1.16m-1.69m.  2. Sub-samples were stored under chilled conditions before delivered to laboratory.  3. Original location changed due to obstruction of moored barges as agreed by EML on site."}, "geometry": {"type": "LineString", "coordinates": [[114.19805468782401, 22.31335344448572, -9.267738071994462], [114.19805468961503, 22.313353443568605, -13.767738061944582]]}}, {"id": "598", "type": "Feature", "properties": {"location_uid": "KB5(A)_GE/99/08.7-zkzp92UW2YtM", "HOLE_ID": "KB5(A)", "HOLE_TYPE": "VC", "HOLE_STAR": "22/06/2000", "HOLE_ENDD": "22/06/2000", "HOLE_REM": "1. Sub-samples were taken at A) 0.10m to 0.43m, B) 0.43m-0.76m and C) 0.76m-1.09m.  2. Second attempt required due to low core recovery.  3. Sub-samples were stored under chilled conditions before delivered to laboratory."}, "geometry": {"type": "LineString", "coordinates": [[114.19632329486286, 22.31531104456527, -8.179640044872333], [114.19632329725086, 22.31531104334251, -14.17964003151207]]}}, {"id": "599", "type": "Feature", "properties": {"location_uid": "KB6(A)_GE/99/08.7-zkzp92UW2YtM", "HOLE_ID": "KB6(A)", "HOLE_TYPE": "VC", "HOLE_STAR": "20/06/2000", "HOLE_ENDD": "20/06/2000", "HOLE_REM": "1. Sub-samples were taken at A) 0.10m to 0.70m, B) 0.70m-1.30m and C) 1.30m-1.90m.  2. Second attempt required due to low core recovery.  3. Sub-samples were stored under chilled conditions before delivered to laboratory."}, "geometry": {"type": "LineString", "coordinates": [[114.19708908397084, 22.318757749711896, -4.083240587482237], [114.1970890863589, 22.318757748489187, -10.083240574163325]]}}, {"id": "600", "type": "Feature", "properties": {"location_uid": "KB7_GE/99/08.7-zkzp92UW2YtM", "HOLE_ID": "KB7", "HOLE_TYPE": "VC", "HOLE_STAR": "20/06/2000", "HOLE_ENDD": "20/06/2000", "HOLE_REM": "1. Sub-samples were taken at A) 0.00m to 0.55m, B) 0.55m-1.10m and C) 1.10m-1.65m.  2. Sub-samples were stored under chilled conditions before delivered to laboratory."}, "geometry": {"type": "LineString", "coordinates": [[114.20008466826297, 22.31609404386599, -6.364166324771119], [114.2000846706511, 22.31609404264319, -12.364166311394335]]}}, {"id": "601", "type": "Feature", "properties": {"location_uid": "KT1_GE/99/08.7-zkzp92UW2YtM", "HOLE_ID": "KT1", "HOLE_TYPE": "VC", "HOLE_STAR": "19/06/2000", "HOLE_ENDD": "19/06/2000", "HOLE_REM": "1. Sub-samples were taken at A) 0.30m to 0.60m, B) 0.60m-0.90m and C) 0.90m-1.20m.  2. Sub-samples were stored under chilled conditions before delivered to laboratory."}, "geometry": {"type": "LineString", "coordinates": [[114.21226724634613, 22.313522362736265, -7.8556771485571515], [114.21226724873456, 22.313522361513236, -13.855677136491447]]}}, {"id": "602", "type": "Feature", "properties": {"location_uid": "KT2_GE/99/08.7-zkzp92UW2YtM", "HOLE_ID": "KT2", "HOLE_TYPE": "VC", "HOLE_STAR": "19/06/2000", "HOLE_ENDD": "19/06/2000", "HOLE_REM": "1. Sub-samples were taken at A) 0.35m to 0.92m, B) 0.92m-1.49m and C) 1.49m-2.05m.  2. Sub-samples were stored under chilled conditions before delivered to laboratory."}, "geometry": {"type": "LineString", "coordinates": [[114.21380443886925, 22.312146026984824, -7.696652947042429], [114.21380444125771, 22.31214602576175, -13.696652934964638]]}}, {"id": "603", "type": "Feature", "properties": {"location_uid": "KT3_GE/99/08.7-zkzp92UW2YtM", "HOLE_ID": "KT3", "HOLE_TYPE": "VC", "HOLE_STAR": "20/06/2000", "HOLE_ENDD": "20/06/2000", "HOLE_REM": "1. Sub-samples were taken at A) 0.10m to 1.10m, B) 1.40m-2.40m and C) 2.70m-3.70m.  2. Sub-samples were stored under chilledconditions before delivered to laboratory."}, "geometry": {"type": "LineString", "coordinates": [[114.22342700514292, 22.303613146799286, -12.240116550171074], [114.22342700693439, 22.303613145881776, -16.740116541055464]]}}, {"id": "604", "type": "Feature", "properties": {"location_uid": "KT4_GE/99/08.7-zkzp92UW2YtM", "HOLE_ID": "KT4", "HOLE_TYPE": "VC", "HOLE_STAR": "19/06/2000", "HOLE_ENDD": "19/06/2000", "HOLE_REM": "1. Sub-samples were taken at A) 0.00m to 1.00m, B) 1.40m-2.40m and C) 2.80m-3.80m.  2. Sub-samples were stored under chilled conditions before delivered to laboratory."}, "geometry": {"type": "LineString", "coordinates": [[114.22194810414143, 22.302182935901488, -10.042934390473782], [114.22194810652996, 22.30218293467815, -16.04293437831613]]}}, {"id": "605", "type": "Feature", "properties": {"location_uid": "BH 1_J3573-i9EY2Dvl1CqO", "HOLE_ID": "BH 1", "HOLE_TYPE": "RCG", "HOLE_STAR": "05/08/2016", "HOLE_ENDD": "10/08/2016", "HOLE_REM": "1. Inspection pit was dug to 0.50m depth."}, "geometry": {"type": "LineString", "coordinates": [[114.19508837644516, 22.32530155538871, 3.764336412832416], [114.19508839190439, 22.325301547474524, -35.075663501618905]]}}, {"id": "606", "type": "Feature", "properties": {"location_uid": "BH 2_J3573-i9EY2Dvl1CqO", "HOLE_ID": "BH 2", "HOLE_TYPE": "RCG", "HOLE_STAR": "15/08/2016", "HOLE_ENDD": "06/09/2016", "HOLE_REM": "1. Inspection pit was dug to 0.80m depth."}, "geometry": {"type": "LineString", "coordinates": [[114.19449441300536, 22.325059872268906, 3.3121636965346557], [114.19449443033913, 22.325059863395015, -40.237836207549705]]}}, {"id": "607", "type": "Feature", "properties": {"location_uid": "BH 3_J3573-i9EY2Dvl1CqO", "HOLE_ID": "BH 3", "HOLE_TYPE": "RCG", "HOLE_STAR": "16/08/2016", "HOLE_ENDD": "20/08/2016", "HOLE_REM": "1. Inspection pit was dug to 0.30m depth."}, "geometry": {"type": "LineString", "coordinates": [[114.19369816047536, 22.323920838607812, 3.2109070789178666], [114.19369819234045, 22.32392082229436, -76.84909274462379]]}}, {"id": "608", "type": "Feature", "properties": {"location_uid": "BH 4_J3573-i9EY2Dvl1CqO", "HOLE_ID": "BH 4", "HOLE_TYPE": "RCG", "HOLE_STAR": "08/09/2016", "HOLE_ENDD": "22/09/2016", "HOLE_REM": "1. Inspection pit was dug to 0.50m depth."}, "geometry": {"type": "LineString", "coordinates": [[114.19401829035516, 22.324058340917425, 3.5120662469808352], [114.19401832092285, 22.324058325268226, -73.28793358374084]]}}, {"id": "609", "type": "Feature", "properties": {"location_uid": "BH 5_J3573-i9EY2Dvl1CqO", "HOLE_ID": "BH 5", "HOLE_TYPE": "RCG", "HOLE_STAR": "23/08/2016", "HOLE_ENDD": "13/09/2016", "HOLE_REM": "1. Inspection pit was dug to 0.40m depth."}, "geometry": {"type": "LineString", "coordinates": [[114.19473896916213, 22.323954140210223, 3.4855183931845555], [114.19473899348907, 22.32395412775598, -57.6344814720313]]}}, {"id": "610", "type": "Feature", "properties": {"location_uid": "BH 6_J3573-i9EY2Dvl1CqO", "HOLE_ID": "BH 6", "HOLE_TYPE": "RCG", "HOLE_STAR": "12/08/2016", "HOLE_ENDD": "01/09/2016", "HOLE_REM": "1. Inspection pit was dug to 0.80m depth."}, "geometry": {"type": "LineString", "coordinates": [[114.19479451822716, 22.324939732497455, 3.4437562024974664], [114.19479453774612, 22.324939722504848, -45.5962436894645]]}}, {"id": "611", "type": "Feature", "properties": {"location_uid": "BH 7_J3573-i9EY2Dvl1CqO", "HOLE_ID": "BH 7", "HOLE_TYPE": "RCG", "HOLE_STAR": "12/08/2016", "HOLE_ENDD": "24/08/2016", "HOLE_REM": "1. Inspection pit was dug to 0.80m depth."}, "geometry": {"type": "LineString", "coordinates": [[114.19425482393265, 22.324768842326616, 3.2316812993064508], [114.19425485760917, 22.3247688250861, -81.37831851431314]]}}, {"id": "612", "type": "Feature", "properties": {"location_uid": "BH 8_J3573-i9EY2Dvl1CqO", "HOLE_ID": "BH 8", "HOLE_TYPE": "RCG", "HOLE_STAR": "30/08/2016", "HOLE_ENDD": "02/09/2016", "HOLE_REM": "1. Inspection pit was dug to 0.50m depth.  2. Standpipe was installed at 10.00m depth."}, "geometry": {"type": "LineString", "coordinates": [[114.19585937435347, 22.32616704845039, 3.5260245529625713], [114.19585938873027, 22.326167041090457, -32.59397536751774]]}}, {"id": "613", "type": "Feature", "properties": {"location_uid": "BH 9_J3573-i9EY2Dvl1CqO", "HOLE_ID": "BH 9", "HOLE_TYPE": "RCG", "HOLE_STAR": "04/11/2016", "HOLE_ENDD": "11/11/2016", "HOLE_REM": "1. Inspection pit was dug to 0.40m depth."}, "geometry": {"type": "LineString", "coordinates": [[114.19644894788154, 22.32689086974473, 2.4471831756192897], [114.19644896836841, 22.32689085925702, -49.02281671111582]]}}, {"id": "614", "type": "Feature", "properties": {"location_uid": "BH10_J3573-i9EY2Dvl1CqO", "HOLE_ID": "BH10", "HOLE_TYPE": "RCG", "HOLE_STAR": "16/08/2016", "HOLE_ENDD": "26/08/2016", "HOLE_REM": "1. Inspection pit was dug to 0.40m depth."}, "geometry": {"type": "LineString", "coordinates": [[114.1940304643735, 22.323601482067705, 3.2930515710777675], [114.19403049328136, 22.323601467268134, -69.33694826875887]]}}, {"id": "615", "type": "Feature", "properties": {"location_uid": "BH11_J3573-i9EY2Dvl1CqO", "HOLE_ID": "BH11", "HOLE_TYPE": "RCG", "HOLE_STAR": "20/09/2016", "HOLE_ENDD": "29/09/2016", "HOLE_REM": "1. Inspection pit was dug to 0.50m depth.  2. Piezometers were installed at 10.00m and 16.00m depths."}, "geometry": {"type": "LineString", "coordinates": [[114.19430148628378, 22.323788476660248, 3.6138893409102795], [114.19430151374695, 22.32378846260034, -65.38611050693831]]}}, {"id": "616", "type": "Feature", "properties": {"location_uid": "BH12_J3573-i9EY2Dvl1CqO", "HOLE_ID": "BH12", "HOLE_TYPE": "RCG", "HOLE_STAR": "23/08/2016", "HOLE_ENDD": "27/08/2016", "HOLE_REM": "1. Inspection pit was dug to 0.50m depth."}, "geometry": {"type": "LineString", "coordinates": [[114.19516362469287, 22.324740205495562, 3.505821206239224], [114.19516363358066, 22.32474020094549, -18.824178744546533]]}}, {"id": "617", "type": "Feature", "properties": {"location_uid": "BH13_J3573-i9EY2Dvl1CqO", "HOLE_ID": "BH13", "HOLE_TYPE": "RCG", "HOLE_STAR": "01/08/2016", "HOLE_ENDD": "05/08/2016", "HOLE_REM": "1. Inspection pit was dug to 0.65m depth."}, "geometry": {"type": "LineString", "coordinates": [[114.1953472095817, 22.32502844100079, 3.496056413659566], [114.19534722217514, 22.32502843455367, -28.14394351662147]]}}, {"id": "618", "type": "Feature", "properties": {"location_uid": "BH14_J3573-i9EY2Dvl1CqO", "HOLE_ID": "BH14", "HOLE_TYPE": "RCG", "HOLE_STAR": "15/08/2016", "HOLE_ENDD": "22/08/2016", "HOLE_REM": "1. Inspection pit was dug to 0.50m depth."}, "geometry": {"type": "LineString", "coordinates": [[114.19563169578183, 22.325700554960672, 3.8459583812392264], [114.19563171535283, 22.32570054494158, -45.32404151047223]]}}, {"id": "619", "type": "Feature", "properties": {"location_uid": "BH15_J3573-i9EY2Dvl1CqO", "HOLE_ID": "BH15", "HOLE_TYPE": "RCG", "HOLE_STAR": "23/08/2016", "HOLE_ENDD": "29/08/2016", "HOLE_REM": "1. Inspection pit was dug to 0.50m depth."}, "geometry": {"type": "LineString", "coordinates": [[114.19615247152916, 22.32589627674897, 3.337893334267818], [114.19615248983061, 22.325896267379857, -42.642106564460846]]}}, {"id": "620", "type": "Feature", "properties": {"location_uid": "BH16_J3573-i9EY2Dvl1CqO", "HOLE_ID": "BH16", "HOLE_TYPE": "RCG", "HOLE_STAR": "04/11/2016", "HOLE_ENDD": "16/11/2016", "HOLE_REM": "1. Inspection pit was dug to 0.50m depth."}, "geometry": {"type": "LineString", "coordinates": [[114.19676251469177, 22.3265401738142, 2.33930741974612], [114.19676253564042, 22.326540163090037, -50.290692464374324]]}}, {"id": "621", "type": "Feature", "properties": {"location_uid": "BH17_J3573-i9EY2Dvl1CqO", "HOLE_ID": "BH17", "HOLE_TYPE": "RCG", "HOLE_STAR": "01/08/2016", "HOLE_ENDD": "11/08/2016", "HOLE_REM": "1. Inspection pit was dug to 2.00m depth."}, "geometry": {"type": "LineString", "coordinates": [[114.19439526993979, 22.323179624061275, 3.0855525233201946], [114.19439529742277, 22.323179609991055, -65.9644473243151]]}}, {"id": "622", "type": "Feature", "properties": {"location_uid": "BH18_J3573-i9EY2Dvl1CqO", "HOLE_ID": "BH18", "HOLE_TYPE": "RCG", "HOLE_STAR": "12/08/2016", "HOLE_ENDD": "27/08/2016", "HOLE_REM": "1. Inspection pit was dug to 0.40m depth."}, "geometry": {"type": "LineString", "coordinates": [[114.19461883869013, 22.323451420531875, 3.5360040426528787], [114.1946188611502, 22.32345140903324, -52.8939958328496]]}}, {"id": "623", "type": "Feature", "properties": {"location_uid": "BH19_J3573-i9EY2Dvl1CqO", "HOLE_ID": "BH19", "HOLE_TYPE": "RCG", "HOLE_STAR": "26/07/2016", "HOLE_ENDD": "29/07/2016", "HOLE_REM": "1. Inspection pit was dug to 0.60m depth."}, "geometry": {"type": "LineString", "coordinates": [[114.19524950374608, 22.323831266896647, 2.998064709736421], [114.19524952010869, 22.323831258519736, -38.11193519957008]]}}, {"id": "624", "type": "Feature", "properties": {"location_uid": "BH20_J3573-i9EY2Dvl1CqO", "HOLE_ID": "BH20", "HOLE_TYPE": "RCG", "HOLE_STAR": "26/07/2016", "HOLE_ENDD": "30/07/2016", "HOLE_REM": "1. Inspection pit was dug to 1.00m depth."}, "geometry": {"type": "LineString", "coordinates": [[114.19572173272407, 22.32469227927519, 3.3784258269291803], [114.19572174540512, 22.32469227278318, -28.48157410282805]]}}, {"id": "625", "type": "Feature", "properties": {"location_uid": "BH21_J3573-i9EY2Dvl1CqO", "HOLE_ID": "BH21", "HOLE_TYPE": "RCG", "HOLE_STAR": "23/08/2016", "HOLE_ENDD": "25/08/2016", "HOLE_REM": "1. Inspection pit was dug to 1.00m depth.  2. Standpipe was installed at 10.00m depth.  3. Piezometer was installed at 18.00m depth."}, "geometry": {"type": "LineString", "coordinates": [[114.1958895206328, 22.32515263905543, 3.5782367984836703], [114.19588953482247, 22.32515263179117, -32.07176312294815]]}}, {"id": "626", "type": "Feature", "properties": {"location_uid": "BH22_J3573-i9EY2Dvl1CqO", "HOLE_ID": "BH22", "HOLE_TYPE": "RCG", "HOLE_STAR": "11/08/2016", "HOLE_ENDD": "16/08/2016", "HOLE_REM": "1. Inspection pit was dug to 0.50m depth."}, "geometry": {"type": "LineString", "coordinates": [[114.19613929684566, 22.32538135431753, 3.7488893416865836], [114.19613931360267, 22.32538134573898, -38.351110565539145]]}}, {"id": "627", "type": "Feature", "properties": {"location_uid": "BH23_J3573-i9EY2Dvl1CqO", "HOLE_ID": "BH23", "HOLE_TYPE": "RCG", "HOLE_STAR": "03/11/2016", "HOLE_ENDD": "23/11/2016", "HOLE_REM": "1. Inspection pit was dug to 0.50m depth."}, "geometry": {"type": "LineString", "coordinates": [[114.19664040228935, 22.325816658194352, 2.40024483289859], [114.19664042477827, 22.32581664668152, -54.09975504261626]]}}, {"id": "628", "type": "Feature", "properties": {"location_uid": "BH24_J3573-i9EY2Dvl1CqO", "HOLE_ID": "BH24", "HOLE_TYPE": "RCG", "HOLE_STAR": "15/08/2016", "HOLE_ENDD": "29/08/2016", "HOLE_REM": "1. Inspection pit was dug to 2.00m depth."}, "geometry": {"type": "LineString", "coordinates": [[114.19476645113815, 22.323298155163297, 3.556980917946258], [114.19476647427092, 22.323298143320255, -54.56301895379717]]}}, {"id": "629", "type": "Feature", "properties": {"location_uid": "BH25_J3573-i9EY2Dvl1CqO", "HOLE_ID": "BH25", "HOLE_TYPE": "RCG", "HOLE_STAR": "19/07/2016", "HOLE_ENDD": "22/07/2016", "HOLE_REM": "1. Inspection pit was dug to 2.00m depth."}, "geometry": {"type": "LineString", "coordinates": [[114.19514862909439, 22.323627999718003, 2.798026491467645], [114.1951486492342, 22.323627989407306, -47.80197339688548]]}}, {"id": "630", "type": "Feature", "properties": {"location_uid": "BH26_J3573-i9EY2Dvl1CqO", "HOLE_ID": "BH26", "HOLE_TYPE": "RCG", "HOLE_STAR": "08/07/2016", "HOLE_ENDD": "15/07/2016", "HOLE_REM": "1. Inspection pit was dug to 0.90m depth."}, "geometry": {"type": "LineString", "coordinates": [[114.1955388642984, 22.323954230336884, 2.749114236848638], [114.19553887995657, 22.323954222320637, -36.59088567636015]]}}, {"id": "631", "type": "Feature", "properties": {"location_uid": "BH27_J3573-i9EY2Dvl1CqO", "HOLE_ID": "BH27", "HOLE_TYPE": "RCG", "HOLE_STAR": "08/07/2016", "HOLE_ENDD": "16/07/2016", "HOLE_REM": "1. Inspection pit was dug to 0.50m depth."}, "geometry": {"type": "LineString", "coordinates": [[114.19618308376353, 22.32475516791279, 2.6703690626439127], [114.19618309960103, 22.324755159804862, -37.119630849613564]]}}, {"id": "632", "type": "Feature", "properties": {"location_uid": "BH28_J3573-i9EY2Dvl1CqO", "HOLE_ID": "BH28", "HOLE_TYPE": "RCG", "HOLE_STAR": "19/07/2016", "HOLE_ENDD": "23/07/2016", "HOLE_REM": "1. Inspection pit was dug to 0.45m depth."}, "geometry": {"type": "LineString", "coordinates": [[114.19674170427548, 22.324901937688132, 2.9725766084799896], [114.19674172848777, 22.32490192529283, -57.857423257361084]]}}, {"id": "633", "type": "Feature", "properties": {"location_uid": "BH29_J3573-i9EY2Dvl1CqO", "HOLE_ID": "BH29", "HOLE_TYPE": "RCG", "HOLE_STAR": "06/07/2016", "HOLE_ENDD": "18/07/2016", "HOLE_REM": "1. Inspection pit was dug to 0.50m depth."}, "geometry": {"type": "LineString", "coordinates": [[114.19666963550178, 22.325252333403725, 3.3215339718325083], [114.19666965737362, 22.325252322206648, -51.628465907025046]]}}, {"id": "634", "type": "Feature", "properties": {"location_uid": "BH30_J3573-i9EY2Dvl1CqO", "HOLE_ID": "BH30", "HOLE_TYPE": "RCG", "HOLE_STAR": "03/11/2016", "HOLE_ENDD": "11/11/2016", "HOLE_REM": "1. Inspection pit was dug to 0.50m depth."}, "geometry": {"type": "LineString", "coordinates": [[114.19692642518076, 22.3256417005293, 2.461886916389514], [114.19692645102121, 22.325641687300653, -62.458112940525695]]}}, {"id": "635", "type": "Feature", "properties": {"location_uid": "BH31_J3573-i9EY2Dvl1CqO", "HOLE_ID": "BH31", "HOLE_TYPE": "RCG", "HOLE_STAR": "26/07/2016", "HOLE_ENDD": "05/08/2016", "HOLE_REM": "1. Inspection pit was dug to 1.80m depth."}, "geometry": {"type": "LineString", "coordinates": [[114.19649648138305, 22.324611995373076, 2.6720702007471004], [114.19649650008245, 22.324611985799983, -44.3079296956229]]}}, {"id": "636", "type": "Feature", "properties": {"location_uid": "BH32_J3573-i9EY2Dvl1CqO", "HOLE_ID": "BH32", "HOLE_TYPE": "RCG", "HOLE_STAR": "19/07/2016", "HOLE_ENDD": "29/07/2016", "HOLE_REM": "1. Inspection pit was dug to 0.50m depth."}, "geometry": {"type": "LineString", "coordinates": [[114.19702169615233, 22.324649949665236, 3.0643514305317967], [114.1970217137135, 22.324649940674885, -41.05564847212302]]}}, {"id": "637", "type": "Feature", "properties": {"location_uid": "BH33_J3573-i9EY2Dvl1CqO", "HOLE_ID": "BH33", "HOLE_TYPE": "RCG", "HOLE_STAR": "19/07/2016", "HOLE_ENDD": "30/07/2016", "HOLE_REM": "1. Inspection pit was dug to 0.65m depth."}, "geometry": {"type": "LineString", "coordinates": [[114.19710852965348, 22.32505748926508, 3.0539041356120347], [114.19710855642528, 22.325057475559483, -64.20609571604206]]}}, {"id": "638", "type": "Feature", "properties": {"location_uid": "BH34_J3573-i9EY2Dvl1CqO", "HOLE_ID": "BH34", "HOLE_TYPE": "RCG", "HOLE_STAR": "16/08/2016", "HOLE_ENDD": "22/08/2016", "HOLE_REM": "1. Inspection pit was dug to 0.45m depth."}, "geometry": {"type": "LineString", "coordinates": [[114.19521223108772, 22.32234573910954, 3.2709331225172855], [114.19521225400553, 22.322345727376327, -54.30906675026239]]}}, {"id": "639", "type": "Feature", "properties": {"location_uid": "BH35_J3573-i9EY2Dvl1CqO", "HOLE_ID": "BH35", "HOLE_TYPE": "RCG", "HOLE_STAR": "05/08/2016", "HOLE_ENDD": "11/08/2016", "HOLE_REM": "1. Inspection pit was dug to 1.50m depth."}, "geometry": {"type": "LineString", "coordinates": [[114.19560722356778, 22.322707278719164, 3.381972793325853], [114.19560724229059, 22.322707269133723, -43.6580271027583]]}}, {"id": "640", "type": "Feature", "properties": {"location_uid": "BH36_J3573-i9EY2Dvl1CqO", "HOLE_ID": "BH36", "HOLE_TYPE": "RCG", "HOLE_STAR": "08/08/2016", "HOLE_ENDD": "10/08/2016", "HOLE_REM": "1. Inspection pit was dug to 2.00m depth."}, "geometry": {"type": "LineString", "coordinates": [[114.19597908923978, 22.322861026038638, 2.693332324123353], [114.19597910553478, 22.32286101769619, -38.246667585432114]]}}, {"id": "641", "type": "Feature", "properties": {"location_uid": "BH37_J3573-i9EY2Dvl1CqO", "HOLE_ID": "BH37", "HOLE_TYPE": "RCG", "HOLE_STAR": "08/08/2016", "HOLE_ENDD": "06/09/2016", "HOLE_REM": "1. Inspection pit was dug to 2.00m depth."}, "geometry": {"type": "LineString", "coordinates": [[114.19631012703825, 22.323264383000005, 2.393995733521887], [114.19631014344479, 22.32326437460051, -38.82600417543674]]}}, {"id": "642", "type": "Feature", "properties": {"location_uid": "BH38_J3573-i9EY2Dvl1CqO", "HOLE_ID": "BH38", "HOLE_TYPE": "RCG", "HOLE_STAR": "06/09/2016", "HOLE_ENDD": "13/09/2016", "HOLE_REM": "1. Inspection pit was dug to 1.00m depth."}, "geometry": {"type": "LineString", "coordinates": [[114.19644421508984, 22.323585404262175, 2.2239407312543813], [114.19644424123227, 22.323585390878392, -63.45605912371675]]}}, {"id": "643", "type": "Feature", "properties": {"location_uid": "BH39_J3573-i9EY2Dvl1CqO", "HOLE_ID": "BH39", "HOLE_TYPE": "RCG", "HOLE_STAR": "19/07/2016", "HOLE_ENDD": "05/08/2016", "HOLE_REM": "1. Inspection pit was dug to 0.95m depth."}, "geometry": {"type": "LineString", "coordinates": [[114.1973092149718, 22.324768033671766, 2.9554001142701924], [114.1973092436104, 22.32476801901038, -68.99459972697514]]}}, {"id": "644", "type": "Feature", "properties": {"location_uid": "BH40_J3573-i9EY2Dvl1CqO", "HOLE_ID": "BH40", "HOLE_TYPE": "RCG", "HOLE_STAR": "16/08/2016", "HOLE_ENDD": "19/08/2016", "HOLE_REM": "1. Inspection pit was dug to 0.45m depth."}, "geometry": {"type": "LineString", "coordinates": [[114.19535246855826, 22.322219385203244, 3.381823201864225], [114.19535249149199, 22.322219373461838, -54.23817667080101]]}}, {"id": "645", "type": "Feature", "properties": {"location_uid": "BH41_J3573-i9EY2Dvl1CqO", "HOLE_ID": "BH41", "HOLE_TYPE": "RCG", "HOLE_STAR": "12/08/2016", "HOLE_ENDD": "16/08/2016", "HOLE_REM": "1. Inspection pit was dug to 0.50m depth."}, "geometry": {"type": "LineString", "coordinates": [[114.1958652805938, 22.32248030987158, 3.32359947141076], [114.19586529871165, 22.322480300595814, -42.19640042799378]]}}, {"id": "646", "type": "Feature", "properties": {"location_uid": "BH42_J3573-i9EY2Dvl1CqO", "HOLE_ID": "BH42", "HOLE_TYPE": "RCG", "HOLE_STAR": "16/08/2016", "HOLE_ENDD": "31/08/2016", "HOLE_REM": "1. Inspection pit was dug to 1.00m depth."}, "geometry": {"type": "LineString", "coordinates": [[114.19622413655529, 22.322611842919745, 2.6949462015326833], [114.1962241578057, 22.32261183204023, -50.69505368047231]]}}, {"id": "647", "type": "Feature", "properties": {"location_uid": "BH43_J3573-i9EY2Dvl1CqO", "HOLE_ID": "BH43", "HOLE_TYPE": "RCG", "HOLE_STAR": "08/09/2016", "HOLE_ENDD": "13/09/2016", "HOLE_REM": "1. Inspection pit was dug to 0.50m depth."}, "geometry": {"type": "LineString", "coordinates": [[114.19653158770363, 22.32301005478998, 2.2255139078481476], [114.19653160508933, 22.32301004588913, -41.45448599564023]]}}, {"id": "648", "type": "Feature", "properties": {"location_uid": "BH45_J3573-i9EY2Dvl1CqO", "HOLE_ID": "BH45", "HOLE_TYPE": "RCG", "HOLE_STAR": "22/08/2016", "HOLE_ENDD": "01/09/2016", "HOLE_REM": "1. Inspection pit was dug to 0.80m depth."}, "geometry": {"type": "LineString", "coordinates": [[114.19730510119874, 22.32384772684589, 2.6972735125309284], [114.19730511876382, 22.323847717853372, -41.432726390006515]]}}, {"id": "649", "type": "Feature", "properties": {"location_uid": "BH46_J3573-i9EY2Dvl1CqO", "HOLE_ID": "BH46", "HOLE_TYPE": "RCG", "HOLE_STAR": "19/07/2016", "HOLE_ENDD": "11/08/2016", "HOLE_REM": "1. Inspection pit was dug to 1.10m depth."}, "geometry": {"type": "LineString", "coordinates": [[114.1976138780652, 22.324640392691865, 2.9770309628086378], [114.19761390953794, 22.324640376579527, -76.0929688626745]]}}, {"id": "650", "type": "Feature", "properties": {"location_uid": "BH47_J3573-i9EY2Dvl1CqO", "HOLE_ID": "BH47", "HOLE_TYPE": "RCG", "HOLE_STAR": "16/08/2016", "HOLE_ENDD": "23/08/2016", "HOLE_REM": "1. Inspection pit was dug to 0.48m depth."}, "geometry": {"type": "LineString", "coordinates": [[114.19592128096234, 22.321735550459607, 3.455376802442748], [114.19592130325137, 22.32173553904817, -52.5446230737029]]}}, {"id": "651", "type": "Feature", "properties": {"location_uid": "BH48_J3573-i9EY2Dvl1CqO", "HOLE_ID": "BH48", "HOLE_TYPE": "RCG", "HOLE_STAR": "09/08/2016", "HOLE_ENDD": "12/08/2016", "HOLE_REM": "1. Inspection pit was dug to 2.00m depth."}, "geometry": {"type": "LineString", "coordinates": [[114.19629231228093, 22.322189474130898, 3.2561190322210396], [114.19629233507962, 22.32218946245863, -54.023880841127216]]}}, {"id": "652", "type": "Feature", "properties": {"location_uid": "BH49_J3573-i9EY2Dvl1CqO", "HOLE_ID": "BH49", "HOLE_TYPE": "RCG", "HOLE_STAR": "05/08/2016", "HOLE_ENDD": "09/09/2016", "HOLE_REM": "1. Inspection pit was dug to 1.30m depth.  2. Piezometers were installed at 20.00m and 26.00m depths."}, "geometry": {"type": "LineString", "coordinates": [[114.196600265331, 22.322710050288805, 2.566438536236292], [114.19660028430482, 22.32271004057486, -45.10356135839975]]}}, {"id": "653", "type": "Feature", "properties": {"location_uid": "BH50_J3573-i9EY2Dvl1CqO", "HOLE_ID": "BH50", "HOLE_TYPE": "RCG", "HOLE_STAR": "06/09/2016", "HOLE_ENDD": "19/09/2016", "HOLE_REM": "1. Inspection pit was dug to 1.00m depth."}, "geometry": {"type": "LineString", "coordinates": [[114.19688395994518, 22.323265486967685, 2.1765754692528425], [114.19688397410299, 22.32326547971945, -33.39342445216048]]}}, {"id": "654", "type": "Feature", "properties": {"location_uid": "BH51_J3573-i9EY2Dvl1CqO", "HOLE_ID": "BH51", "HOLE_TYPE": "RCG", "HOLE_STAR": "22/08/2016", "HOLE_ENDD": "29/08/2016", "HOLE_REM": "1. Inspection pit was dug to 0.85m depth."}, "geometry": {"type": "LineString", "coordinates": [[114.1976329620327, 22.32373453202595, 3.688980558140256], [114.1976329937401, 22.323734515793202, -75.97101926587534]]}}, {"id": "655", "type": "Feature", "properties": {"location_uid": "BH52_J3573-i9EY2Dvl1CqO", "HOLE_ID": "BH52", "HOLE_TYPE": "RCG", "HOLE_STAR": "23/08/2016", "HOLE_ENDD": "01/09/2016", "HOLE_REM": "1. Inspection pit was dug to 0.50m depth."}, "geometry": {"type": "LineString", "coordinates": [[114.19616624402336, 22.321591934959578, 3.1467754688383396], [114.19616626477608, 22.321591924334662, -48.9932244158124]]}}, {"id": "656", "type": "Feature", "properties": {"location_uid": "BH53_J3573-i9EY2Dvl1CqO", "HOLE_ID": "BH53", "HOLE_TYPE": "RCG", "HOLE_STAR": "05/08/2016", "HOLE_ENDD": "16/08/2016", "HOLE_REM": "1. Inspection pit was dug to 0.80m depth."}, "geometry": {"type": "LineString", "coordinates": [[114.1964535864802, 22.321887742646393, 3.2974644876430195], [114.19645361058839, 22.321887730303626, -57.27253537837757]]}}, {"id": "657", "type": "Feature", "properties": {"location_uid": "BH54_J3573-i9EY2Dvl1CqO", "HOLE_ID": "BH54", "HOLE_TYPE": "RCG", "HOLE_STAR": "05/08/2016", "HOLE_ENDD": "15/08/2016", "HOLE_REM": "1. Inspection pit was dug to 2.00m depth."}, "geometry": {"type": "LineString", "coordinates": [[114.1967895559663, 22.322167378947118, 2.8184048309022196], [114.19678957806859, 22.322167367631387, -52.71159504627991]]}}, {"id": "658", "type": "Feature", "properties": {"location_uid": "BH55_J3573-i9EY2Dvl1CqO", "HOLE_ID": "BH55", "HOLE_TYPE": "RCG", "HOLE_STAR": "19/09/2016", "HOLE_ENDD": "22/09/2016", "HOLE_REM": "1. Inspection pit was dug to 0.70m depth."}, "geometry": {"type": "LineString", "coordinates": [[114.19742501889806, 22.322830596163776, 1.8699043022784019], [114.19742504291915, 22.32283058386584, -58.48009556428808]]}}, {"id": "659", "type": "Feature", "properties": {"location_uid": "BH56_J3573-i9EY2Dvl1CqO", "HOLE_ID": "BH56", "HOLE_TYPE": "RCG", "HOLE_STAR": "22/09/2016", "HOLE_ENDD": "04/10/2016", "HOLE_REM": "1. Inspection pit was dug to 0.70m depth."}, "geometry": {"type": "LineString", "coordinates": [[114.19786240257562, 22.322978280513865, 2.0915693620241806], [114.1978624309434, 22.32297826599062, -69.1784304803849]]}}, {"id": "660", "type": "Feature", "properties": {"location_uid": "BH57_J3573-i9EY2Dvl1CqO", "HOLE_ID": "BH57", "HOLE_TYPE": "RCG", "HOLE_STAR": "22/08/2016", "HOLE_ENDD": "22/11/2016", "HOLE_REM": "1. Inspection pit was dug to 0.80m depth."}, "geometry": {"type": "LineString", "coordinates": [[114.1980524118154, 22.32337424777854, 5.321608950633651], [114.19805244495579, 22.32337423081202, -77.93839086531914]]}}, {"id": "661", "type": "Feature", "properties": {"location_uid": "BH58_J3573-i9EY2Dvl1CqO", "HOLE_ID": "BH58", "HOLE_TYPE": "RCG", "HOLE_STAR": "06/09/2016", "HOLE_ENDD": "03/11/2016", "HOLE_REM": "1. Inspection pit was dug to 0.40m depth."}, "geometry": {"type": "LineString", "coordinates": [[114.1986741681663, 22.32382741000532, 2.9934710815844503], [114.19867419212024, 22.323827397742, -57.18652878540439]]}}, {"id": "662", "type": "Feature", "properties": {"location_uid": "BH59_J3573-i9EY2Dvl1CqO", "HOLE_ID": "BH59", "HOLE_TYPE": "RCG", "HOLE_STAR": "16/08/2016", "HOLE_ENDD": "10/09/2016", "HOLE_REM": "1. Inspection pit was dug to 1.00m depth."}, "geometry": {"type": "LineString", "coordinates": [[114.19658623830986, 22.32166719952655, 3.468514871977949], [114.19658626066274, 22.321667188082404, -52.69148500376056]]}}, {"id": "663", "type": "Feature", "properties": {"location_uid": "BH60_J3573-i9EY2Dvl1CqO", "HOLE_ID": "BH60", "HOLE_TYPE": "RCG", "HOLE_STAR": "07/09/2016", "HOLE_ENDD": "08/10/2016", "HOLE_REM": "1. Inspection pit was dug to 0.50m depth."}, "geometry": {"type": "LineString", "coordinates": [[114.19812442879919, 22.32270416790315, 2.1333135751348484], [114.19812446459044, 22.32270414957927, -87.78668622595089]]}}, {"id": "664", "type": "Feature", "properties": {"location_uid": "BH61_J3573-i9EY2Dvl1CqO", "HOLE_ID": "BH61", "HOLE_TYPE": "RCG", "HOLE_STAR": "04/10/2016", "HOLE_ENDD": "14/10/2016", "HOLE_REM": "1. Inspection pit was dug to 0.50m depth."}, "geometry": {"type": "LineString", "coordinates": [[114.19829065663082, 22.32308216652402, 2.293282878969928], [114.1982906903564, 22.32308214925782, -82.43671693365272]]}}, {"id": "665", "type": "Feature", "properties": {"location_uid": "BH62_J3573-i9EY2Dvl1CqO", "HOLE_ID": "BH62", "HOLE_TYPE": "RCG", "HOLE_STAR": "06/09/2016", "HOLE_ENDD": "08/11/2016", "HOLE_REM": "1. Inspection pit was dug to 0.60m depth."}, "geometry": {"type": "LineString", "coordinates": [[114.1986699198105, 22.32334653159886, 2.5444442766486617], [114.19866995019672, 22.323346516042363, -73.79555555453965]]}}, {"id": "666", "type": "Feature", "properties": {"location_uid": "BH63_J3573-i9EY2Dvl1CqO", "HOLE_ID": "BH63", "HOLE_TYPE": "RCG", "HOLE_STAR": "10/09/2016", "HOLE_ENDD": "29/10/2016", "HOLE_REM": "1. Inspection pit was dug to 0.50m depth."}, "geometry": {"type": "LineString", "coordinates": [[114.19923897680034, 22.32383103549595, 3.166003165638629], [114.19923900136347, 22.323831022920775, -58.543996697927824]]}}, {"id": "667", "type": "Feature", "properties": {"location_uid": "BH64_J3573-i9EY2Dvl1CqO", "HOLE_ID": "BH64", "HOLE_TYPE": "RCG", "HOLE_STAR": "13/09/2016", "HOLE_ENDD": "17/09/2016", "HOLE_REM": "1. Inspection pit was dug to 0.80m depth."}, "geometry": {"type": "LineString", "coordinates": [[114.19679308234582, 22.32102961432906, 3.140756286743055], [114.19679310252546, 22.32102960399743, -47.559243600990825]]}}, {"id": "668", "type": "Feature", "properties": {"location_uid": "BH65_J3573-i9EY2Dvl1CqO", "HOLE_ID": "BH65", "HOLE_TYPE": "RCG", "HOLE_STAR": "06/09/2016", "HOLE_ENDD": "14/09/2016", "HOLE_REM": "1. Inspection pit was dug to 1.00m depth."}, "geometry": {"type": "LineString", "coordinates": [[114.19694171635672, 22.321266739348268, 3.3209400129484847], [114.19694173637323, 22.321266729100206, -46.96905987571122]]}}, {"id": "669", "type": "Feature", "properties": {"location_uid": "BH66_J3573-i9EY2Dvl1CqO", "HOLE_ID": "BH66", "HOLE_TYPE": "RCG", "HOLE_STAR": "16/08/2016", "HOLE_ENDD": "06/09/2016", "HOLE_REM": "1. Inspection pit was dug to 1.00m depth."}, "geometry": {"type": "LineString", "coordinates": [[114.19719169677512, 22.321600027267007, 3.1913827528636904], [114.19719172207758, 22.321600014312743, -60.378617106423604]]}}, {"id": "670", "type": "Feature", "properties": {"location_uid": "BH67_J3573-i9EY2Dvl1CqO", "HOLE_ID": "BH67", "HOLE_TYPE": "RCG", "HOLE_STAR": "20/09/2016", "HOLE_ENDD": "03/11/2016", "HOLE_REM": "1. Inspection pit was dug to 0.50m depth."}, "geometry": {"type": "LineString", "coordinates": [[114.19800293107588, 22.322219421741163, 2.3037649256603774], [114.19800296135413, 22.322219406239586, -73.7662349059907]]}}, {"id": "671", "type": "Feature", "properties": {"location_uid": "BH68_J3573-i9EY2Dvl1CqO", "HOLE_ID": "BH68", "HOLE_TYPE": "RCG", "HOLE_STAR": "22/09/2016", "HOLE_ENDD": "29/09/2016", "HOLE_REM": "1. Inspection pit was dug to 0.45m depth."}, "geometry": {"type": "LineString", "coordinates": [[114.19829833501346, 22.322516128110365, 2.3144842582588034], [114.19829837431942, 22.322516107986978, -96.43551552323063]]}}, {"id": "672", "type": "Feature", "properties": {"location_uid": "BH69_J3573-i9EY2Dvl1CqO", "HOLE_ID": "BH69", "HOLE_TYPE": "RCG", "HOLE_STAR": "10/09/2016", "HOLE_ENDD": "22/09/2016", "HOLE_REM": "1. Inspection pit was dug to 0.50m depth.  2. Piezometers were installed at 17.00m and 30.00m depths."}, "geometry": {"type": "LineString", "coordinates": [[114.19863877355922, 22.322790070735564, 2.0554523095713555], [114.19863880915169, 22.32279005251348, -87.36454749258294]]}}, {"id": "673", "type": "Feature", "properties": {"location_uid": "BH71_J3573-i9EY2Dvl1CqO", "HOLE_ID": "BH71", "HOLE_TYPE": "RCG", "HOLE_STAR": "19/09/2016", "HOLE_ENDD": "22/09/2016", "HOLE_REM": "1. Inspection pit was dug to 0.50m depth."}, "geometry": {"type": "LineString", "coordinates": [[114.19701347810198, 22.320825495651828, 3.1321700579624694], [114.19701349983394, 22.3208254845254, -51.46782982109565]]}}, {"id": "674", "type": "Feature", "properties": {"location_uid": "BH72_J3573-i9EY2Dvl1CqO", "HOLE_ID": "BH72", "HOLE_TYPE": "RCG", "HOLE_STAR": "16/08/2016", "HOLE_ENDD": "07/09/2016", "HOLE_REM": "1. Inspection pit was dug to 0.70m depth."}, "geometry": {"type": "LineString", "coordinates": [[114.19719706628612, 22.32114705219451, 3.652337864466783], [114.19719708899731, 22.321147040566796, -53.4076620091715]]}}, {"id": "675", "type": "Feature", "properties": {"location_uid": "BH73_J3573-i9EY2Dvl1CqO", "HOLE_ID": "BH73", "HOLE_TYPE": "RCG", "HOLE_STAR": "29/09/2016", "HOLE_ENDD": "07/10/2016", "HOLE_REM": "1. Inspection pit was dug to 0.50m depth."}, "geometry": {"type": "LineString", "coordinates": [[114.19775238243531, 22.321351885495964, 3.044421679088649], [114.1977524061617, 22.32135187334855, -56.565578188890655]]}}, {"id": "676", "type": "Feature", "properties": {"location_uid": "BH74_J3573-i9EY2Dvl1CqO", "HOLE_ID": "BH74", "HOLE_TYPE": "RCG", "HOLE_STAR": "29/09/2016", "HOLE_ENDD": "09/11/2016", "HOLE_REM": "1. Inspection pit was dug to 0.50m depth."}, "geometry": {"type": "LineString", "coordinates": [[114.19812281567424, 22.32166826903708, 2.2154406550709176], [114.1981228439344, 22.32166825456856, -68.78455918770165]]}}, {"id": "677", "type": "Feature", "properties": {"location_uid": "BH75_J3573-i9EY2Dvl1CqO", "HOLE_ID": "BH75", "HOLE_TYPE": "RCG", "HOLE_STAR": "29/09/2016", "HOLE_ENDD": "29/10/2016", "HOLE_REM": "1. Inspection pit was dug to 0.60m depth."}, "geometry": {"type": "LineString", "coordinates": [[114.19830940823314, 22.32193437590107, 1.9557333812922786], [114.19830943845571, 22.321934360427903, -73.97426645059186]]}}, {"id": "678", "type": "Feature", "properties": {"location_uid": "BH76_J3573-i9EY2Dvl1CqO", "HOLE_ID": "BH76", "HOLE_TYPE": "RCG", "HOLE_STAR": "20/09/2016", "HOLE_ENDD": "25/10/2016", "HOLE_REM": "1. Inspection pit was dug to 0.40m depth."}, "geometry": {"type": "LineString", "coordinates": [[114.1986226678123, 22.322207690151675, 2.2565813872473584], [114.19862270096861, 22.322207673176614, -81.0434184283391]]}}, {"id": "679", "type": "Feature", "properties": {"location_uid": "BH77_J3573-i9EY2Dvl1CqO", "HOLE_ID": "BH77", "HOLE_TYPE": "RCG", "HOLE_STAR": "04/11/2016", "HOLE_ENDD": "18/11/2016", "HOLE_REM": "1. Inspection pit was dug to 0.50m depth."}, "geometry": {"type": "LineString", "coordinates": [[114.19905132872069, 22.322441253461292, 2.798030300374839], [114.19905135961633, 22.3224412376437, -74.8219695277881]]}}, {"id": "680", "type": "Feature", "properties": {"location_uid": "BH78_J3573-i9EY2Dvl1CqO", "HOLE_ID": "BH78", "HOLE_TYPE": "RCG", "HOLE_STAR": "07/09/2016", "HOLE_ENDD": "04/10/2016", "HOLE_REM": "1. Inspection pit was dug to 0.70m depth."}, "geometry": {"type": "LineString", "coordinates": [[114.19905583561756, 22.32331920678395, 2.6062369965422283], [114.19905586020839, 22.323319194194447, -59.17376286681067]]}}, {"id": "681", "type": "Feature", "properties": {"location_uid": "BH79_J3573-i9EY2Dvl1CqO", "HOLE_ID": "BH79", "HOLE_TYPE": "RCG", "HOLE_STAR": "20/09/2016", "HOLE_ENDD": "28/09/2016", "HOLE_REM": "1. Inspection pit was dug to 0.90m depth.  2. Standpipe was installed at 10.00m depth.  3. Piezometer was installed at 19.00m depth."}, "geometry": {"type": "LineString", "coordinates": [[114.19760450390943, 22.32032756440991, 3.0858621206129997], [114.19760452424839, 22.320327553996574, -48.014137766104064]]}}, {"id": "682", "type": "Feature", "properties": {"location_uid": "BH80_J3573-i9EY2Dvl1CqO", "HOLE_ID": "BH80", "HOLE_TYPE": "RCG", "HOLE_STAR": "29/09/2016", "HOLE_ENDD": "14/11/2016", "HOLE_REM": "1. Inspection pit was dug to 0.50m depth."}, "geometry": {"type": "LineString", "coordinates": [[114.19840474544259, 22.321452310306935, 2.1571570989550874], [114.1984047766562, 22.32145229432624, -76.26284272732131]]}}, {"id": "683", "type": "Feature", "properties": {"location_uid": "BH81_J3573-i9EY2Dvl1CqO", "HOLE_ID": "BH81", "HOLE_TYPE": "RCG", "HOLE_STAR": "04/11/2016", "HOLE_ENDD": "25/11/2016", "HOLE_REM": "1. Inspection pit was dug to 0.50m depth."}, "geometry": {"type": "LineString", "coordinates": [[114.19884967043022, 22.322052152765828, 2.567925287627538], [114.19884970018335, 22.322052137533056, -72.182074546841]]}}, {"id": "684", "type": "Feature", "properties": {"location_uid": "BH82_J3573-i9EY2Dvl1CqO", "HOLE_ID": "BH82", "HOLE_TYPE": "RCG", "HOLE_STAR": "07/09/2016", "HOLE_ENDD": "15/10/2016", "HOLE_REM": "1. Inspection pit was dug to 0.80m depth."}, "geometry": {"type": "LineString", "coordinates": [[114.19891019050317, 22.322993764388187, 3.406253702564517], [114.19891022062669, 22.32299374896608, -72.27374613000063]]}}, {"id": "685", "type": "Feature", "properties": {"location_uid": "MBH 4_GE/2010/02.50-00pVnZY2/MCR", "HOLE_ID": "MBH 4", "HOLE_TYPE": "RCG", "HOLE_STAR": "13/02/2012", "HOLE_ENDD": "17/02/2012", "HOLE_REM": "1. Vane shear tests were carried out at 2.50m and 4.50m depths."}, "geometry": {"type": "LineString", "coordinates": [[114.1955377174843, 22.317503495332097, -7.787695405746229], [114.1955377431, 22.317503482216367, -72.1476952628125]]}}, {"id": "686", "type": "Feature", "properties": {"location_uid": "MBH 6_GE/2010/02.50-00pVnZY2/MCR", "HOLE_ID": "MBH 6", "HOLE_TYPE": "RCG", "HOLE_STAR": "28/01/2012", "HOLE_ENDD": "06/02/2012", "HOLE_REM": "1. Vane shear tests were carried out at 2.50m and 4.50m depths."}, "geometry": {"type": "LineString", "coordinates": [[114.19605621408583, 22.31900341687305, -6.388417962232252], [114.1960562381497, 22.319003404552262, -66.8484178281285]]}}, {"id": "687", "type": "Feature", "properties": {"location_uid": "MBH 7_GE/2010/02.50-00pVnZY2/MCR", "HOLE_ID": "MBH 7", "HOLE_TYPE": "RCG", "HOLE_STAR": "08/02/2012", "HOLE_ENDD": "11/02/2012", "HOLE_REM": "1. Vane shear tests were carried out at 2.50m and 4.50m depths."}, "geometry": {"type": "LineString", "coordinates": [[114.196544316387, 22.318245691402275, -6.084655451893724], [114.19654433598912, 22.318245681365767, -55.33465534254125]]}}, {"id": "688", "type": "Feature", "properties": {"location_uid": "MBH 9_GE/2010/02.50-00pVnZY2/MCR", "HOLE_ID": "MBH 9", "HOLE_TYPE": "RCG", "HOLE_STAR": "18/02/2012", "HOLE_ENDD": "22/02/2012", "HOLE_REM": "1. Vane shear tests were carried out at 2.50m and 4.50m depths."}, "geometry": {"type": "LineString", "coordinates": [[114.19755673012327, 22.31885964618716, -3.281333933115372], [114.19755674883812, 22.318859636605076, -50.301333828723266]]}}, {"id": "689", "type": "Feature", "properties": {"location_uid": "MBH10_GE/2010/02.50-00pVnZY2/MCR", "HOLE_ID": "MBH10", "HOLE_TYPE": "RCG", "HOLE_STAR": "24/02/2012", "HOLE_ENDD": "27/02/2012", "HOLE_REM": "1. Vane shear tests were carried out at 2.50m and 4.50m depths."}, "geometry": {"type": "LineString", "coordinates": [[114.19547677812399, 22.319069407903758, -6.291174273832004], [114.19547679616973, 22.319069398664283, -51.63117417330374]]}}, {"id": "690", "type": "Feature", "properties": {"location_uid": "MBH13_GE/2010/02.50-00pVnZY2/MCR", "HOLE_ID": "MBH13", "HOLE_TYPE": "RCG", "HOLE_STAR": "28/02/2012", "HOLE_ENDD": "02/03/2012", "HOLE_REM": "1. Vane shear tests were carried out at 1.50m, 2.50m, 3.50m, 4.50m and 5.50m depths."}, "geometry": {"type": "LineString", "coordinates": [[114.19662989938506, 22.319465714794628, -3.7867711919962543], [114.19662991705694, 22.319465705746644, -48.1867710935313]]}}, {"id": "691", "type": "Feature", "properties": {"location_uid": "B1_GE/2005/03.57-/lsCZ1XI5byy", "HOLE_ID": "B1", "HOLE_TYPE": "IP+W", "HOLE_STAR": "07/02/2007", "HOLE_ENDD": "07/02/2007", "HOLE_REM": "1. Inspection pit was excavated to a depth of 1.50m.  2. Environmental soil sample taken from 0.00m to 0.70m on the 01/02/07.  3. Groundwater monitoring well installed to a depth of 6.00m.  4.Environmental water sample taken from the monitoring well on the 13/02/07 when the water level stood at 4.34m."}, "geometry": {"type": "LineString", "coordinates": [[114.21657940203889, 22.304191034874748, 3.1913589119405095], [114.2165794044273, 22.30419103365152, -2.808641075929131]]}}, {"id": "692", "type": "Feature", "properties": {"location_uid": "B10_GE/2005/03.57-/lsCZ1XI5byy", "HOLE_ID": "B10", "HOLE_TYPE": "IP+W", "HOLE_STAR": "03/02/2007", "HOLE_ENDD": "03/02/2007", "HOLE_REM": "1. Inspection pit was excavated to a depth of 1.50m.  2. Environmental soil sample taken from 0.00m to 0.50m on the 31/01/07.  3. Groundwater monitoring well installed to a depth of 6.00m.  4. Environmental water sample taken from the monitoring well on the 09/02/07 when the water level was measured at 3.35m below ground level."}, "geometry": {"type": "LineString", "coordinates": [[114.20924831301342, 22.311778916437664, 2.4960595156744567], [114.20924831540175, 22.311778915214667, -3.5039404722592273]]}}, {"id": "693", "type": "Feature", "properties": {"location_uid": "B11_GE/2005/03.57-/lsCZ1XI5byy", "HOLE_ID": "B11", "HOLE_TYPE": "IP+W", "HOLE_STAR": "02/02/2007", "HOLE_ENDD": "02/02/2007", "HOLE_REM": "1. Inspection pit was excavated to a depth of 1.50m.  2. Environmental soil sample taken from 0.00m to 0.50m on the 30/01/07.  3. Groundwater monitoring well installed to a depth of 6.00m.  4. Environmental water sample taken from the monitoring well on the 09/02/07 when the water level was measured at 3.66m below ground level."}, "geometry": {"type": "LineString", "coordinates": [[114.20915573591834, 22.31014873054072, 2.809149542515207], [114.20915573830662, 22.310148729317692, -3.1908504454099043]]}}, {"id": "694", "type": "Feature", "properties": {"location_uid": "B12_GE/2005/03.57-/lsCZ1XI5byy", "HOLE_ID": "B12", "HOLE_TYPE": "IP+W", "HOLE_STAR": "02/02/2007", "HOLE_ENDD": "02/02/2007", "HOLE_REM": "1. Inspection pit was excavated to a depth of 1.50m.  2. Environmental soil sample taken from 0.00m to 0.50m on the 31/01/07.  3. Groundwater monitoring well installed to a depth of 6.00m.  4. Environmental water sample taken from the monitoring well on the 06/02/07 when the water level was measured at 3.50m below ground level."}, "geometry": {"type": "LineString", "coordinates": [[114.20817084118492, 22.312766353612602, 2.619597504536977], [114.20817084357323, 22.312766352389637, -3.3804024819831135]]}}, {"id": "695", "type": "Feature", "properties": {"location_uid": "B13_GE/2005/03.57-/lsCZ1XI5byy", "HOLE_ID": "B13", "HOLE_TYPE": "IP+W", "HOLE_STAR": "01/02/2007", "HOLE_ENDD": "01/02/2007", "HOLE_REM": "1. Inspection pit was excavated to a depth of 1.50m.  2. Environmental soil sample taken from 0.00m to 0.50m on the 26/01/07.  3. Groundwater monitoring well installed to a depth of 6.00m.  4. Environmental water sample taken from the monitoring well on the 06/02/07 when the water level was measured at 4.15m below ground level."}, "geometry": {"type": "LineString", "coordinates": [[114.20747397343081, 22.311822518158948, 3.378415199376256], [114.20747397581907, 22.311822516935983, -2.6215847871359843]]}}, {"id": "696", "type": "Feature", "properties": {"location_uid": "B14_GE/2005/03.57-/lsCZ1XI5byy", "HOLE_ID": "B14", "HOLE_TYPE": "IP+W", "HOLE_STAR": "12/02/2007", "HOLE_ENDD": "12/02/2007", "HOLE_REM": "1. Inspection pit was excavated to a depth of 1.50m.  2. Environmental soil sample taken from 0.00m to 0.50m on the 12/02/07.  3. Groundwater monitoring well installed to a depth of 6.00m.  4. Environmental water sample taken from the monitoring well on the 15/02/07 when the water level was measured at 3.30m below ground level."}, "geometry": {"type": "LineString", "coordinates": [[114.20698621814178, 22.31381629518765, 2.5119794929703287], [114.20698622053007, 22.313816293964717, -3.488020493572618]]}}, {"id": "697", "type": "Feature", "properties": {"location_uid": "B15_GE/2005/03.57-/lsCZ1XI5byy", "HOLE_ID": "B15", "HOLE_TYPE": "IP+W", "HOLE_STAR": "31/01/2007", "HOLE_ENDD": "31/01/2007", "HOLE_REM": "1. Inspection pit was excavated to a depth of 1.50m.  2. Environmental soil sample taken from 0.00m to 0.50m on the 26/01/07.  3. Groundwater monitoring well installed to a depth of 6.00m.  4. Environmental water sample taken from the monitoring well on the 05/02/07 when the water level was measured at 3.45m below ground level."}, "geometry": {"type": "LineString", "coordinates": [[114.20596228963602, 22.312931664205596, 2.9091792504258547], [114.20596229202428, 22.312931662982674, -3.0908207361122466]]}}, {"id": "698", "type": "Feature", "properties": {"location_uid": "B16_GE/2005/03.57-/lsCZ1XI5byy", "HOLE_ID": "B16", "HOLE_TYPE": "IP+W", "HOLE_STAR": "01/02/2007", "HOLE_ENDD": "01/02/2007", "HOLE_REM": "1. Inspection pit was excavated to a depth of 1.50m.  2. Environmental soil sample taken from 0.00m to 0.60m on the 26/01/07.  3. Groundwater monitoring well installed to a depth of 6.00m.  4. Environmental water sample taken from the monitoring well on the 03/02/07 when the water level was measured at 3.30m below ground level."}, "geometry": {"type": "LineString", "coordinates": [[114.20506818426392, 22.315180170625364, 2.240381130500244], [114.20506818665217, 22.315180169402485, -3.759618856075101]]}}, {"id": "699", "type": "Feature", "properties": {"location_uid": "B17_GE/2005/03.57-/lsCZ1XI5byy", "HOLE_ID": "B17", "HOLE_TYPE": "IP+W", "HOLE_STAR": "31/01/2007", "HOLE_ENDD": "31/01/2007", "HOLE_REM": "1. Inspection pit was excavated to a depth of 1.50m.  2. Environmental soil sample taken from 0.00m to 0.50m on the 26/01/07.  3. Groundwater monitoring well installed to a depth of 6.00m.  4. Environmental water sample taken from the monitoring well on the 03/02/07 when the water level was measured at 4.07m below ground level."}, "geometry": {"type": "LineString", "coordinates": [[114.20427129851888, 22.314431490386355, 3.3183275252763234], [114.2042713009071, 22.314431489163457, -2.6816724612942866]]}}, {"id": "700", "type": "Feature", "properties": {"location_uid": "B18_GE/2005/03.57-/lsCZ1XI5byy", "HOLE_ID": "B18", "HOLE_TYPE": "IP+W", "HOLE_STAR": "30/01/2007", "HOLE_ENDD": "30/01/2007", "HOLE_REM": "1. Inspection pit was excavated to a depth of 1.50m.  2. Environmental soil sample taken from 0.00m to 0.50m on the 25/01/07.  3. Groundwater monitoring well installed to a depth of 6.00m.  4. Environmental water sample taken from the monitoring well on the 02/02/07 when the water level was measured at 3.55m below ground level."}, "geometry": {"type": "LineString", "coordinates": [[114.20354549172963, 22.316874388218974, 2.70991590254902], [114.20354549411786, 22.31687438699614, -3.2900840840600476]]}}, {"id": "701", "type": "Feature", "properties": {"location_uid": "B19_GE/2005/03.57-/lsCZ1XI5byy", "HOLE_ID": "B19", "HOLE_TYPE": "IP+W", "HOLE_STAR": "27/01/2007", "HOLE_ENDD": "27/01/2007", "HOLE_REM": "1. Inspection pit was excavated to a depth of 1.50m.  2. Environmental soil sample taken from 0.00m to 0.50m on the 25/01/07.  3. Groundwater monitoring well installed to a depth of 3.80m."}, "geometry": {"type": "LineString", "coordinates": [[114.20266014078003, 22.315883514048522, 3.3379671302903278], [114.20266014229254, 22.31588351327406, -0.4620328612242326]]}}, {"id": "702", "type": "Feature", "properties": {"location_uid": "B19A_GE/2005/03.57-/lsCZ1XI5byy", "HOLE_ID": "B19A", "HOLE_TYPE": "IP+W", "HOLE_STAR": "13/02/2007", "HOLE_ENDD": "13/02/2007", "HOLE_REM": "1. Inspection pit was excavated to a depth of 1.50m.  2.Environmental soil sample taken from 0.00m to 0.50m on the 13/02/07.  3. Groundwater monitoring well installed to a depth of 6.00m.4. Environmental water sample taken from the monitoring well on the 16/02/07 when the water level was measured at 4.20m below groundlevel."}, "geometry": {"type": "LineString", "coordinates": [[114.20273078645403, 22.315818572794154, 3.3984235061215884], [114.20273078884222, 22.315818571571313, -2.601576480479226]]}}, {"id": "703", "type": "Feature", "properties": {"location_uid": "B2_GE/2005/03.57-/lsCZ1XI5byy", "HOLE_ID": "B2", "HOLE_TYPE": "IP+W+RCG", "HOLE_STAR": "01/02/2007", "HOLE_ENDD": "08/02/2007", "HOLE_REM": "1. Inspection pit was excavated to a depth of 1.50m.  2. Environmental soil sample taken from 0.00m to 0.40m on the 01/02/07.  3. Groundwater monitoring well installed to a depth of 6.00m.4. Environmental water sample taken from the monitoring well on the 13/02/07 when the water level was measured at 3.55m below ground level."}, "geometry": {"type": "LineString", "coordinates": [[114.21608115209678, 22.305928464656173, 2.71566121754717], [114.2160811544852, 22.305928463432977, -3.2843387703336315]]}}, {"id": "704", "type": "Feature", "properties": {"location_uid": "B20_GE/2005/03.57-/lsCZ1XI5byy", "HOLE_ID": "B20", "HOLE_TYPE": "IP+W", "HOLE_STAR": "26/01/2007", "HOLE_ENDD": "26/01/2007", "HOLE_REM": "1. Inspection pit was excavated to a depth of 1.50m.  2. Environmental soil sample taken from 0.00m to 0.50m on the 25/01/07.  3. Groundwater monitoring well installed to a depth of 3.30m."}, "geometry": {"type": "LineString", "coordinates": [[114.20182726321636, 22.31844201232926, 2.2888586354856773], [114.20182726492793, 22.318442011452923, -2.011141354941482]]}}, {"id": "705", "type": "Feature", "properties": {"location_uid": "B20A_GE/2005/03.57-/lsCZ1XI5byy", "HOLE_ID": "B20A", "HOLE_TYPE": "IP+W", "HOLE_STAR": "13/02/2007", "HOLE_ENDD": "14/02/2007", "HOLE_REM": "1. Inspection pit was excavated to a depth of 1.50m.  2.Environmental soil sample taken from 0.00m to 0.50m on the 13/02/07.  3. Groundwater monitoring well installed to a depth of 6.00m.4. Environmental water sample taken from the monitoring well on the 15/02/07 when the water level was measured at 3.38m below groundlevel."}, "geometry": {"type": "LineString", "coordinates": [[114.20187219350362, 22.318397394297833, 2.489154930101181], [114.20187219589184, 22.31839739307505, -3.510845056540705]]}}, {"id": "706", "type": "Feature", "properties": {"location_uid": "B21_GE/2005/03.57-/lsCZ1XI5byy", "HOLE_ID": "B21", "HOLE_TYPE": "IP+W", "HOLE_STAR": "29/01/2007", "HOLE_ENDD": "29/01/2007", "HOLE_REM": "1. Inspection pit was excavated to a depth of 1.50m.  2. Environmental soil sample taken from 0.00m to 0.50m on the 25/01/07.  3. Groundwater monitoring well installed to a depth of 6.00m.  4. Environmental water sample taken from the monitoring well on the 01/02/07 when the water level was measured at 4.25m below ground level."}, "geometry": {"type": "LineString", "coordinates": [[114.20067960401082, 22.317677203681434, 3.4252499716258895], [114.20067960639896, 22.317677202458658, -2.574750015015053]]}}, {"id": "707", "type": "Feature", "properties": {"location_uid": "B22_GE/2005/03.57-/lsCZ1XI5byy", "HOLE_ID": "B22", "HOLE_TYPE": "IP+W", "HOLE_STAR": "29/01/2007", "HOLE_ENDD": "29/01/2007", "HOLE_REM": "1. Inspection pit was excavated to a depth of 1.50m.  2. Environmental soil sample taken from 0.00m to 0.50m on the 25/01/07.  3. Groundwater monitoring well installed to a depth of 6.00m.  4. Environmental water sample taken from the monitoring well on the 02/02/07 when the water level was measured at 3.55m below ground level."}, "geometry": {"type": "LineString", "coordinates": [[114.20082556947965, 22.319317138025966, 2.5825071685792005], [114.20082557186784, 22.319317136803203, -3.4174928180826205]]}}, {"id": "708", "type": "Feature", "properties": {"location_uid": "B23_GE/2005/03.57-/lsCZ1XI5byy", "HOLE_ID": "B23", "HOLE_TYPE": "IP+W", "HOLE_STAR": "30/01/2007", "HOLE_ENDD": "30/01/2007", "HOLE_REM": "1. Inspection pit was excavated to a depth of 1.50m.  2. Environmental soil sample taken from 0.00m to 0.50m on the 25/01/07.  3. Groundwater monitoring well installed to a depth of 6.00m.  4. Environmental water sample taken from the monitoring well on the 01/02/07 when the water level was measured at 4.25m below ground level."}, "geometry": {"type": "LineString", "coordinates": [[114.19959736450225, 22.318643994178522, 3.4183456367972727], [114.19959736689042, 22.318643992955774, -2.581654349864497]]}}, {"id": "709", "type": "Feature", "properties": {"location_uid": "B24A_GE/2005/03.57-/lsCZ1XI5byy", "HOLE_ID": "B24A", "HOLE_TYPE": "IP+W", "HOLE_STAR": "12/02/2007", "HOLE_ENDD": "13/02/2007", "HOLE_REM": "1. Inspection pit excavated at the original location (B24) to a depth of 1.20m encountered concrete to 0.60m and soil fill to 1.20m. Hard strata encountered at 1.20m. Location abandoned. Environmental soil sample taken 0.00 - 0.70m.  2. Inspection pit was excavated to a depth of 1.50m.  3. Groundwater monitoring well installed to a depth of 6.00m.  4. Environmental water sample taken from the monitoring well on the 16/02/07 when the water level was measured at 1.75m below ground level."}, "geometry": {"type": "LineString", "coordinates": [[114.19996060612831, 22.320687385165428, 1.6857580229438502], [114.1999606085165, 22.320687383942715, -4.314241963742832]]}}, {"id": "710", "type": "Feature", "properties": {"location_uid": "B25_GE/2005/03.57-/lsCZ1XI5byy", "HOLE_ID": "B25", "HOLE_TYPE": "IP+W", "HOLE_STAR": "05/02/2007", "HOLE_ENDD": "05/02/2007", "HOLE_REM": "1. Inspection pit was excavated to a depth of 1.50m.  2. Groundwater monitoring well installed to a depth of 6.00m.  3. Environmental water sample taken from the monitoring well on the 10/02/07 when the water level was measured at 3.05m below ground level."}, "geometry": {"type": "LineString", "coordinates": [[114.19981164266036, 22.32143098540262, 2.1435462688575124], [114.19981164504856, 22.321430984179905, -3.8564537178403766]]}}, {"id": "711", "type": "Feature", "properties": {"location_uid": "B26_GE/2005/03.57-/lsCZ1XI5byy", "HOLE_ID": "B26", "HOLE_TYPE": "IP+W", "HOLE_STAR": "15/02/2007", "HOLE_ENDD": "16/02/2007", "HOLE_REM": "1. Inspection pit was excavated to a depth of 1.50m.  2. Environmental soil sample taken from 0.00m to 0.70m on the 15/02/07.  3. Groundwater monitoring well installed to a depth of 6.00m.  4. Environmental water sample taken from the monitoring well on the 23/02/07 when the water level was measured at 2.83m below ground level."}, "geometry": {"type": "LineString", "coordinates": [[114.20030029177889, 22.321691718890843, 2.1552096492495765], [114.20030029416712, 22.32169171766813, -3.844790337448496]]}}, {"id": "712", "type": "Feature", "properties": {"location_uid": "B27_GE/2005/03.57-/lsCZ1XI5byy", "HOLE_ID": "B27", "HOLE_TYPE": "IP+W+RCG", "HOLE_STAR": "03/02/2007", "HOLE_ENDD": "03/02/2007", "HOLE_REM": "1. Inspection pit was excavated to a depth of 1.50m.2. Environmental soil sample taken from 0.00m to 0.80m on the 31/01/07.  3. Groundwater monitoring well installed to a depth of 6.00m.  4. Environmental water sample taken from the monitoring well on the 10/02/07 when the water level was measured at 4.45m below ground level."}, "geometry": {"type": "LineString", "coordinates": [[114.20052480214859, 22.321737200428476, 2.2161275361960384], [114.20052480453683, 22.321737199205764, -3.783872450500914]]}}, {"id": "713", "type": "Feature", "properties": {"location_uid": "B28_GE/2005/03.57-/lsCZ1XI5byy", "HOLE_ID": "B28", "HOLE_TYPE": "IP+W", "HOLE_STAR": "05/02/2007", "HOLE_ENDD": "05/02/2007", "HOLE_REM": "1. Inspection pit was excavated to a depth of 1.50m.  2. Environmental soil sample taken from 0.00m to 0.85m on the 31/01/07.  3. Groundwater monitoring well installed to a depth of 6.00m.  4. Environmental water sample taken from the monitoring well on the 10/02/07 when the water level was measured at 5.18m below ground level."}, "geometry": {"type": "LineString", "coordinates": [[114.20068997992327, 22.322188886520493, 2.935934928544709], [114.20068998231152, 22.322188885297784, -3.0640650581573925]]}}, {"id": "714", "type": "Feature", "properties": {"location_uid": "B29_GE/2005/03.57-/lsCZ1XI5byy", "HOLE_ID": "B29", "HOLE_TYPE": "IP+W", "HOLE_STAR": "02/02/2007", "HOLE_ENDD": "02/02/2007", "HOLE_REM": "1. Inspection pit was excavated to a depth of 1.50m.  2. Environmental soil sample taken from 0.00m to 0.80m on the 30/01/07.  3. Groundwater monitoring well installed to a depth of 6.00m.  4. Environmental water sample taken from the monitoring well on the 07/02/07 when the water level was measured at 3.91m below ground level."}, "geometry": {"type": "LineString", "coordinates": [[114.20088241209655, 22.323083247841037, 3.334945127258039], [114.20088241448482, 22.323083246618346, -2.665054859455019]]}}, {"id": "715", "type": "Feature", "properties": {"location_uid": "B3_GE/2005/03.57-/lsCZ1XI5byy", "HOLE_ID": "B3", "HOLE_TYPE": "IP+W", "HOLE_STAR": "15/02/2007", "HOLE_ENDD": "15/02/2007", "HOLE_REM": "1. 2nos. inspection pits were excavated to a depth of 1.50m.  2. Environmental soil sample taken from 0.00m to 1.20m.  3. Environmental water sample taken from the monitoring well on the 24/02/07 when the water level was measured at 3.80 below ground level.  4. Groundwater monitoring well installed to a depth of 6.00m."}, "geometry": {"type": "LineString", "coordinates": [[114.21544345858229, 22.304960175509073, 4.065191054952271], [114.21544346097068, 22.304960174285878, -1.9348089329249496]]}}, {"id": "716", "type": "Feature", "properties": {"location_uid": "B30_GE/2005/03.57-/lsCZ1XI5byy", "HOLE_ID": "B30", "HOLE_TYPE": "IP+W", "HOLE_STAR": "31/01/2007", "HOLE_ENDD": "31/01/2007", "HOLE_REM": "1. Inspection pit was excavated to a depth of 1.50m.  2. Environmental soil sample taken from 0.00m to 0.75m on the 30/01/07.  3. Groundwater monitoring well installed to a depth of 6.00m.  4. Environmental water sample taken from the monitoring well on the 07/02/07 when the water level was measured at 4.20m below ground level."}, "geometry": {"type": "LineString", "coordinates": [[114.20102882823434, 22.323351976426295, 3.4450459369650925], [114.2010288306226, 22.323351975203586, -2.554954049750575]]}}, {"id": "717", "type": "Feature", "properties": {"location_uid": "B31_GE/2005/03.57-/lsCZ1XI5byy", "HOLE_ID": "B31", "HOLE_TYPE": "IP+W", "HOLE_STAR": "12/02/2007", "HOLE_ENDD": "15/02/2007", "HOLE_REM": "1. Inspection pit was excavated to a depth of 1.50m.  2. Environmental soil sample taken from 0.00 - 0.50m on the 12/02/07.  3. Groundwater monitoring well installed to a depth of 6.00m.  4.Environmental water sample taken from the monitoring well on the 23/02/07 when the water level was measured at 3.82m below ground level."}, "geometry": {"type": "LineString", "coordinates": [[114.20212237013712, 22.32463189539887, 3.03729944378076], [114.20212237252544, 22.324631894176182, -2.9627005429442783]]}}, {"id": "718", "type": "Feature", "properties": {"location_uid": "B32_GE/2005/03.57-/lsCZ1XI5byy", "HOLE_ID": "B32", "HOLE_TYPE": "IP+W+RCG", "HOLE_STAR": "08/03/2007", "HOLE_ENDD": "21/03/2007", "HOLE_REM": "1. Inspection pit was excavated to a depth of 1.50m.2. Environmental soil sample taken from 0.00 - 0.50m on the 08/03/07.  3. Groundwater monitoring well installed to a depth of 6.00m.4. Environmental water sample taken from the monitoring well on the 26/03/07 when the water level was measured at 3.95m below groundlevel."}, "geometry": {"type": "LineString", "coordinates": [[114.20261609209606, 22.324947075397873, 2.8088596217355524], [114.20261609448441, 22.32494707417517, -3.19114036499013]]}}, {"id": "719", "type": "Feature", "properties": {"location_uid": "B33_GE/2005/03.57-/lsCZ1XI5byy", "HOLE_ID": "B33", "HOLE_TYPE": "IP+W", "HOLE_STAR": "08/03/2007", "HOLE_ENDD": "20/03/2007", "HOLE_REM": "1. Inspection pit was excavated to a depth of 1.20m.  2. Environmental soil sample taken from 0.00 - 0.50m on the 08/03/07.  3. Groundwater monitoring well installed to a depth of 6.00m.  4.Environmental water sample taken from the monitoring well on the 26/03/07 when the water level was measured at 3.34m below ground level."}, "geometry": {"type": "LineString", "coordinates": [[114.2026274075963, 22.324724921182813, 3.0393738767933556], [114.20262740998463, 22.32472491996011, -2.9606261099292106]]}}, {"id": "720", "type": "Feature", "properties": {"location_uid": "B4_GE/2005/03.57-/lsCZ1XI5byy", "HOLE_ID": "B4", "HOLE_TYPE": "IP+W", "HOLE_STAR": "06/02/2007", "HOLE_ENDD": "06/02/2007", "HOLE_REM": "1. Inspection pit was excavated to a depth of 1.50m.  2. Environmental soil sample taken from 0.00m to 1.00m on the 01/02/07.  3. Groundwater monitoring well installed to a depth of 6.00m.  4.Environmental water sample taken from the monitoring well on the 08/02/07 when the water level was measured at 3.52m below ground level."}, "geometry": {"type": "LineString", "coordinates": [[114.21430081198467, 22.30793024880751, 2.7243065390882317], [114.21430081437308, 22.307930247584377, -3.275693448809142]]}}, {"id": "721", "type": "Feature", "properties": {"location_uid": "B5_GE/2005/03.57-/lsCZ1XI5byy", "HOLE_ID": "B5", "HOLE_TYPE": "IP+W+RCG", "HOLE_STAR": "08/02/2007", "HOLE_ENDD": "08/02/2007", "HOLE_REM": "1. An inspection was excavated to a depth of 1.50m on the 03/02/07 at the orginal drillhole location. As a concrete slab was not encountered the drillhole was relocated in accordance withthe Engineers instruction.  2. The drillhole encountered reinforced concrete from 0.40m to 0.70m. The drillhole was terminated at this depth in accordance with the Engineers instruction.  3. Inspection pit was excavated to a depth of 0.20m."}, "geometry": {"type": "LineString", "coordinates": [[114.21379985450538, 22.305439632004806, 3.0376241576098364], [114.21379985478403, 22.305439631862107, 2.337624159023314]]}}, {"id": "722", "type": "Feature", "properties": {"location_uid": "B5A_GE/2005/03.57-/lsCZ1XI5byy", "HOLE_ID": "B5A", "HOLE_TYPE": "IP+W", "HOLE_STAR": "10/02/2007", "HOLE_ENDD": "10/02/2007", "HOLE_REM": "1. Inspection pit was excavated to a depth of 1.50m.  2. An environmental soil sample was taken from 0.00m to 0.70m.  3. Groundwater monitoring well installed to a depth of 6.00m.  4. Environmental water sample taken from the monitoring well on the 13/02/07 when the water level was measured at 4.67m below ground level."}, "geometry": {"type": "LineString", "coordinates": [[114.21462742848524, 22.305906956043824, 3.799921614119938], [114.21462743087362, 22.30590695482065, -2.200078373764939]]}}, {"id": "723", "type": "Feature", "properties": {"location_uid": "B6A_GE/2005/03.57-/lsCZ1XI5byy", "HOLE_ID": "B6A", "HOLE_TYPE": "IP+W", "HOLE_STAR": "06/02/2007", "HOLE_ENDD": "06/02/2007", "HOLE_REM": "1. Inspection pit excavated at the original location (B6)to a depth of 0.60m encountered concrete to 0.30m and soil fill to 0.60m. Hard strata encountered at 0.60m. Location abandoned. Environmental soil sample taken 0.00 - 0.50m.  2. Inspection pit was excavated to a depth of 1.50m.  3. Groundwater monitoring well installed to a depth of 6.00m.  4. Environmental water sample taken from the monitoring well on the 08/02/07 when the water level was measured at 3.83m below ground level."}, "geometry": {"type": "LineString", "coordinates": [[114.21281288820903, 22.3089752461557, 2.776166801650142], [114.2128128905974, 22.308975244932604, -3.223833186257356]]}}, {"id": "724", "type": "Feature", "properties": {"location_uid": "B7A_GE/2005/03.57-/lsCZ1XI5byy", "HOLE_ID": "B7A", "HOLE_TYPE": "IP+W", "HOLE_STAR": "05/02/2007", "HOLE_ENDD": "05/02/2007", "HOLE_REM": "1. Inspection pit excavated at the original location (B7)to a depth of 0.70m encountered concrete to 0.30m and soil fill to 0.70m. Hard strata encountered at 0.70m. Location abandoned. Environmental soil sample taken 0.00 - 0.50m.  2. Inspection pit was excavated to a depth of 1.50m.  3. Groundwater monitoring well installed to a depth of 6.00m.  4. Environmental water sample taken from the monitoring well on the 08/02/07 when the water level was measured at 5.10m below ground level."}, "geometry": {"type": "LineString", "coordinates": [[114.21272179424862, 22.30684747504709, 3.3303350918372234], [114.21272179663697, 22.306847473823968, -2.669664896058811]]}}, {"id": "725", "type": "Feature", "properties": {"location_uid": "B8_GE/2005/03.57-/lsCZ1XI5byy", "HOLE_ID": "B8", "HOLE_TYPE": "IP+W", "HOLE_STAR": "05/02/2007", "HOLE_ENDD": "05/02/2007", "HOLE_REM": "1. Inspection pit was excavated to a depth of 1.50m.  2. Environmental soil sample taken from 0.00m to 0.50m on the 31/01/07.  3. Groundwater monitoring well installed to a depth of 6.00m.  4.Environmental water sample taken from the monitoring well on the 09/02/07 when the water level was measured at 3.35m below ground level."}, "geometry": {"type": "LineString", "coordinates": [[114.21061590844924, 22.310576031962817, 2.4940386488126802], [114.21061591083759, 22.310576030739778, -3.505961339110342]]}}, {"id": "726", "type": "Feature", "properties": {"location_uid": "B9_GE/2005/03.57-/lsCZ1XI5byy", "HOLE_ID": "B9", "HOLE_TYPE": "IP+W", "HOLE_STAR": "03/02/2007", "HOLE_ENDD": "03/02/2007", "HOLE_REM": "1. Inspection pit was excavated to a depth of 1.50m.  2. Environmental soil sample taken from 0.00m to 0.90m on the 30/01/07.  3. Groundwater monitoring well installed to a depth of 6.00m.  4.Environmental water sample taken from the monitoring well on the 09/02/07 when the water level was measured at 3.55m below ground level."}, "geometry": {"type": "LineString", "coordinates": [[114.21082170026385, 22.30872941103011, 2.628778806800092], [114.21082170265217, 22.308729409807047, -3.3712211811119563]]}}]}